Date,IE00B5L01S80,IE00BM67HM91,IE00BM67HP23,IE00BM67HL84,IE00BM67HK77,IE00BM67HV82,IE00BM67HS53,IE00BM67HN09,IE00BM67HT60,IE00BM67HQ30,IE00BM67HR47
2017-04-19,17.14963150024414,28.350000381469727,24.875,15.404999732971191,25.19499969482422,28.53499984741211,30.69499969482422,29.799999237060547,19.114999771118164,19.924999237060547,11.199999809265137
2017-04-20,17.114212036132812,28.15999984741211,24.875,15.454999923706055,25.094999313354492,28.53499984741211,30.68000030517578,29.799999237060547,19.03499984741211,19.645000457763672,11.149999618530273
2017-04-21,17.08437728881836,28.030000686645508,25.065000534057617,15.5649995803833,25.229999542236328,28.53499984741211,30.68000030517578,29.69499969482422,19.229999542236328,19.645000457763672,11.170000076293945
2017-04-24,16.95201873779297,27.959999084472656,25.065000534057617,15.70300006866455,25.149999618530273,28.53499984741211,30.68000030517578,29.614999771118164,19.1299991607666,19.854999542236328,11.170000076293945
2017-04-25,17.062007904052734,27.93000030517578,25.065000534057617,15.748000144958496,25.18000030517578,28.53499984741211,30.68000030517578,29.530000686645508,19.165000915527344,19.670000076293945,11.170000076293945
2017-04-26,17.07132911682129,28.299999237060547,25.31999969482422,15.885000228881836,25.405000686645508,28.53499984741211,31.065000534057617,29.59000015258789,19.280000686645508,19.670000076293945,11.09000015258789
2017-04-27,16.927776336669922,27.6299991607666,25.31999969482422,15.727999687194824,25.489999771118164,28.53499984741211,31.065000534057617,29.53499984741211,19.325000762939453,19.670000076293945,11.050000190734863
2017-04-28,16.793554306030273,27.739999771118164,25.225000381469727,15.657999992370605,25.434999465942383,28.860000610351562,31.065000534057617,29.395000457763672,19.344999313354492,19.700000762939453,11.050000190734863
2017-05-02,16.935232162475586,27.670000076293945,25.225000381469727,15.682999610900879,25.479999542236328,28.8799991607666,31.065000534057617,29.31999969482422,19.59000015258789,19.6299991607666,10.9399995803833
2017-05-03,16.801008224487305,27.559999465942383,25.155000686645508,15.6850004196167,25.520000457763672,28.8799991607666,31.065000534057617,29.270000457763672,19.5049991607666,19.65999984741211,10.890000343322754
2017-05-04,16.655590057373047,27.190000534057617,25.084999084472656,15.79800033569336,25.59000015258789,28.834999084472656,31.065000534057617,29.440000534057617,19.524999618530273,19.69499969482422,10.835000038146973
2017-05-05,16.78422737121582,27.40999984741211,25.084999084472656,15.755000114440918,25.485000610351562,28.834999084472656,31.065000534057617,29.440000534057617,19.450000762939453,19.69499969482422,10.835000038146973
2017-05-08,16.718978881835938,27.729999542236328,25.084999084472656,15.819999694824219,25.600000381469727,28.834999084472656,31.065000534057617,29.645000457763672,19.649999618530273,19.69499969482422,10.96500015258789
2017-05-09,16.718978881835938,27.790000915527344,25.469999313354492,15.829999923706055,25.700000762939453,28.834999084472656,30.579999923706055,29.764999389648438,19.825000762939453,19.69499969482422,10.96500015258789
2017-05-10,16.79727554321289,28.18000030517578,25.44499969482422,15.869999885559082,25.645000457763672,28.834999084472656,30.704999923706055,29.799999237060547,19.889999389648438,19.69499969482422,10.96500015258789
2017-05-11,16.704063415527344,28.149999618530273,25.44499969482422,15.760000228881836,25.604999542236328,28.90999984741211,30.6200008392334,29.735000610351562,19.809999465942383,19.69499969482422,10.96500015258789
2017-05-12,16.733890533447266,28.0,25.44499969482422,15.633000373840332,25.700000762939453,28.790000915527344,30.4950008392334,29.729999542236328,19.815000534057617,19.69499969482422,10.96500015258789
2017-05-15,16.815919876098633,28.149999618530273,25.149999618530273,15.713000297546387,25.645000457763672,28.790000915527344,30.4950008392334,29.68000030517578,19.834999084472656,19.90999984741211,10.96500015258789
2017-05-16,16.74880599975586,27.8700008392334,25.149999618530273,15.595000267028809,25.469999313354492,28.594999313354492,30.46500015258789,29.639999389648438,19.760000228881836,19.825000762939453,10.96500015258789
2017-05-17,16.718978881835938,27.559999465942383,25.149999618530273,15.204999923706055,25.149999618530273,28.594999313354492,30.46500015258789,29.395000457763672,19.375,19.700000762939453,10.800000190734863
2017-05-18,16.756267547607422,27.350000381469727,25.149999618530273,15.170000076293945,25.114999771118164,28.594999313354492,30.46500015258789,29.354999542236328,19.31999969482422,19.709999084472656,10.789999961853027
2017-05-19,16.836429595947266,27.399999618530273,25.149999618530273,15.243000030517578,25.100000381469727,28.594999313354492,30.46500015258789,29.375,19.34000015258789,19.709999084472656,10.789999961853027
2017-05-22,16.9110050201416,27.389999389648438,25.149999618530273,15.218000411987305,25.030000686645508,28.594999313354492,30.46500015258789,29.375,19.3700008392334,19.709999084472656,10.789999961853027
2017-05-23,16.957609176635742,27.43000030517578,25.149999618530273,15.277999877929688,25.06999969482422,28.270000457763672,30.139999389648438,29.540000915527344,19.424999237060547,19.709999084472656,10.789999961853027
2017-05-24,16.957609176635742,27.510000228881836,25.149999618530273,15.357999801635742,25.200000762939453,28.270000457763672,30.139999389648438,29.540000915527344,19.56999969482422,19.709999084472656,10.789999961853027
2017-05-25,17.062007904052734,27.170000076293945,24.770000457763672,15.324999809265137,25.21500015258789,28.420000076293945,30.114999771118164,29.739999771118164,19.670000076293945,19.709999084472656,10.789999961853027
2017-05-26,16.968793869018555,26.979999542236328,24.770000457763672,15.34000015258789,25.280000686645508,28.420000076293945,30.104999542236328,29.889999389648438,19.735000610351562,19.709999084472656,10.789999961853027
2017-05-29,16.968793869018555,27.06999969482422,24.770000457763672,15.335000038146973,25.225000381469727,28.5,30.104999542236328,29.899999618530273,19.770000457763672,19.709999084472656,10.789999961853027
2017-05-30,16.942691802978516,26.780000686645508,24.770000457763672,15.262999534606934,25.21500015258789,28.5,30.104999542236328,29.825000762939453,19.790000915527344,19.709999084472656,10.789999961853027
2017-05-31,16.912866592407227,26.389999389648438,24.770000457763672,15.085000038146973,25.229999542236328,28.405000686645508,29.829999923706055,29.854999542236328,19.68000030517578,19.709999084472656,10.789999961853027
2017-06-01,16.981843948364258,26.709999084472656,24.770000457763672,15.208000183105469,25.405000686645508,28.405000686645508,30.09000015258789,29.885000228881836,19.719999313354492,19.709999084472656,10.789999961853027
2017-06-02,17.224197387695312,26.260000228881836,25.149999618530273,15.192999839782715,25.53499984741211,28.81999969482422,30.09000015258789,29.975000381469727,19.790000915527344,20.280000686645508,10.789999961853027
2017-06-05,17.144039154052734,26.260000228881836,25.149999618530273,15.192999839782715,25.4950008392334,28.81999969482422,30.09000015258789,30.065000534057617,19.954999923706055,20.280000686645508,10.789999961853027
2017-06-06,17.144039154052734,26.34000015258789,25.149999618530273,15.130000114440918,25.385000228881836,28.81999969482422,30.09000015258789,30.06999969482422,19.940000534057617,20.280000686645508,10.789999961853027
2017-06-07,17.216745376586914,26.18000030517578,25.149999618530273,15.220000267028809,25.385000228881836,28.81999969482422,30.190000534057617,30.024999618530273,19.954999923706055,20.334999084472656,10.789999961853027
2017-06-08,17.106754302978516,26.260000228881836,25.149999618530273,15.447999954223633,25.450000762939453,28.625,30.329999923706055,29.829999923706055,20.014999389648438,20.334999084472656,10.789999961853027
2017-06-09,17.188777923583984,26.5,25.149999618530273,15.635000228881836,25.575000762939453,28.80500030517578,30.329999923706055,29.80500030517578,20.065000534057617,20.334999084472656,10.789999961853027
2017-06-12,17.2335205078125,26.809999465942383,25.149999618530273,15.574999809265137,25.424999237060547,28.75,30.329999923706055,29.69499969482422,19.44499969482422,20.170000076293945,10.789999961853027
2017-06-13,17.369613647460938,27.0,25.149999618530273,15.6899995803833,25.520000457763672,28.864999771118164,30.329999923706055,29.719999313354492,19.510000228881836,20.170000076293945,10.789999961853027
2017-06-14,17.479612350463867,26.389999389648438,25.149999618530273,15.505000114440918,25.524999618530273,28.864999771118164,30.5049991607666,29.78499984741211,19.485000610351562,20.329999923706055,10.789999961853027
2017-06-15,17.44977378845215,26.479999542236328,24.795000076293945,15.668000221252441,25.739999771118164,28.864999771118164,30.5049991607666,29.93000030517578,19.399999618530273,20.459999084472656,10.789999961853027
2017-06-16,17.412498474121094,26.579999923706055,24.795000076293945,15.652999877929688,25.655000686645508,28.864999771118164,30.135000228881836,29.674999237060547,19.364999771118164,20.5,10.789999961853027
2017-06-19,17.401308059692383,26.829999923706055,24.795000076293945,15.817999839782715,25.959999084472656,29.260000228881836,30.135000228881836,29.889999389648438,19.69499969482422,20.5,10.789999961853027
2017-06-20,17.263357162475586,26.270000457763672,24.795000076293945,15.755000114440918,26.229999542236328,29.260000228881836,30.135000228881836,29.889999389648438,19.75,20.56999969482422,10.789999961853027
2017-06-21,17.259626388549805,26.09000015258789,24.795000076293945,15.633000373840332,26.25,29.260000228881836,30.135000228881836,29.829999923706055,19.725000381469727,20.56999969482422,10.789999961853027
2017-06-22,17.24843406677246,26.079999923706055,24.795000076293945,15.572999954223633,26.729999542236328,29.260000228881836,30.28499984741211,29.829999923706055,19.774999618530273,20.56999969482422,10.789999961853027
2017-06-23,17.339792251586914,26.030000686645508,24.7549991607666,15.493000030517578,26.46500015258789,29.260000228881836,30.229999542236328,29.549999237060547,19.799999237060547,20.56999969482422,10.789999961853027
2017-06-26,17.337251663208008,26.079999923706055,24.809999465942383,15.512999534606934,26.469999313354492,29.260000228881836,30.229999542236328,29.760000228881836,19.760000228881836,20.56999969482422,10.789999961853027
2017-06-27,17.226289749145508,26.020000457763672,24.809999465942383,15.52299976348877,26.21500015258789,29.260000228881836,30.104999542236328,29.420000076293945,19.475000381469727,20.56999969482422,10.694999694824219
2017-06-28,17.300636291503906,25.950000762939453,24.514999389648438,15.630000114440918,26.0,29.260000228881836,30.190000534057617,29.299999237060547,19.2450008392334,19.8799991607666,10.694999694824219
2017-06-29,17.188777923583984,25.81999969482422,24.514999389648438,15.630000114440918,25.584999084472656,29.260000228881836,30.190000534057617,28.780000686645508,18.90999984741211,19.8799991607666,10.694999694824219
2017-06-30,17.086244583129883,25.760000228881836,24.514999389648438,15.595000267028809,25.524999618530273,29.260000228881836,30.190000534057617,28.75,18.94499969482422,19.8799991607666,10.694999694824219
2017-07-03,17.14776611328125,26.18000030517578,24.40999984741211,15.869999885559082,25.719999313354492,29.260000228881836,30.3799991607666,28.850000381469727,18.940000534057617,19.540000915527344,10.694999694824219
2017-07-04,17.17386245727539,26.329999923706055,24.40999984741211,15.920000076293945,25.655000686645508,28.510000228881836,30.385000228881836,28.829999923706055,18.834999084472656,19.540000915527344,10.694999694824219
2017-07-05,17.050825119018555,25.81999969482422,24.40999984741211,15.944999694824219,25.735000610351562,28.510000228881836,30.385000228881836,28.81999969482422,19.045000076293945,19.540000915527344,10.694999694824219
2017-07-06,16.871856689453125,25.75,24.40999984741211,15.885000228881836,25.354999542236328,28.510000228881836,30.385000228881836,28.510000228881836,18.815000534057617,19.540000915527344,10.454999923706055
2017-07-07,16.840152740478516,25.350000381469727,24.40999984741211,15.835000038146973,25.375,28.510000228881836,30.385000228881836,28.520000457763672,19.0,19.30500030517578,10.404999732971191
2017-07-10,16.86812400817871,25.489999771118164,24.40999984741211,15.845000267028809,25.3700008392334,28.40999984741211,30.385000228881836,28.53499984741211,19.135000228881836,19.30500030517578,10.404999732971191
2017-07-11,16.674236297607422,25.440000534057617,24.40999984741211,15.739999771118164,25.149999618530273,28.40999984741211,30.385000228881836,28.19499969482422,19.079999923706055,19.30500030517578,10.404999732971191
2017-07-12,16.88303565979004,25.81999969482422,24.40999984741211,15.84000015258789,25.545000076293945,28.610000610351562,30.690000534057617,28.565000534057617,19.395000457763672,19.30500030517578,10.425000190734863
2017-07-13,16.950151443481445,25.850000381469727,24.40999984741211,15.944999694824219,25.520000457763672,28.610000610351562,30.690000534057617,28.655000686645508,19.530000686645508,19.30500030517578,10.425000190734863
2017-07-14,17.106754302978516,25.850000381469727,24.40999984741211,15.829999923706055,25.524999618530273,28.610000610351562,30.899999618530273,28.665000915527344,19.520000457763672,19.44499969482422,10.425000190734863
2017-07-17,17.188777923583984,25.989999771118164,24.440000534057617,15.84000015258789,25.540000915527344,28.549999237060547,31.09000015258789,28.7549991607666,19.545000076293945,19.434999465942383,10.425000190734863
2017-07-18,17.240976333618164,25.610000610351562,24.2450008392334,15.604999542236328,25.200000762939453,28.549999237060547,31.09000015258789,28.469999313354492,19.405000686645508,19.434999465942383,10.425000190734863
2017-07-19,17.24843406677246,25.8700008392334,24.2450008392334,15.779999732971191,25.4950008392334,28.549999237060547,30.90999984741211,28.68000030517578,19.649999618530273,19.459999084472656,10.425000190734863
2017-07-20,17.337923049926758,25.790000915527344,24.229999542236328,15.640000343322754,25.375,28.549999237060547,30.614999771118164,28.530000686645508,19.485000610351562,19.459999084472656,10.420000076293945
2017-07-21,17.250301361083984,25.610000610351562,24.110000610351562,15.574999809265137,25.329999923706055,28.549999237060547,30.614999771118164,28.389999389648438,19.434999465942383,19.459999084472656,10.420000076293945
2017-07-24,17.27826690673828,25.479999542236328,24.110000610351562,15.619999885559082,25.260000228881836,27.90999984741211,30.375,28.364999771118164,19.43000030517578,19.459999084472656,10.420000076293945
2017-07-25,17.24843406677246,25.81999969482422,24.165000915527344,15.824999809265137,25.190000534057617,27.90999984741211,30.670000076293945,28.375,19.479999542236328,19.459999084472656,10.420000076293945
2017-07-26,17.285724639892578,25.979999542236328,24.25,15.835000038146973,25.170000076293945,27.989999771118164,30.700000762939453,28.485000610351562,19.5,19.459999084472656,10.520000457763672
2017-07-27,17.375207901000977,25.770000457763672,24.360000610351562,15.760000228881836,24.94499969482422,27.989999771118164,30.700000762939453,28.530000686645508,19.56999969482422,19.354999542236328,10.770000457763672
2017-07-28,17.438596725463867,25.81999969482422,23.9950008392334,15.574999809265137,24.700000762939453,27.989999771118164,30.260000228881836,28.170000076293945,19.184999465942383,19.260000228881836,10.640000343322754
2017-07-31,17.315555572509766,25.770000457763672,23.9950008392334,15.614999771118164,24.780000686645508,27.989999771118164,30.260000228881836,27.979999542236328,19.084999084472656,19.260000228881836,10.640000343322754
2017-08-01,17.427406311035156,25.81999969482422,23.9950008392334,15.710000038146973,24.670000076293945,27.989999771118164,30.329999923706055,28.06999969482422,19.094999313354492,19.260000228881836,10.640000343322754
2017-08-02,17.412498474121094,25.75,23.9950008392334,15.640000343322754,24.44499969482422,27.989999771118164,30.329999923706055,27.8700008392334,19.03499984741211,19.260000228881836,10.595000267028809
2017-08-03,17.44495391845703,25.639999389648438,23.9950008392334,15.579999923706055,24.399999618530273,27.989999771118164,30.084999084472656,27.969999313354492,19.040000915527344,19.260000228881836,10.595000267028809
2017-08-04,17.422359466552734,25.739999771118164,23.9950008392334,15.800000190734863,24.639999389648438,27.989999771118164,30.084999084472656,28.15999984741211,19.299999237060547,19.260000228881836,10.595000267028809
2017-08-07,17.388473510742188,25.56999969482422,24.09000015258789,15.720000267028809,24.530000686645508,27.989999771118164,30.084999084472656,28.139999389648438,19.270000457763672,19.260000228881836,10.699999809265137
2017-08-08,17.363996505737305,25.790000915527344,24.09000015258789,15.850000381469727,24.610000610351562,27.989999771118164,30.084999084472656,28.239999771118164,19.424999237060547,19.260000228881836,10.699999809265137
2017-08-09,17.350818634033203,25.600000381469727,24.09000015258789,15.65999984741211,24.520000457763672,27.989999771118164,30.084999084472656,28.155000686645508,19.280000686645508,19.260000228881836,10.699999809265137
2017-08-10,17.235979080200195,25.530000686645508,24.09000015258789,15.510000228881836,24.344999313354492,27.989999771118164,30.084999084472656,28.059999465942383,19.110000610351562,19.260000228881836,10.585000038146973
2017-08-11,17.091007232666016,25.100000381469727,23.655000686645508,15.510000228881836,24.229999542236328,27.989999771118164,30.084999084472656,27.905000686645508,18.924999237060547,19.260000228881836,10.479999542236328
2017-08-14,17.328222274780273,25.200000762939453,23.655000686645508,15.515000343322754,24.3700008392334,27.989999771118164,30.084999084472656,28.104999542236328,18.924999237060547,19.260000228881836,10.479999542236328
2017-08-15,17.1776123046875,24.950000762939453,23.655000686645508,15.5649995803833,24.3700008392334,27.989999771118164,30.084999084472656,28.104999542236328,18.924999237060547,19.260000228881836,10.479999542236328
2017-08-16,17.320695877075195,25.059999465942383,23.940000534057617,15.640000343322754,24.635000228881836,27.90999984741211,30.084999084472656,28.405000686645508,19.530000686645508,19.825000762939453,10.479999542236328
2017-08-17,17.347049713134766,24.799999237060547,23.940000534057617,15.470000267028809,24.5,27.90999984741211,30.364999771118164,28.344999313354492,19.334999084472656,19.81999969482422,10.479999542236328
2017-08-18,17.13995933532715,24.6299991607666,23.940000534057617,15.369999885559082,24.299999237060547,27.90999984741211,30.364999771118164,28.075000762939453,19.334999084472656,19.81999969482422,10.479999542236328
2017-08-21,17.23032569885254,24.450000762939453,23.940000534057617,15.199999809265137,24.114999771118164,27.90999984741211,30.364999771118164,27.985000610351562,18.94499969482422,19.81999969482422,10.479999542236328
2017-08-22,17.27927017211914,24.700000762939453,23.940000534057617,15.335000038146973,24.434999465942383,27.90999984741211,30.364999771118164,28.149999618530273,19.270000457763672,19.770000457763672,10.470000267028809
2017-08-23,17.328222274780273,24.770000457763672,23.940000534057617,15.300000190734863,24.315000534057617,27.90999984741211,30.364999771118164,27.979999542236328,19.260000228881836,19.770000457763672,10.470000267028809
2017-08-24,17.377174377441406,24.719999313354492,23.469999313354492,15.28499984741211,24.309999465942383,27.405000686645508,30.364999771118164,27.94499969482422,19.165000915527344,19.80500030517578,10.460000038146973
2017-08-25,17.29056739807129,24.770000457763672,23.3799991607666,15.255000114440918,24.264999389648438,27.405000686645508,30.364999771118164,27.709999084472656,19.104999542236328,19.80500030517578,10.425000190734863
2017-08-28,17.29056739807129,24.450000762939453,23.3799991607666,15.085000038146973,24.149999618530273,27.079999923706055,30.21500015258789,27.459999084472656,19.0049991607666,19.80500030517578,10.425000190734863
2017-08-29,17.245389938354492,24.190000534057617,23.024999618530273,14.885000228881836,24.014999389648438,26.975000381469727,30.21500015258789,27.354999542236328,18.915000915527344,19.530000686645508,10.279999732971191
2017-08-30,17.23032569885254,24.530000686645508,23.024999618530273,15.085000038146973,24.299999237060547,26.975000381469727,30.21500015258789,27.575000762939453,19.209999084472656,19.530000686645508,10.279999732971191
2017-08-31,17.403533935546875,24.670000076293945,23.024999618530273,15.180000305175781,24.665000915527344,27.530000686645508,30.21500015258789,27.725000381469727,19.44499969482422,19.530000686645508,10.399999618530273
2017-09-01,17.456249237060547,24.899999618530273,23.024999618530273,15.260000228881836,24.809999465942383,27.530000686645508,30.8799991607666,27.795000076293945,19.4950008392334,19.530000686645508,10.399999618530273
2017-09-04,17.456249237060547,24.850000381469727,23.024999618530273,15.119999885559082,24.639999389648438,27.530000686645508,30.8799991607666,27.665000915527344,19.360000610351562,19.530000686645508,10.295000076293945
2017-09-05,17.443073272705078,25.0,23.024999618530273,15.0,24.635000228881836,27.530000686645508,30.8799991607666,27.68000030517578,19.290000915527344,19.625,10.239999771118164
2017-09-06,17.499553680419922,25.270000457763672,23.5049991607666,14.930000305175781,24.625,27.530000686645508,30.8799991607666,27.75,19.19499969482422,19.625,10.204999923706055
2017-09-07,17.55414581298828,25.1299991607666,23.5049991607666,14.694999694824219,24.725000381469727,27.34000015258789,30.684999465942383,27.719999313354492,19.229999542236328,19.68000030517578,10.114999771118164
2017-09-08,17.667112350463867,25.059999465942383,23.5049991607666,14.800000190734863,24.864999771118164,27.399999618530273,30.684999465942383,27.709999084472656,19.174999237060547,19.674999237060547,10.029999732971191
2017-09-11,17.719825744628906,25.270000457763672,23.59000015258789,15.03499984741211,25.049999237060547,27.700000762939453,30.9950008392334,27.854999542236328,19.40999984741211,19.674999237060547,10.095000267028809
2017-09-12,17.633220672607422,25.43000030517578,23.704999923706055,15.210000038146973,25.184999465942383,27.700000762939453,31.25,27.864999771118164,19.489999771118164,19.674999237060547,10.149999618530273
2017-09-13,17.535320281982422,25.739999771118164,23.704999923706055,15.300000190734863,25.264999389648438,27.700000762939453,31.25,28.020000457763672,19.559999465942383,19.69499969482422,10.194999694824219
2017-09-14,17.569211959838867,25.989999771118164,23.94499969482422,15.329999923706055,25.309999465942383,27.700000762939453,31.25,27.920000076293945,19.614999771118164,19.69499969482422,10.21500015258789
2017-09-15,17.608745574951172,25.790000915527344,23.790000915527344,15.21500015258789,25.1200008392334,27.920000076293945,30.985000610351562,27.799999237060547,19.4950008392334,19.614999771118164,10.21500015258789
2017-09-18,17.631338119506836,25.84000015258789,23.790000915527344,15.345000267028809,25.1200008392334,27.920000076293945,30.985000610351562,27.8700008392334,19.575000762939453,19.584999084472656,10.21500015258789
2017-09-19,17.50895881652832,26.030000686645508,23.700000762939453,15.414999961853027,24.940000534057617,27.920000076293945,31.165000915527344,27.725000381469727,19.559999465942383,19.5,10.21500015258789
2017-09-20,17.52214813232422,26.229999542236328,23.700000762939453,15.399999618530273,24.899999618530273,27.920000076293945,31.165000915527344,27.565000534057617,19.399999618530273,19.5,10.21500015258789
2017-09-21,17.44871711730957,26.309999465942383,23.8700008392334,15.545000076293945,24.9950008392334,28.3799991607666,31.295000076293945,27.395000457763672,19.450000762939453,19.5,10.21500015258789
2017-09-22,17.39035415649414,26.459999084472656,23.8700008392334,15.520000457763672,24.825000762939453,28.3799991607666,31.295000076293945,27.280000686645508,19.354999542236328,19.5,10.21500015258789
2017-09-25,17.35835075378418,26.889999389648438,23.8700008392334,15.574999809265137,25.15999984741211,28.3799991607666,31.295000076293945,27.584999084472656,19.31999969482422,19.5,10.21500015258789
2017-09-26,17.384706497192383,27.059999465942383,23.8700008392334,15.649999618530273,25.200000762939453,28.3799991607666,31.295000076293945,27.825000762939453,19.434999465942383,19.5,10.21500015258789
2017-09-27,17.226558685302734,27.1200008392334,24.190000534057617,15.829999923706055,25.155000686645508,28.3799991607666,31.295000076293945,27.71500015258789,19.65999984741211,19.5,10.21500015258789
2017-09-28,17.237857818603516,27.200000762939453,24.190000534057617,15.8100004196167,25.170000076293945,28.3799991607666,31.424999237060547,27.6299991607666,19.65999984741211,19.334999084472656,10.21500015258789
2017-09-29,17.345169067382812,27.030000686645508,24.190000534057617,15.859999656677246,25.104999542236328,28.3799991607666,31.489999771118164,27.639999389648438,19.75,19.334999084472656,10.21500015258789
2017-10-02,17.333879470825195,27.110000610351562,24.395000457763672,15.979999542236328,25.56999969482422,28.954999923706055,31.709999084472656,27.809999465942383,19.959999084472656,19.334999084472656,10.569999694824219
2017-10-03,17.37340545654297,27.110000610351562,24.40999984741211,15.979999542236328,25.540000915527344,29.040000915527344,31.899999618530273,27.795000076293945,19.94499969482422,19.334999084472656,10.569999694824219
2017-10-04,17.388473510742188,27.209999084472656,24.524999618530273,16.010000228881836,25.670000076293945,29.040000915527344,32.060001373291016,27.864999771118164,19.93000030517578,19.334999084472656,10.585000038146973
2017-10-05,17.44871711730957,27.350000381469727,24.674999237060547,16.1200008392334,25.69499969482422,29.040000915527344,32.060001373291016,28.045000076293945,20.100000381469727,19.334999084472656,10.635000228881836
2017-10-06,17.350818634033203,27.06999969482422,24.68000030517578,16.110000610351562,25.725000381469727,29.040000915527344,32.095001220703125,27.825000762939453,20.165000915527344,19.334999084472656,10.555000305175781
2017-10-09,17.405420303344727,27.139999389648438,24.665000915527344,16.110000610351562,25.575000762939453,29.040000915527344,32.095001220703125,27.854999542236328,20.280000686645508,19.334999084472656,10.550000190734863
2017-10-10,17.501432418823242,27.139999389648438,24.545000076293945,16.03499984741211,25.405000686645508,28.954999923706055,31.989999771118164,27.885000228881836,20.135000228881836,19.334999084472656,10.550000190734863
2017-10-11,17.52967643737793,27.040000915527344,24.450000762939453,16.0049991607666,25.405000686645508,28.954999923706055,31.78499984741211,27.915000915527344,20.1200008392334,19.334999084472656,10.524999618530273
2017-10-12,17.606863021850586,26.90999984741211,24.424999237060547,15.984999656677246,25.420000076293945,28.954999923706055,31.895000457763672,28.03499984741211,20.235000610351562,19.334999084472656,10.444999694824219
2017-10-13,17.708526611328125,27.040000915527344,24.5,15.989999771118164,25.3799991607666,28.954999923706055,31.895000457763672,28.204999923706055,20.31999969482422,19.334999084472656,10.444999694824219
2017-10-16,17.661460876464844,27.1200008392334,24.53499984741211,16.059999465942383,25.510000228881836,28.954999923706055,31.895000457763672,28.270000457763672,20.395000457763672,19.665000915527344,10.444999694824219
2017-10-17,17.64263916015625,27.079999923706055,24.674999237060547,16.079999923706055,25.649999618530273,29.204999923706055,31.895000457763672,28.290000915527344,20.5,19.665000915527344,10.444999694824219
2017-10-18,17.644521713256836,27.049999237060547,24.635000228881836,16.114999771118164,25.71500015258789,29.204999923706055,31.895000457763672,28.264999389648438,20.5,19.760000228881836,10.40999984741211
2017-10-19,17.603097915649414,26.81999969482422,24.364999771118164,16.0,25.594999313354492,29.204999923706055,32.07500076293945,27.950000762939453,20.334999084472656,19.780000686645508,10.40999984741211
2017-10-20,17.501432418823242,26.959999084472656,24.53499984741211,16.235000610351562,25.71500015258789,29.204999923706055,32.07500076293945,27.924999237060547,20.565000534057617,19.780000686645508,10.40999984741211
2017-10-23,17.411067962646484,27.0,24.6299991607666,16.25,25.90999984741211,29.204999923706055,32.07500076293945,28.024999618530273,20.684999465942383,19.780000686645508,10.40999984741211
2017-10-24,17.328222274780273,26.989999771118164,24.55500030517578,16.295000076293945,25.559999465942383,29.204999923706055,32.07500076293945,27.829999923706055,20.645000457763672,19.780000686645508,10.40999984741211
2017-10-25,17.21526527404785,26.639999389648438,24.55500030517578,16.18000030517578,25.295000076293945,29.170000076293945,32.380001068115234,27.520000457763672,20.450000762939453,19.780000686645508,10.239999771118164
2017-10-26,17.212005615234375,26.969999313354492,24.690000534057617,16.424999237060547,25.415000915527344,29.170000076293945,32.86000061035156,28.014999389648438,20.78499984741211,19.780000686645508,10.369999885559082
2017-10-27,17.274555206298828,27.389999389648438,25.09000015258789,16.510000228881836,25.559999465942383,29.895000457763672,33.03499984741211,28.145000457763672,21.385000228881836,20.225000381469727,10.484999656677246
2017-10-30,17.236642837524414,27.440000534057617,25.030000686645508,16.40999984741211,25.315000534057617,29.719999313354492,33.0,27.8700008392334,21.389999389648438,20.225000381469727,10.484999656677246
2017-10-31,17.249921798706055,27.440000534057617,25.079999923706055,16.40999984741211,25.264999389648438,29.780000686645508,33.0,28.024999618530273,21.520000457763672,20.190000534057617,10.484999656677246
2017-11-01,17.318157196044922,27.899999618530273,25.079999923706055,16.424999237060547,25.44499969482422,29.780000686645508,33.375,28.145000457763672,21.600000381469727,20.190000534057617,10.399999618530273
2017-11-02,17.43189239501953,27.81999969482422,24.9950008392334,16.450000762939453,25.235000610351562,29.684999465942383,33.375,27.940000534057617,21.485000610351562,20.190000534057617,10.399999618530273
2017-11-03,17.439476013183594,28.010000228881836,25.1200008392334,16.43000030517578,25.40999984741211,29.875,33.39500045776367,28.165000915527344,21.729999542236328,20.190000534057617,10.350000381469727
2017-11-06,17.47928237915039,28.43000030517578,25.239999771118164,16.395000457763672,25.5,29.96500015258789,33.5,28.094999313354492,21.885000228881836,20.350000381469727,10.350000381469727
2017-11-07,17.534255981445312,28.579999923706055,25.2450008392334,16.405000686645508,25.46500015258789,30.030000686645508,33.505001068115234,28.100000381469727,21.920000076293945,20.350000381469727,10.21500015258789
2017-11-08,17.642303466796875,28.469999313354492,25.2450008392334,16.270000457763672,25.440000534057617,30.030000686645508,33.505001068115234,28.2549991607666,21.9950008392334,20.424999237060547,10.21500015258789
2017-11-09,17.674528121948242,28.299999237060547,25.2450008392334,16.174999237060547,25.239999771118164,30.030000686645508,33.21500015258789,28.155000686645508,21.71500015258789,20.424999237060547,10.225000381469727
2017-11-10,17.697280883789062,28.18000030517578,25.2450008392334,16.165000915527344,25.010000228881836,30.030000686645508,33.21500015258789,28.209999084472656,21.649999618530273,20.424999237060547,10.225000381469727
2017-11-13,17.682113647460938,28.110000610351562,25.2450008392334,16.104999542236328,25.084999084472656,29.204999923706055,32.900001525878906,28.3700008392334,21.69499969482422,20.424999237060547,10.140000343322754
2017-11-14,17.689695358276367,27.469999313354492,25.2450008392334,15.954999923706055,24.815000534057617,29.204999923706055,32.435001373291016,28.075000762939453,21.46500015258789,20.424999237060547,10.039999961853027
2017-11-15,17.644195556640625,27.100000381469727,24.594999313354492,15.954999923706055,24.735000610351562,29.204999923706055,32.099998474121094,27.899999618530273,21.329999923706055,20.065000534057617,10.039999961853027
2017-11-16,17.697280883789062,27.020000457763672,24.81999969482422,16.030000686645508,24.969999313354492,28.954999923706055,32.375,28.209999084472656,21.584999084472656,20.100000381469727,10.104999542236328
2017-11-17,17.689695358276367,27.020000457763672,24.81999969482422,15.970000267028809,24.905000686645508,28.954999923706055,32.375,28.110000610351562,21.5,20.100000381469727,10.104999542236328
2017-11-20,17.689695358276367,27.110000610351562,24.81999969482422,16.05500030517578,24.975000381469727,28.954999923706055,32.375,28.264999389648438,21.610000610351562,20.100000381469727,10.21500015258789
2017-11-21,17.75035858154297,27.25,24.81999969482422,16.135000228881836,25.190000534057617,29.170000076293945,32.375,28.405000686645508,21.8799991607666,20.100000381469727,10.21500015258789
2017-11-22,17.746564865112305,27.270000457763672,24.81999969482422,16.075000762939453,25.1299991607666,29.079999923706055,32.375,28.235000610351562,21.709999084472656,20.100000381469727,10.244999885559082
2017-11-23,17.77309799194336,27.200000762939453,24.81999969482422,16.010000228881836,25.010000228881836,29.079999923706055,32.375,28.19499969482422,21.625,20.100000381469727,10.244999885559082
2017-11-24,17.76930809020996,27.079999923706055,24.915000915527344,15.9350004196167,24.8700008392334,28.8799991607666,32.375,28.079999923706055,21.579999923706055,19.725000381469727,10.244999885559082
2017-11-27,17.767414093017578,26.809999465942383,24.920000076293945,15.899999618530273,24.90999984741211,28.8799991607666,32.375,28.059999465942383,21.575000762939453,19.725000381469727,10.218000411987305
2017-11-28,17.67073631286621,27.030000686645508,24.920000076293945,16.0,25.059999465942383,29.100000381469727,32.375,28.264999389648438,21.575000762939453,19.725000381469727,10.218000411987305
2017-11-29,17.613872528076172,27.149999618530273,25.260000228881836,16.405000686645508,25.25,29.100000381469727,32.375,28.415000915527344,21.21500015258789,19.725000381469727,10.5
2017-11-30,17.767414093017578,27.299999237060547,25.28499984741211,16.364999771118164,25.18000030517578,29.40999984741211,32.375,28.354999542236328,21.235000610351562,19.725000381469727,10.5
2017-12-01,17.704856872558594,27.450000762939453,25.024999618530273,16.145000457763672,25.014999389648438,29.110000610351562,32.20500183105469,28.219999313354492,20.950000762939453,19.725000381469727,10.5
2017-12-04,17.742767333984375,27.885000228881836,25.584999084472656,16.530000686645508,25.299999237060547,29.670000076293945,32.20500183105469,28.645000457763672,20.969999313354492,20.075000762939453,10.5
2017-12-05,17.712440490722656,27.764999389648438,25.594999313354492,16.552499771118164,25.139999389648438,29.670000076293945,32.20500183105469,28.809999465942383,21.114999771118164,20.075000762939453,10.5
2017-12-06,17.62903594970703,27.56999969482422,25.454999923706055,16.457500457763672,25.06999969482422,29.670000076293945,32.39500045776367,29.024999618530273,21.084999084472656,20.075000762939453,10.538000106811523
2017-12-07,17.634719848632812,27.46500015258789,25.485000610351562,16.479999542236328,25.0,29.65999984741211,32.35499954223633,28.920000076293945,21.25,20.075000762939453,10.538000106811523
2017-12-08,17.697280883789062,27.649999618530273,25.485000610351562,16.56999969482422,25.295000076293945,29.65999984741211,32.35499954223633,28.934999465942383,21.415000915527344,20.075000762939453,10.538000106811523
2017-12-11,17.697280883789062,27.864999771118164,25.6200008392334,16.592500686645508,25.344999313354492,29.65999984741211,32.35499954223633,28.844999313354492,21.420000076293945,20.075000762939453,10.652000427246094
2017-12-12,17.697280883789062,28.139999389648438,25.850000381469727,16.782499313354492,25.614999771118164,29.65999984741211,32.869998931884766,29.100000381469727,21.635000228881836,20.075000762939453,10.652000427246094
2017-12-13,17.864091873168945,27.875,25.815000534057617,16.782499313354492,25.655000686645508,29.65999984741211,32.869998931884766,29.059999465942383,21.594999313354492,20.075000762939453,10.793999671936035
2017-12-14,17.864091873168945,27.864999771118164,25.795000076293945,16.622499465942383,25.530000686645508,29.65999984741211,32.85499954223633,29.0049991607666,21.56999969482422,20.075000762939453,10.72599983215332
2017-12-15,17.94749641418457,27.834999084472656,25.850000381469727,16.662500381469727,25.614999771118164,29.8700008392334,32.875,29.104999542236328,21.635000228881836,19.82200050354004,10.72599983215332
2017-12-18,18.099140167236328,27.969999313354492,26.024999618530273,16.770000457763672,25.704999923706055,29.8700008392334,32.875,29.200000762939453,21.829999923706055,19.82200050354004,10.72599983215332
2017-12-19,17.894411087036133,27.8700008392334,26.020000457763672,16.709999084472656,25.639999389648438,29.969999313354492,32.875,29.104999542236328,21.725000381469727,19.82200050354004,10.72599983215332
2017-12-20,17.77309799194336,27.860000610351562,25.815000534057617,16.610000610351562,25.424999237060547,29.969999313354492,32.875,28.7450008392334,21.53499984741211,19.82200050354004,10.633999824523926
2017-12-21,17.704856872558594,28.3799991607666,25.940000534057617,16.704999923706055,25.40999984741211,29.969999313354492,32.875,28.875,21.635000228881836,19.82200050354004,10.633999824523926
2017-12-22,17.704856872558594,28.559999465942383,26.0049991607666,16.665000915527344,25.350000381469727,29.969999313354492,32.875,28.954999923706055,21.579999923706055,19.148000717163086,10.633999824523926
2017-12-27,17.88683319091797,28.639999389648438,25.950000762939453,16.639999389648438,25.354999542236328,30.059999465942383,32.875,28.954999923706055,21.40999984741211,19.148000717163086,10.633999824523926
2017-12-28,17.932331085205078,28.510000228881836,25.80500030517578,16.565000534057617,25.225000381469727,30.059999465942383,32.875,28.790000915527344,21.31999969482422,19.148000717163086,10.633999824523926
2017-12-29,18.05364990234375,28.600000381469727,25.690000534057617,16.614999771118164,25.170000076293945,30.059999465942383,32.875,28.78499984741211,21.155000686645508,19.148000717163086,10.574000358581543
2018-01-02,18.000568389892578,28.514999389648438,25.729999542236328,16.45400047302246,25.18000030517578,29.704999923706055,33.5099983215332,28.530000686645508,21.219999313354492,18.81599998474121,10.574000358581543
2018-01-03,18.000568389892578,29.03499984741211,25.969999313354492,16.52400016784668,25.40999984741211,29.704999923706055,33.5099983215332,28.575000762939453,21.549999237060547,18.808000564575195,10.574000358581543
2018-01-04,17.97782325744629,29.225000381469727,25.989999771118164,16.687999725341797,25.395000457763672,29.704999923706055,33.5099983215332,28.565000534057617,21.655000686645508,18.808000564575195,10.574000358581543
2018-01-05,17.97782325744629,29.299999237060547,26.2549991607666,16.757999420166016,25.674999237060547,30.514999389648438,33.5099983215332,28.7450008392334,21.885000228881836,18.808000564575195,10.574000358581543
2018-01-08,17.97782325744629,29.46500015258789,26.469999313354492,16.857999801635742,25.684999465942383,30.774999618530273,33.5099983215332,28.844999313354492,22.1200008392334,18.808000564575195,10.633999824523926
2018-01-09,17.93991470336914,29.700000762939453,26.645000457763672,17.003999710083008,26.05500030517578,31.06999969482422,34.994998931884766,29.030000686645508,22.200000762939453,18.808000564575195,10.633999824523926
2018-01-10,17.697280883789062,29.59000015258789,26.549999237060547,17.118000030517578,25.829999923706055,30.94499969482422,34.6349983215332,28.704999923706055,21.959999084472656,18.808000564575195,10.633999824523926
2018-01-11,17.72760772705078,29.770000457763672,26.489999771118164,17.04800033569336,25.71500015258789,30.940000534057617,34.6349983215332,28.53499984741211,21.920000076293945,18.559999465942383,10.633999824523926
2018-01-12,17.704856872558594,29.764999389648438,26.645000457763672,17.06399917602539,25.729999542236328,31.0,34.724998474121094,28.334999084472656,21.8799991607666,18.38800048828125,10.36400032043457
2018-01-15,17.757936477661133,29.665000915527344,26.59000015258789,17.010000228881836,25.604999542236328,30.875,34.67499923706055,28.21500015258789,21.774999618530273,18.266000747680664,10.34000015258789
2018-01-16,17.894411087036133,29.5,26.719999313354492,17.059999465942383,25.709999084472656,30.940000534057617,34.45000076293945,28.290000915527344,21.920000076293945,18.299999237060547,10.34000015258789
2018-01-17,17.82617950439453,29.385000228881836,26.56999969482422,16.996000289916992,25.7450008392334,30.940000534057617,34.45000076293945,28.454999923706055,21.895000457763672,18.299999237060547,10.34000015258789
2018-01-18,17.704856872558594,29.3799991607666,26.559999465942383,17.04400062561035,25.69499969482422,30.940000534057617,34.45000076293945,28.389999389648438,22.05500030517578,18.299999237060547,10.34000015258789
2018-01-19,17.742767333984375,29.125,26.78499984741211,17.106000900268555,25.854999542236328,30.940000534057617,34.45000076293945,28.6200008392334,22.135000228881836,18.299999237060547,10.34000015258789
2018-01-22,17.85650634765625,29.485000610351562,26.889999389648438,17.158000946044922,25.940000534057617,30.940000534057617,34.400001525878906,28.735000610351562,22.19499969482422,18.299999237060547,10.432000160217285
2018-01-23,17.85650634765625,29.565000534057617,27.100000381469727,17.211999893188477,26.045000076293945,30.860000610351562,34.275001525878906,28.809999465942383,22.389999389648438,18.351999282836914,10.472000122070312
2018-01-24,18.07639503479004,29.389999389648438,26.979999542236328,17.13599967956543,25.860000610351562,30.665000915527344,34.22999954223633,28.584999084472656,22.09000015258789,18.351999282836914,10.472000122070312
2018-01-25,18.06123161315918,29.114999771118164,26.670000076293945,17.027999877929688,25.780000686645508,30.3700008392334,34.064998626708984,28.385000228881836,21.829999923706055,17.988000869750977,10.472000122070312
2018-01-26,18.038484573364258,29.200000762939453,26.954999923706055,17.106000900268555,26.235000610351562,30.3700008392334,34.29999923706055,28.4950008392334,22.049999237060547,18.1299991607666,10.472000122070312
2018-01-29,18.038484573364258,29.104999542236328,27.110000610351562,17.200000762939453,26.46500015258789,30.850000381469727,34.29999923706055,28.53499984741211,22.219999313354492,18.097999572753906,10.435999870300293
2018-01-30,17.757936477661133,28.389999389648438,26.895000457763672,16.97800064086914,26.024999618530273,30.850000381469727,34.29999923706055,28.350000381469727,21.889999389648438,18.097999572753906,10.37600040435791
2018-01-31,17.864091873168945,28.174999237060547,26.764999389648438,16.88599967956543,25.584999084472656,30.850000381469727,33.7400016784668,28.239999771118164,21.864999771118164,18.097999572753906,10.37600040435791
2018-02-01,17.72684097290039,28.094999313354492,26.594999313354492,16.899999618530273,25.31999969482422,30.270000457763672,33.505001068115234,28.110000610351562,21.905000686645508,17.908000946044922,10.347999572753906
2018-02-02,17.52826690673828,27.565000534057617,26.524999618530273,16.850000381469727,25.309999465942383,29.94499969482422,32.904998779296875,27.889999389648438,21.524999618530273,17.77400016784668,10.347999572753906
2018-02-05,17.337324142456055,27.06999969482422,26.200000762939453,16.492000579833984,24.905000686645508,29.5049991607666,32.6150016784668,27.440000534057617,21.309999465942383,17.74799919128418,10.347999572753906
2018-02-06,17.337324142456055,26.145000457763672,25.514999389648438,15.935999870300293,23.975000381469727,28.579999923706055,31.770000457763672,26.65999984741211,20.5,17.02400016784668,10.347999572753906
2018-02-07,16.99363136291504,26.809999465942383,26.3799991607666,16.423999786376953,24.725000381469727,29.459999084472656,32.47999954223633,27.34000015258789,21.299999237060547,17.445999145507812,10.076000213623047
2018-02-08,16.749229431152344,26.274999618530273,25.770000457763672,16.170000076293945,24.309999465942383,28.7450008392334,32.47999954223633,26.889999389648438,20.700000762939453,17.445999145507812,9.86299991607666
2018-02-09,16.443727493286133,25.645000457763672,25.770000457763672,15.86400032043457,23.780000686645508,28.7450008392334,31.139999389648438,26.5049991607666,20.34000015258789,17.15399932861328,9.706000328063965
2018-02-12,16.512468338012695,25.989999771118164,25.604999542236328,16.055999755859375,24.219999313354492,28.7450008392334,31.139999389648438,26.78499984741211,20.844999313354492,17.15399932861328,9.833999633789062
2018-02-13,16.680496215820312,25.854999542236328,25.469999313354492,15.979999542236328,23.979999542236328,28.7450008392334,31.795000076293945,26.59000015258789,20.735000610351562,17.15399932861328,9.734999656677246
2018-02-14,16.711040496826172,25.825000762939453,25.700000762939453,16.152000427246094,24.184999465942383,28.7450008392334,32.064998626708984,26.670000076293945,20.975000381469727,17.15399932861328,9.758000373840332
2018-02-15,16.856155395507812,25.799999237060547,25.790000915527344,16.266000747680664,24.31999969482422,28.7450008392334,32.314998626708984,26.649999618530273,21.204999923706055,17.166000366210938,9.696000099182129
2018-02-16,16.856155395507812,26.235000610351562,26.114999771118164,16.43199920654297,24.809999465942383,28.7450008392334,32.314998626708984,27.114999771118164,21.610000610351562,17.166000366210938,9.897000312805176
2018-02-19,16.856155395507812,26.204999923706055,26.114999771118164,16.423999786376953,24.729999542236328,28.7450008392334,32.415000915527344,27.049999237060547,21.540000915527344,17.534000396728516,9.897000312805176
2018-02-20,17.047103881835938,26.334999084472656,26.2549991607666,16.511999130249023,24.860000610351562,28.7450008392334,32.66999816894531,26.905000686645508,21.825000762939453,17.511999130249023,9.897000312805176
2018-02-21,16.894344329833984,26.309999465942383,26.325000762939453,16.6200008392334,24.844999313354492,28.7450008392334,32.79999923706055,26.80500030517578,21.934999465942383,17.552000045776367,9.880000114440918
2018-02-22,16.894344329833984,26.30500030517578,26.325000762939453,16.555999755859375,24.834999084472656,28.7450008392334,32.810001373291016,26.78499984741211,21.78499984741211,17.552000045776367,9.880000114440918
2018-02-23,16.894344329833984,26.424999237060547,26.239999771118164,16.51799964904785,24.790000915527344,28.7450008392334,32.810001373291016,26.8700008392334,21.920000076293945,17.552000045776367,9.880000114440918
2018-02-26,16.894344329833984,26.69499969482422,26.540000915527344,16.649999618530273,25.149999618530273,28.7450008392334,32.810001373291016,27.100000381469727,22.2450008392334,17.552000045776367,9.880000114440918
2018-02-27,16.871429443359375,26.815000534057617,26.540000915527344,16.83799934387207,25.290000915527344,28.7450008392334,32.810001373291016,27.03499984741211,22.479999542236328,17.552000045776367,9.880000114440918
2018-02-28,16.871429443359375,26.524999618530273,26.440000534057617,16.718000411987305,25.079999923706055,28.7450008392334,32.72999954223633,26.885000228881836,22.454999923706055,17.552000045776367,9.880000114440918
2018-03-01,16.871429443359375,26.19499969482422,26.05500030517578,16.507999420166016,24.700000762939453,29.270000457763672,32.08000183105469,26.604999542236328,22.1299991607666,17.65399932861328,9.880000114440918
2018-03-02,16.871429443359375,25.540000915527344,25.424999237060547,16.038000106811523,24.264999389648438,28.375,31.334999084472656,26.309999465942383,21.584999084472656,17.290000915527344,9.880000114440918
2018-03-05,16.924894332885742,25.934999465942383,25.68000030517578,16.20400047302246,24.510000228881836,28.375,31.334999084472656,26.565000534057617,21.924999237060547,17.290000915527344,9.880000114440918
2018-03-06,16.894344329833984,25.8700008392334,25.68000030517578,16.195999145507812,24.44499969482422,28.375,31.334999084472656,26.459999084472656,21.905000686645508,17.45800018310547,9.880000114440918
2018-03-07,17.01654624938965,25.78499984741211,25.68000030517578,16.214000701904297,24.524999618530273,28.375,31.334999084472656,26.459999084472656,21.985000610351562,17.40999984741211,9.895000457763672
2018-03-08,17.115835189819336,25.795000076293945,25.96500015258789,16.32200050354004,24.934999465942383,28.375,31.334999084472656,26.7549991607666,22.344999313354492,17.558000564575195,9.895000457763672
2018-03-09,17.09292221069336,26.225000381469727,25.96500015258789,16.538000106811523,25.100000381469727,28.375,32.33000183105469,26.940000534057617,22.655000686645508,17.591999053955078,9.895000457763672
2018-03-12,17.09292221069336,26.219999313354492,26.360000610351562,16.607999801635742,25.21500015258789,28.375,32.47999954223633,27.014999389648438,22.915000915527344,17.770000457763672,9.895000457763672
2018-03-13,17.215120315551758,26.049999237060547,26.360000610351562,16.43600082397461,25.040000915527344,28.375,32.47999954223633,26.729999542236328,22.594999313354492,17.673999786376953,9.935999870300293
2018-03-14,17.207490921020508,25.959999084472656,26.030000686645508,16.323999404907227,24.950000762939453,28.959999084472656,32.08000183105469,26.700000762939453,22.485000610351562,17.8439998626709,9.913999557495117
2018-03-15,17.207490921020508,25.829999923706055,26.219999313354492,16.402000427246094,25.114999771118164,28.959999084472656,32.130001068115234,26.704999923706055,22.684999465942383,17.908000946044922,9.954999923706055
2018-03-16,17.238040924072266,26.204999923706055,26.219999313354492,16.465999603271484,25.155000686645508,28.959999084472656,32.130001068115234,26.729999542236328,22.65999984741211,18.00200080871582,9.994999885559082
2018-03-19,17.19221305847168,25.68000030517578,25.834999084472656,16.211999893188477,24.725000381469727,28.959999084472656,32.130001068115234,26.450000762939453,22.06999969482422,17.878000259399414,9.883999824523926
2018-03-20,17.12347412109375,26.010000228881836,26.110000610351562,16.417999267578125,24.774999618530273,28.959999084472656,31.729999542236328,26.424999237060547,22.270000457763672,17.902000427246094,9.883999824523926
2018-03-21,17.12347412109375,26.59000015258789,26.18000030517578,16.413999557495117,24.829999923706055,29.290000915527344,31.729999542236328,26.21500015258789,22.325000762939453,17.940000534057617,9.831999778747559
2018-03-22,17.12347412109375,26.270000457763672,25.68000030517578,16.062000274658203,24.309999465942383,29.290000915527344,31.729999542236328,26.125,21.760000228881836,17.965999603271484,9.680000305175781
2018-03-23,17.12347412109375,26.084999084472656,25.309999465942383,15.678000450134277,23.954999923706055,29.290000915527344,30.889999389648438,25.8799991607666,21.290000915527344,17.785999298095703,9.590999603271484
2018-03-26,16.787418365478516,25.80500030517578,24.979999542236328,15.53600025177002,23.415000915527344,27.81999969482422,30.475000381469727,25.55500030517578,20.93000030517578,17.559999465942383,9.446999549865723
2018-03-27,16.928712844848633,26.19499969482422,25.530000686645508,15.770000457763672,23.885000228881836,28.510000228881836,30.475000381469727,25.885000228881836,21.510000228881836,17.790000915527344,9.446999549865723
2018-03-28,17.115835189819336,25.905000686645508,24.985000610351562,15.645999908447266,23.9950008392334,28.149999618530273,30.475000381469727,26.280000686645508,20.760000228881836,18.118000030517578,9.670000076293945
2018-03-29,17.1903018951416,26.19499969482422,24.985000610351562,15.78600025177002,24.200000762939453,28.6200008392334,30.475000381469727,26.614999771118164,21.190000534057617,18.25,9.670000076293945
2018-04-03,17.1903018951416,26.05500030517578,24.985000610351562,15.649999618530273,23.905000686645508,28.34000015258789,31.0,26.344999313354492,20.985000610351562,18.15399932861328,9.670000076293945
2018-04-04,17.16165542602539,26.155000686645508,25.19499969482422,15.62399959564209,23.90999984741211,28.094999313354492,31.0,26.545000076293945,20.825000762939453,18.128000259399414,9.670000076293945
2018-04-05,17.245676040649414,27.100000381469727,25.979999542236328,16.040000915527344,24.540000915527344,28.899999618530273,31.0,27.049999237060547,21.53499984741211,18.288000106811523,9.861000061035156
2018-04-06,17.259035110473633,26.825000762939453,25.979999542236328,15.812000274658203,24.1299991607666,28.899999618530273,31.0,26.899999618530273,21.104999542236328,18.299999237060547,9.835000038146973
2018-04-09,17.259035110473633,26.864999771118164,25.979999542236328,15.880000114440918,24.155000686645508,28.899999618530273,31.0,26.825000762939453,21.174999237060547,18.275999069213867,9.826000213623047
2018-04-10,17.259035110473633,27.399999618530273,25.979999542236328,15.954000473022461,24.405000686645508,28.899999618530273,31.0,26.760000228881836,21.309999465942383,18.166000366210938,9.822999954223633
2018-04-11,17.259035110473633,27.5049991607666,25.645000457763672,15.781999588012695,24.125,28.899999618530273,31.0,26.55500030517578,21.264999389648438,18.08799934387207,9.854999542236328
2018-04-12,17.1845703125,27.645000457763672,25.81999969482422,15.989999771118164,24.3799991607666,28.610000610351562,31.69499969482422,26.684999465942383,21.600000381469727,18.106000900268555,9.883000373840332
2018-04-13,17.196027755737305,27.889999389648438,25.81999969482422,15.904000282287598,24.290000915527344,28.610000610351562,31.69499969482422,26.635000228881836,21.524999618530273,18.18600082397461,9.883000373840332
2018-04-16,17.253311157226562,27.875,25.674999237060547,15.84000015258789,24.3799991607666,28.645000457763672,31.770000457763672,26.674999237060547,21.475000381469727,18.23200035095215,9.895999908447266
2018-04-17,17.425159454345703,28.084999084472656,25.674999237060547,15.977999687194824,24.59000015258789,28.645000457763672,31.770000457763672,26.78499984741211,21.96500015258789,18.417999267578125,9.895999908447266
2018-04-18,17.45952606201172,28.5,25.674999237060547,15.90999984741211,24.579999923706055,28.645000457763672,31.770000457763672,26.665000915527344,21.915000915527344,18.489999771118164,9.895999908447266
2018-04-19,17.26464080810547,28.795000076293945,25.674999237060547,16.0,24.46500015258789,29.15999984741211,32.595001220703125,26.114999771118164,21.719999313354492,18.350000381469727,9.934000015258789
2018-04-20,17.135711669921875,28.625,25.674999237060547,16.100000381469727,24.375,29.15999984741211,32.595001220703125,26.020000457763672,21.520000457763672,18.381999969482422,9.934000015258789
2018-04-23,17.135711669921875,28.825000762939453,26.21500015258789,16.215999603271484,24.610000610351562,29.405000686645508,32.595001220703125,25.985000610351562,21.7549991607666,18.398000717163086,10.03600025177002
2018-04-24,17.135711669921875,29.045000076293945,26.21500015258789,16.285999298095703,24.59000015258789,29.405000686645508,32.595001220703125,25.934999465942383,21.469999313354492,18.552000045776367,10.065999984741211
2018-04-25,17.135711669921875,28.71500015258789,26.21500015258789,16.09000015258789,24.59000015258789,29.405000686645508,32.595001220703125,25.985000610351562,21.264999389648438,18.552000045776367,10.065999984741211
2018-04-26,17.135711669921875,29.264999389648438,26.21500015258789,16.22800064086914,24.809999465942383,29.405000686645508,32.595001220703125,26.31999969482422,21.764999389648438,18.790000915527344,10.064000129699707
2018-04-27,17.472457885742188,29.19499969482422,26.21500015258789,16.238000869750977,24.96500015258789,29.405000686645508,32.595001220703125,26.549999237060547,21.770000457763672,18.99799919128418,10.064000129699707
2018-04-30,17.547504425048828,29.30500030517578,26.770000457763672,16.381999969482422,25.065000534057617,29.094999313354492,32.35499954223633,26.665000915527344,21.885000228881836,19.06800079345703,10.168000221252441
2018-05-01,17.547504425048828,29.30500030517578,26.770000457763672,16.381999969482422,25.065000534057617,29.094999313354492,32.35499954223633,26.665000915527344,21.885000228881836,19.06800079345703,10.168000221252441
2018-05-02,17.53403663635254,29.5,26.825000762939453,16.309999465942383,24.920000076293945,29.059999465942383,32.595001220703125,26.25,22.209999084472656,19.15999984741211,10.034000396728516
2018-05-03,17.48015022277832,29.204999923706055,26.420000076293945,16.034000396728516,24.479999542236328,29.059999465942383,32.369998931884766,26.09000015258789,21.924999237060547,19.083999633789062,9.913999557495117
2018-05-04,17.572519302368164,29.645000457763672,26.420000076293945,16.285999298095703,24.774999618530273,29.059999465942383,32.369998931884766,26.424999237060547,22.559999465942383,19.309999465942383,10.0
2018-05-07,17.572519302368164,30.209999084472656,27.09000015258789,16.356000900268555,24.954999923706055,29.059999465942383,32.369998931884766,26.489999771118164,22.899999618530273,19.299999237060547,10.017999649047852
2018-05-08,17.649492263793945,29.540000915527344,27.149999618530273,16.513999938964844,24.979999542236328,29.059999465942383,33.060001373291016,26.524999618530273,22.979999542236328,19.172000885009766,10.017999649047852
2018-05-09,17.672584533691406,30.579999923706055,27.010000228881836,16.573999404907227,24.889999389648438,29.059999465942383,33.060001373291016,26.55500030517578,23.084999084472656,18.961999893188477,10.017999649047852
2018-05-10,17.8342227935791,30.645000457763672,27.15999984741211,16.70400047302246,25.184999465942383,29.059999465942383,33.060001373291016,26.604999542236328,23.44499969482422,18.972000122070312,9.944000244140625
2018-05-11,17.89195442199707,30.78499984741211,27.204999923706055,16.719999313354492,25.219999313354492,29.059999465942383,33.80500030517578,26.55500030517578,23.405000686645508,19.016000747680664,10.0600004196167
2018-05-14,17.86501121520996,30.8799991607666,27.204999923706055,16.68600082397461,25.520000457763672,29.940000534057617,33.80500030517578,26.510000228881836,23.44499969482422,19.013999938964844,10.0600004196167
2018-05-15,17.580217361450195,31.114999771118164,27.19499969482422,16.785999298095703,25.475000381469727,29.969999313354492,33.83000183105469,26.575000762939453,23.2549991607666,18.992000579833984,9.928999900817871
2018-05-16,17.472457885742188,31.204999923706055,27.479999542236328,16.823999404907227,25.709999084472656,30.204999923706055,34.35499954223633,26.815000534057617,23.479999542236328,18.884000778198242,9.928999900817871
2018-05-17,17.42627716064453,31.75,27.65999984741211,16.832000732421875,25.809999465942383,30.204999923706055,34.619998931884766,26.8700008392334,23.575000762939453,18.895999908447266,9.925999641418457
2018-05-18,17.36469841003418,31.670000076293945,27.65999984741211,16.76799964904785,25.860000610351562,30.204999923706055,34.52000045776367,26.81999969482422,23.479999542236328,18.884000778198242,9.925999641418457
2018-05-21,17.495553970336914,31.670000076293945,27.71500015258789,16.76799964904785,25.959999084472656,30.204999923706055,34.52000045776367,26.959999084472656,23.530000686645508,18.964000701904297,9.928999900817871
2018-05-22,17.595611572265625,31.924999237060547,27.71500015258789,16.926000595092773,25.924999237060547,30.204999923706055,34.52000045776367,26.940000534057617,23.55500030517578,19.058000564575195,9.928999900817871
2018-05-23,17.595611572265625,31.200000762939453,27.71500015258789,16.77400016784668,25.940000534057617,30.204999923706055,34.275001525878906,27.014999389648438,23.559999465942383,19.18400001525879,10.010000228881836
2018-05-24,17.595611572265625,30.844999313354492,27.71500015258789,16.631999969482422,25.829999923706055,30.204999923706055,34.275001525878906,27.024999618530273,23.594999313354492,19.18600082397461,10.010000228881836
2018-05-25,17.595611572265625,30.184999465942383,27.885000228881836,16.68199920654297,25.985000610351562,30.204999923706055,34.21500015258789,27.31999969482422,23.90999984741211,19.309999465942383,10.010000228881836
2018-05-28,17.595611572265625,30.084999084472656,27.940000534057617,16.66200065612793,26.059999465942383,30.204999923706055,34.21500015258789,27.350000381469727,24.010000228881836,19.3439998626709,9.98900032043457
2018-05-29,17.62639808654785,30.415000915527344,27.864999771118164,16.392000198364258,25.94499969482422,30.635000228881836,34.21500015258789,27.399999618530273,23.950000762939453,19.3439998626709,9.954000473022461
2018-05-30,17.803434371948242,30.940000534057617,27.729999542236328,16.332000732421875,26.075000762939453,30.635000228881836,34.21500015258789,27.315000534057617,23.90999984741211,19.26799964904785,9.949000358581543
2018-05-31,17.84576988220215,30.864999771118164,27.614999771118164,16.257999420166016,25.90999984741211,30.635000228881836,33.915000915527344,27.125,23.940000534057617,19.305999755859375,9.949000358581543
2018-06-01,17.841920852661133,31.06999969482422,27.80500030517578,16.40999984741211,26.014999389648438,30.530000686645508,34.17499923706055,27.03499984741211,24.18000030517578,19.04199981689453,9.949000358581543
2018-06-04,17.90349769592285,30.780000686645508,27.979999542236328,16.45599937438965,26.040000915527344,30.530000686645508,34.17499923706055,27.174999237060547,24.34000015258789,19.055999755859375,9.944000244140625
2018-06-05,18.05743980407715,30.674999237060547,27.979999542236328,16.34600067138672,26.014999389648438,30.530000686645508,34.17499923706055,27.135000228881836,24.524999618530273,18.979999542236328,9.944000244140625
2018-06-06,18.045896530151367,30.53499984741211,28.149999618530273,16.43600082397461,25.979999542236328,30.485000610351562,34.650001525878906,26.799999237060547,24.405000686645508,18.624000549316406,9.946999549865723
2018-06-07,18.072837829589844,30.93000030517578,28.145000457763672,16.447999954223633,25.959999084472656,30.520000457763672,34.650001525878906,26.875,24.209999084472656,18.558000564575195,9.946999549865723
2018-06-08,18.088224411010742,30.915000915527344,28.2450008392334,16.420000076293945,26.104999542236328,30.520000457763672,34.650001525878906,27.09000015258789,24.219999313354492,18.5939998626709,9.946999549865723
2018-06-11,18.1671199798584,30.954999923706055,28.299999237060547,16.493999481201172,26.219999313354492,30.520000457763672,34.650001525878906,27.2450008392334,24.229999542236328,18.5939998626709,10.11400032043457
2018-06-12,18.1671199798584,30.985000610351562,28.405000686645508,16.465999603271484,26.15999984741211,30.520000457763672,34.650001525878906,27.325000762939453,24.31999969482422,18.70199966430664,10.100000381469727
2018-06-13,18.1671199798584,30.7450008392334,28.405000686645508,16.40399932861328,26.375,30.75,34.650001525878906,27.44499969482422,24.55500030517578,18.802000045776367,9.9399995803833
2018-06-14,18.018953323364258,31.145000457763672,28.920000076293945,16.483999252319336,26.645000457763672,30.75,34.650001525878906,27.674999237060547,24.80500030517578,19.121999740600586,9.9399995803833
2018-06-15,18.026653289794922,30.475000381469727,28.924999237060547,16.31599998474121,26.655000686645508,30.68000030517578,34.3650016784668,27.780000686645508,24.68000030517578,19.15399932861328,10.020000457763672
2018-06-18,17.928510665893555,30.822500228881836,28.934999465942383,16.34600067138672,26.469999313354492,30.68000030517578,34.244998931884766,27.540000915527344,24.739999771118164,19.170000076293945,9.991000175476074
2018-06-19,17.888103485107422,30.75,28.729999542236328,16.322999954223633,26.530000686645508,30.68000030517578,33.619998931884766,27.6200008392334,24.559999465942383,19.308000564575195,9.991000175476074
2018-06-20,17.945829391479492,30.71500015258789,28.729999542236328,16.374000549316406,26.684999465942383,30.68000030517578,33.6150016784668,27.725000381469727,24.780000686645508,19.381999969482422,10.01200008392334
2018-06-21,17.945829391479492,30.352500915527344,28.71500015258789,16.20400047302246,26.540000915527344,29.895000457763672,33.6150016784668,27.725000381469727,24.59000015258789,19.285999298095703,10.010000228881836
2018-06-22,18.119016647338867,31.0,28.71500015258789,16.31599998474121,26.690000534057617,29.895000457763672,33.6150016784668,27.93000030517578,24.329999923706055,19.332000732421875,10.04800033569336
2018-06-25,18.03434944152832,30.059999465942383,27.850000381469727,15.904000282287598,26.225000381469727,29.895000457763672,32.85499954223633,27.65999984741211,23.665000915527344,19.395999908447266,9.925000190734863
2018-06-26,18.088224411010742,30.415000915527344,27.975000381469727,15.960000038146973,26.229999542236328,29.895000457763672,33.03499984741211,27.764999389648438,23.815000534057617,19.604000091552734,9.925000190734863
2018-06-27,18.02280044555664,31.270000457763672,27.975000381469727,16.035999298095703,26.3700008392334,29.895000457763672,33.03499984741211,27.950000762939453,23.985000610351562,19.687999725341797,9.925000190734863
2018-06-28,18.02280044555664,31.139999389648438,27.915000915527344,15.973999977111816,26.104999542236328,29.895000457763672,33.03499984741211,27.90999984741211,23.78499984741211,19.733999252319336,9.925000190734863
2018-06-29,18.02280044555664,31.325000762939453,28.06999969482422,16.097000122070312,26.309999465942383,29.895000457763672,33.03499984741211,27.844999313354492,23.860000610351562,19.652000427246094,9.925000190734863
2018-07-02,18.02280044555664,30.950000762939453,27.834999084472656,15.906000137329102,26.1200008392334,29.354999542236328,33.07500076293945,27.75,23.844999313354492,19.72800064086914,9.925000190734863
2018-07-03,18.02280044555664,31.09749984741211,27.864999771118164,15.968000411987305,26.354999542236328,29.354999542236328,33.03499984741211,27.829999923706055,23.875,19.902000427246094,9.925000190734863
2018-07-04,18.02280044555664,31.209999084472656,27.770000457763672,15.9399995803833,26.360000610351562,29.354999542236328,33.03499984741211,27.915000915527344,23.665000915527344,19.968000411987305,9.925000190734863
2018-07-05,18.13440704345703,31.082500457763672,27.65999984741211,15.92199993133545,26.344999313354492,29.354999542236328,33.03499984741211,27.80500030517578,23.729999542236328,19.937999725341797,9.925000190734863
2018-07-06,18.34223175048828,31.030000686645508,27.65999984741211,15.932999610900879,26.600000381469727,29.354999542236328,33.03499984741211,27.954999923706055,23.954999923706055,20.079999923706055,9.925000190734863
2018-07-09,18.301820755004883,31.447500228881836,27.65999984741211,16.148000717163086,26.834999084472656,29.354999542236328,33.03499984741211,27.940000534057617,24.155000686645508,19.945999145507812,9.925000190734863
2018-07-10,18.301820755004883,31.77750015258789,27.65999984741211,16.18000030517578,26.924999237060547,29.80500030517578,33.57500076293945,28.030000686645508,24.395000457763672,19.761999130249023,9.925000190734863
2018-07-11,18.301820755004883,31.229999542236328,28.094999313354492,16.045000076293945,26.764999389648438,29.55500030517578,33.57500076293945,28.0049991607666,24.2450008392334,19.857999801635742,10.182000160217285
2018-07-12,18.301820755004883,31.142499923706055,28.094999313354492,16.062000274658203,27.094999313354492,29.55500030517578,33.57500076293945,28.149999618530273,24.649999618530273,19.93400001525879,10.234000205993652
2018-07-13,18.301820755004883,31.450000762939453,28.530000686645508,16.079999923706055,27.270000457763672,29.55500030517578,33.57500076293945,28.2549991607666,24.78499984741211,19.920000076293945,10.234000205993652
2018-07-16,18.226776123046875,30.825000762939453,28.434999465942383,16.13599967956543,27.059999465942383,29.875,32.97999954223633,28.104999542236328,24.649999618530273,19.84000015258789,10.194000244140625
2018-07-17,18.10362434387207,30.864999771118164,28.434999465942383,16.25200080871582,27.139999389648438,29.875,33.21500015258789,28.229999542236328,24.684999465942383,19.95599937438965,10.194000244140625
2018-07-18,17.957372665405273,30.80500030517578,28.71500015258789,16.399999618530273,27.350000381469727,29.875,33.540000915527344,28.19499969482422,24.915000915527344,19.90399932861328,10.194000244140625
2018-07-19,18.026653289794922,31.09000015258789,28.760000228881836,16.351999282836914,27.30500030517578,29.875,33.540000915527344,28.260000228881836,24.9950008392334,20.014999389648438,10.194000244140625
2018-07-20,18.040124893188477,30.78499984741211,28.475000381469727,16.239999771118164,27.19499969482422,29.875,33.540000915527344,28.350000381469727,24.864999771118164,19.856000900268555,10.194000244140625
2018-07-23,18.040124893188477,30.774999618530273,28.290000915527344,16.378000259399414,27.18000030517578,29.875,32.81999969482422,28.219999313354492,24.739999771118164,19.781999588012695,10.194000244140625
2018-07-24,18.04204559326172,31.079999923706055,28.290000915527344,16.538000106811523,27.43000030517578,29.875,33.474998474121094,28.190000534057617,25.075000762939453,19.63599967956543,10.105999946594238
2018-07-25,18.126712799072266,31.165000915527344,28.290000915527344,16.496000289916992,27.485000610351562,29.875,33.474998474121094,28.334999084472656,25.104999542236328,19.868000030517578,10.105999946594238
2018-07-26,18.16327476501465,31.389999389648438,28.290000915527344,16.628000259399414,27.795000076293945,30.7450008392334,33.474998474121094,28.600000381469727,25.084999084472656,20.014999389648438,10.105999946594238
2018-07-27,18.16327476501465,31.4950008392334,28.524999618530273,16.66200065612793,27.674999237060547,30.7450008392334,33.474998474121094,28.709999084472656,24.829999923706055,20.065000534057617,10.105999946594238
2018-07-30,18.16327476501465,31.405000686645508,28.524999618530273,16.624000549316406,27.5049991607666,30.7450008392334,33.709999084472656,28.514999389648438,24.09000015258789,19.874000549316406,10.324000358581543
2018-07-31,18.280656814575195,31.575000762939453,28.200000762939453,16.573999404907227,27.709999084472656,30.7450008392334,33.83000183105469,28.53499984741211,24.174999237060547,19.93199920654297,10.324000358581543
2018-08-01,18.095924377441406,31.190000534057617,28.200000762939453,16.573999404907227,27.84000015258789,30.725000381469727,33.80500030517578,28.485000610351562,24.434999465942383,19.790000915527344,10.324000358581543
2018-08-02,18.16149139404297,31.155000686645508,28.200000762939453,16.507999420166016,27.854999542236328,30.725000381469727,33.43000030517578,28.610000610351562,24.635000228881836,19.889999389648438,10.255999565124512
2018-08-03,18.16149139404297,31.1299991607666,28.200000762939453,16.59000015258789,28.06999969482422,30.725000381469727,33.70500183105469,29.040000915527344,24.829999923706055,20.100000381469727,10.255999565124512
2018-08-06,18.239274978637695,31.3799991607666,28.200000762939453,16.670000076293945,28.165000915527344,30.719999313354492,33.70500183105469,29.045000076293945,24.989999771118164,20.18000030517578,10.255999565124512
2018-08-07,18.26260757446289,31.584999084472656,28.200000762939453,16.74799919128418,28.21500015258789,30.905000686645508,33.70500183105469,28.90999984741211,25.110000610351562,20.1200008392334,10.255999565124512
2018-08-08,18.2703800201416,31.190000534057617,28.200000762939453,16.739999771118164,28.1200008392334,30.905000686645508,33.70500183105469,28.764999389648438,25.19499969482422,20.040000915527344,10.53600025177002
2018-08-09,18.2703800201416,31.21500015258789,28.200000762939453,16.76799964904785,28.239999771118164,30.905000686645508,33.70500183105469,28.780000686645508,25.334999084472656,20.079999923706055,10.53600025177002
2018-08-10,18.2703800201416,31.31999969482422,28.200000762939453,16.722000122070312,28.364999771118164,30.905000686645508,33.70500183105469,28.889999389648438,25.43000030517578,20.2549991607666,10.53600025177002
2018-08-13,18.2703800201416,31.354999542236328,28.200000762939453,16.63800048828125,28.325000762939453,30.905000686645508,33.70500183105469,28.795000076293945,25.450000762939453,20.174999237060547,10.54800033569336
2018-08-14,18.052602767944336,31.309999465942383,29.059999465942383,16.687999725341797,28.5,30.905000686645508,33.70500183105469,29.06999969482422,25.559999465942383,20.3700008392334,10.637999534606934
2018-08-15,17.98259925842285,30.559999465942383,29.059999465942383,16.606000900268555,28.5,30.905000686645508,33.70500183105469,29.06999969482422,25.559999465942383,20.3700008392334,10.637999534606934
2018-08-16,18.208162307739258,30.540000915527344,28.829999923706055,16.70800018310547,28.520000457763672,30.905000686645508,32.900001525878906,29.290000915527344,25.44499969482422,20.46500015258789,10.6899995803833
2018-08-17,18.260663986206055,30.454999923706055,28.829999923706055,16.68400001525879,28.559999465942383,30.905000686645508,32.79999923706055,29.350000381469727,25.229999542236328,20.59000015258789,10.696000099182129
2018-08-20,18.260663986206055,30.725000381469727,28.809999465942383,16.72800064086914,28.690000534057617,30.905000686645508,32.79999923706055,29.415000915527344,25.209999084472656,20.520000457763672,10.692000389099121
2018-08-21,18.317052841186523,30.7549991607666,28.825000762939453,16.709999084472656,28.530000686645508,30.905000686645508,32.79999923706055,29.075000762939453,25.184999465942383,20.30500030517578,10.692000389099121
2018-08-22,18.27815818786621,30.81999969482422,28.795000076293945,16.624000549316406,28.459999084472656,30.905000686645508,32.79999923706055,28.844999313354492,25.114999771118164,20.110000610351562,10.692000389099121
2018-08-23,18.245105743408203,30.725000381469727,28.670000076293945,16.531999588012695,28.420000076293945,30.905000686645508,32.79999923706055,28.825000762939453,25.190000534057617,20.110000610351562,10.692000389099121
2018-08-24,18.245105743408203,30.985000610351562,28.670000076293945,16.507999420166016,28.405000686645508,30.905000686645508,32.79999923706055,28.655000686645508,25.334999084472656,20.030000686645508,10.692000389099121
2018-08-27,18.245105743408203,30.940000534057617,28.670000076293945,16.63800048828125,28.475000381469727,30.905000686645508,33.2400016784668,28.6200008392334,25.540000915527344,19.93199920654297,10.468000411987305
2018-08-28,18.402605056762695,30.81999969482422,28.825000762939453,16.552000045776367,28.399999618530273,30.905000686645508,33.2400016784668,28.520000457763672,25.5,19.865999221801758,10.468000411987305
2018-08-29,18.55816650390625,30.924999237060547,29.024999618530273,16.625999450683594,28.59000015258789,30.905000686645508,33.2400016784668,28.55500030517578,25.735000610351562,19.97800064086914,10.39799976348877
2018-08-30,18.404552459716797,30.8799991607666,29.024999618530273,16.558000564575195,28.674999237060547,30.905000686645508,33.2400016784668,28.565000534057617,25.81999969482422,20.059999465942383,10.329999923706055
2018-08-31,18.387054443359375,30.65999984741211,29.100000381469727,16.489999771118164,28.670000076293945,30.864999771118164,33.2400016784668,28.55500030517578,25.889999389648438,20.014999389648438,10.293999671936035
2018-09-03,18.36372184753418,30.774999618530273,29.094999313354492,16.520000457763672,28.7549991607666,30.864999771118164,33.2400016784668,28.549999237060547,25.915000915527344,19.986000061035156,10.293999671936035
2018-09-04,18.26260757446289,30.645000457763672,29.094999313354492,16.54800033569336,28.71500015258789,30.78499984741211,32.564998626708984,28.540000915527344,25.8799991607666,20.104999542236328,10.293999671936035
2018-09-05,18.217884063720703,30.219999313354492,29.094999313354492,16.483999252319336,28.329999923706055,30.78499984741211,32.564998626708984,28.344999313354492,25.290000915527344,20.014999389648438,10.293999671936035
2018-09-06,18.217884063720703,30.05500030517578,28.540000915527344,16.402000427246094,28.219999313354492,30.78499984741211,32.564998626708984,28.360000610351562,25.104999542236328,20.114999771118164,10.178000450134277
2018-09-07,18.217884063720703,29.889999389648438,28.540000915527344,16.399999618530273,28.440000534057617,30.78499984741211,32.564998626708984,28.489999771118164,25.31999969482422,20.139999389648438,10.178000450134277
2018-09-10,18.217884063720703,29.979999542236328,28.639999389648438,16.43400001525879,28.440000534057617,30.895000457763672,32.209999084472656,28.594999313354492,25.200000762939453,20.19499969482422,10.178000450134277
2018-09-11,18.217884063720703,30.184999465942383,28.639999389648438,16.389999389648438,28.424999237060547,30.895000457763672,32.209999084472656,28.46500015258789,25.309999465942383,20.264999389648438,10.178000450134277
2018-09-12,18.217884063720703,30.524999618530273,28.780000686645508,16.333999633789062,28.46500015258789,30.895000457763672,32.209999084472656,28.69499969482422,25.170000076293945,20.094999313354492,10.178000450134277
2018-09-13,18.217884063720703,30.204999923706055,28.780000686645508,16.261999130249023,28.520000457763672,30.885000228881836,32.209999084472656,28.549999237060547,25.34000015258789,20.084999084472656,10.178000450134277
2018-09-14,18.217884063720703,30.475000381469727,28.780000686645508,16.381999969482422,28.700000762939453,30.885000228881836,32.209999084472656,28.540000915527344,25.475000381469727,20.024999618530273,10.482000350952148
2018-09-17,18.217884063720703,30.514999389648438,28.655000686645508,16.350000381469727,28.549999237060547,30.885000228881836,32.595001220703125,28.565000534057617,25.200000762939453,20.065000534057617,10.498000144958496
2018-09-18,18.217884063720703,30.700000762939453,28.655000686645508,16.413999557495117,28.655000686645508,30.885000228881836,32.595001220703125,28.540000915527344,25.31999969482422,20.110000610351562,10.545999526977539
2018-09-19,18.231496810913086,30.844999313354492,28.655000686645508,16.645999908447266,28.700000762939453,30.885000228881836,32.595001220703125,28.514999389648438,25.184999465942383,19.902000427246094,10.486000061035156
2018-09-20,18.200382232666016,30.690000534057617,28.655000686645508,16.722000122070312,28.68000030517578,30.885000228881836,32.595001220703125,28.540000915527344,25.309999465942383,19.79199981689453,10.486000061035156
2018-09-21,18.200382232666016,30.809999465942383,28.655000686645508,16.761999130249023,28.739999771118164,31.530000686645508,32.595001220703125,28.65999984741211,25.329999923706055,19.86400032043457,10.486000061035156
2018-09-24,18.200382232666016,31.19499969482422,28.719999313354492,16.634000778198242,28.6299991607666,31.530000686645508,32.595001220703125,28.309999465942383,25.219999313354492,19.718000411987305,10.486000061035156
2018-09-25,18.09149169921875,31.559999465942383,28.719999313354492,16.628000259399414,28.80500030517578,31.530000686645508,32.595001220703125,28.315000534057617,25.329999923706055,19.57200050354004,10.486000061035156
2018-09-26,18.08176612854004,31.489999771118164,28.719999313354492,16.600000381469727,28.94499969482422,31.530000686645508,32.595001220703125,28.459999084472656,25.485000610351562,19.591999053955078,10.486000061035156
2018-09-27,18.01176643371582,31.59000015258789,28.719999313354492,16.607999801635742,29.15999984741211,31.434999465942383,32.595001220703125,28.635000228881836,25.674999237060547,19.729999542236328,10.486000061035156
2018-09-28,17.972877502441406,31.78499984741211,29.350000381469727,16.47800064086914,29.270000457763672,31.434999465942383,32.595001220703125,28.6200008392334,25.780000686645508,19.851999282836914,10.486000061035156
2018-10-01,18.021488189697266,32.09000015258789,29.545000076293945,16.520000457763672,29.600000381469727,31.75,33.64500045776367,28.7450008392334,26.05500030517578,19.898000717163086,10.486000061035156
2018-10-02,17.823158264160156,32.08000183105469,29.325000762939453,16.389999389648438,29.485000610351562,31.75,33.64500045776367,28.725000381469727,26.040000915527344,20.059999465942383,10.543999671936035
2018-10-03,17.830923080444336,32.08000183105469,29.270000457763672,16.389999389648438,29.704999923706055,31.75,33.64500045776367,28.90999984741211,26.15999984741211,20.18000030517578,10.543999671936035
2018-10-04,17.46148109436035,32.415000915527344,28.764999389648438,16.59600067138672,29.280000686645508,31.75,33.44499969482422,28.344999313354492,25.75,19.947999954223633,10.543999671936035
2018-10-05,17.482868194580078,32.14500045776367,28.510000228881836,16.531999588012695,29.239999771118164,31.75,33.44499969482422,28.364999771118164,25.364999771118164,20.125,10.61400032043457
2018-10-08,17.57036781311035,32.025001525878906,28.360000610351562,16.468000411987305,29.170000076293945,31.75,33.44499969482422,28.520000457763672,25.104999542236328,20.125,10.61400032043457
2018-10-09,17.72203826904297,32.310001373291016,28.579999923706055,16.511999130249023,29.200000762939453,31.2450008392334,33.44499969482422,28.625,25.344999313354492,20.125,10.61400032043457
2018-10-10,17.60926055908203,31.655000686645508,27.725000381469727,16.341999053955078,28.985000610351562,30.30500030517578,31.614999771118164,28.44499969482422,24.360000610351562,20.360000610351562,10.579999923706055
2018-10-11,17.290363311767578,30.489999771118164,27.010000228881836,15.779999732971191,27.985000610351562,29.614999771118164,31.075000762939453,27.7450008392334,23.764999389648438,19.93600082397461,10.307999610900879
2018-10-12,17.072582244873047,30.40999984741211,27.264999389648438,15.63599967956543,28.020000457763672,29.479999542236328,31.165000915527344,27.5,24.094999313354492,19.68400001525879,10.307999610900879
2018-10-15,17.17369270324707,30.440000534057617,27.28499984741211,15.637999534606934,28.010000228881836,29.479999542236328,31.2450008392334,27.670000076293945,24.104999542236328,19.808000564575195,10.293999671936035
2018-10-16,17.313695907592773,30.5049991607666,27.549999237060547,15.715999603271484,28.40999984741211,29.479999542236328,31.2450008392334,27.815000534057617,24.375,19.808000564575195,10.293999671936035
2018-10-17,17.389530181884766,30.315000534057617,27.71500015258789,15.829999923706055,28.614999771118164,29.81999969482422,31.2450008392334,27.860000610351562,24.514999389648438,20.020000457763672,10.293999671936035
2018-10-18,17.458454132080078,30.28499984741211,27.575000762939453,15.767999649047852,28.68000030517578,29.81999969482422,31.270000457763672,28.114999771118164,24.260000228881836,20.170000076293945,10.293999671936035
2018-10-19,17.474123001098633,30.334999084472656,27.440000534057617,15.793999671936035,28.674999237060547,29.81999969482422,31.270000457763672,28.479999542236328,24.315000534057617,20.389999389648438,10.53600025177002
2018-10-22,17.433002471923828,29.934999465942383,27.354999542236328,15.666000366210938,28.309999465942383,29.81999969482422,30.860000610351562,28.524999618530273,24.3799991607666,20.34000015258789,10.53600025177002
2018-10-23,17.19411277770996,28.969999313354492,26.934999465942383,15.357999801635742,27.815000534057617,28.56999969482422,30.219999313354492,28.264999389648438,23.795000076293945,20.145000457763672,10.461999893188477
2018-10-24,17.364471435546875,28.860000610351562,27.024999618530273,15.291999816894531,28.045000076293945,28.56999969482422,29.825000762939453,28.774999618530273,23.81999969482422,20.510000228881836,10.461999893188477
2018-10-25,17.483909606933594,28.799999237060547,27.19499969482422,15.387999534606934,27.655000686645508,28.575000762939453,30.0,28.80500030517578,23.934999465942383,20.479999542236328,10.34000015258789
2018-10-26,17.28614044189453,28.510000228881836,26.524999618530273,15.199999809265137,27.325000762939453,28.575000762939453,29.709999084472656,28.40999984741211,23.56999969482422,20.165000915527344,10.34000015258789
2018-10-29,17.46628761291504,28.520000457763672,26.604999542236328,15.42199993133545,27.614999771118164,28.575000762939453,29.709999084472656,28.645000457763672,23.364999771118164,20.3799991607666,10.234000205993652
2018-10-30,17.579856872558594,28.3799991607666,26.68000030517578,15.362000465393066,27.709999084472656,28.575000762939453,29.709999084472656,28.75,23.28499984741211,20.28499984741211,10.234000205993652
2018-10-31,17.44278907775879,29.309999465942383,27.30500030517578,15.779999732971191,28.059999465942383,28.575000762939453,30.850000381469727,28.920000076293945,24.135000228881836,20.28499984741211,10.357999801635742
2018-11-01,17.456501007080078,28.780000686645508,27.395000457763672,15.76200008392334,28.139999389648438,28.920000076293945,30.850000381469727,28.969999313354492,24.104999542236328,20.28499984741211,10.175999641418457
2018-11-02,17.325305938720703,28.825000762939453,27.655000686645508,15.788000106811523,28.114999771118164,29.104999542236328,31.5,28.854999542236328,23.950000762939453,20.059999465942383,10.175999641418457
2018-11-05,17.5211181640625,29.25,27.450000762939453,15.878000259399414,28.229999542236328,28.959999084472656,31.5,29.114999771118164,23.584999084472656,20.059999465942383,10.175999641418457
2018-11-06,17.60140037536621,29.155000686645508,27.565000534057617,15.895999908447266,28.299999237060547,28.959999084472656,31.5,29.15999984741211,23.829999923706055,20.334999084472656,10.175999641418457
2018-11-07,17.81874656677246,29.420000076293945,27.844999313354492,15.9399995803833,28.790000915527344,28.959999084472656,31.5,29.209999084472656,24.239999771118164,20.540000915527344,10.291999816894531
2018-11-08,17.826581954956055,29.55500030517578,28.174999237060547,16.194000244140625,29.084999084472656,28.959999084472656,31.5,29.424999237060547,24.3700008392334,20.559999465942383,10.291999816894531
2018-11-09,17.87357521057129,29.190000534057617,27.989999771118164,16.142000198364258,29.165000915527344,28.959999084472656,31.5,29.700000762939453,24.1299991607666,20.84000015258789,10.291999816894531
2018-11-12,17.850078582763672,29.174999237060547,27.639999389648438,16.016000747680664,29.094999313354492,29.229999542236328,31.5,29.735000610351562,23.4950008392334,20.9950008392334,10.442000389099121
2018-11-13,17.881406784057617,28.690000534057617,27.78499984741211,16.131999969482422,29.020000457763672,29.3799991607666,31.5,29.530000686645508,23.764999389648438,20.9950008392334,10.522000312805176
2018-11-14,17.87357521057129,28.155000686645508,27.559999465942383,15.918000221252441,28.545000076293945,29.3799991607666,31.5,29.344999313354492,23.309999465942383,20.9950008392334,10.479999542236328
2018-11-15,17.705177307128906,28.344999313354492,27.135000228881836,15.788000106811523,28.30500030517578,29.3799991607666,31.100000381469727,29.170000076293945,23.389999389648438,20.700000762939453,10.42199993133545
2018-11-16,17.81679344177246,28.44499969482422,27.065000534057617,15.791999816894531,28.579999923706055,29.3799991607666,31.100000381469727,29.1299991607666,23.389999389648438,20.700000762939453,10.461999893188477
2018-11-19,17.90882110595703,28.350000381469727,26.760000228881836,15.718000411987305,28.315000534057617,29.3799991607666,31.100000381469727,28.934999465942383,22.725000381469727,20.700000762939453,10.461999893188477
2018-11-20,17.724754333496094,27.850000381469727,26.229999542236328,15.465999603271484,28.165000915527344,29.3799991607666,31.100000381469727,28.815000534057617,22.2450008392334,20.770000457763672,10.461999893188477
2018-11-21,17.88531494140625,28.229999542236328,26.56999969482422,15.661999702453613,28.1200008392334,29.3799991607666,31.100000381469727,28.78499984741211,22.579999923706055,20.770000457763672,10.461999893188477
2018-11-22,17.775665283203125,28.0,26.270000457763672,15.461999893188477,27.915000915527344,29.3799991607666,30.344999313354492,28.639999389648438,22.190000534057617,20.770000457763672,10.366000175476074
2018-11-23,17.83049964904785,27.354999542236328,26.584999084472656,15.605999946594238,28.344999313354492,29.3799991607666,30.31999969482422,28.975000381469727,22.44499969482422,20.670000076293945,10.425999641418457
2018-11-26,17.865737915039062,27.774999618530273,26.885000228881836,15.814000129699707,28.395000457763672,29.3799991607666,30.545000076293945,28.920000076293945,22.709999084472656,20.719999313354492,10.592000007629395
2018-11-27,17.87357521057129,27.815000534057617,27.084999084472656,15.869999885559082,28.4950008392334,29.3799991607666,30.110000610351562,29.05500030517578,22.954999923706055,20.719999313354492,10.720000267028809
2018-11-28,17.951904296875,27.780000686645508,27.204999923706055,15.913999557495117,28.864999771118164,29.3799991607666,30.110000610351562,29.200000762939453,23.05500030517578,20.94499969482422,10.720000267028809
2018-11-29,18.006725311279297,28.020000457763672,27.389999389648438,15.899999618530273,29.1299991607666,29.3799991607666,30.110000610351562,29.174999237060547,23.315000534057617,20.94499969482422,10.654000282287598
2018-11-30,17.944068908691406,28.09000015258789,27.5049991607666,15.892000198364258,29.364999771118164,29.3799991607666,30.110000610351562,29.204999923706055,23.46500015258789,20.875,10.654000282287598
2018-12-03,18.075258255004883,28.610000610351562,28.104999542236328,16.034000396728516,29.584999084472656,29.71500015258789,31.09000015258789,29.229999542236328,23.985000610351562,21.024999618530273,10.871999740600586
2018-12-04,18.114423751831055,28.584999084472656,27.809999465942383,15.800000190734863,29.614999771118164,29.71500015258789,31.09000015258789,29.420000076293945,23.81999969482422,21.024999618530273,10.871999740600586
2018-12-05,17.975400924682617,28.1200008392334,27.350000381469727,15.515999794006348,29.094999313354492,29.71500015258789,31.09000015258789,29.045000076293945,23.309999465942383,21.024999618530273,10.567999839782715
2018-12-06,17.750211715698242,26.96500015258789,26.4950008392334,14.98799991607666,28.045000076293945,29.71500015258789,29.219999313354492,28.315000534057617,22.53499984741211,20.760000228881836,10.303999900817871
2018-12-07,18.200572967529297,27.614999771118164,26.739999771118164,15.067999839782715,28.219999313354492,29.71500015258789,29.219999313354492,28.68000030517578,22.645000457763672,20.760000228881836,10.303999900817871
2018-12-10,17.83441162109375,26.565000534057617,26.059999465942383,14.680000305175781,27.700000762939453,29.71500015258789,28.905000686645508,28.260000228881836,22.270000457763672,20.854999542236328,10.270000457763672
2018-12-11,18.02239227294922,27.010000228881836,26.739999771118164,14.869999885559082,28.375,29.71500015258789,29.579999923706055,28.8700008392334,22.950000762939453,20.854999542236328,10.270000457763672
2018-12-12,18.03805923461914,27.375,26.979999542236328,14.923999786376953,28.825000762939453,29.71500015258789,29.579999923706055,28.915000915527344,23.2549991607666,20.854999542236328,10.270000457763672
2018-12-13,17.928401947021484,27.239999771118164,26.774999618530273,14.881999969482422,28.604999542236328,29.71500015258789,29.579999923706055,28.94499969482422,22.985000610351562,21.510000228881836,10.270000457763672
2018-12-14,17.897075653076172,27.079999923706055,26.670000076293945,14.826000213623047,28.05500030517578,29.71500015258789,29.475000381469727,28.690000534057617,22.799999237060547,21.5049991607666,10.270000457763672
2018-12-17,17.771753311157227,26.674999237060547,26.15999984741211,14.706000328063965,27.75,29.71500015258789,29.420000076293945,28.315000534057617,22.475000381469727,21.274999618530273,10.4399995803833
2018-12-18,17.62293815612793,25.934999465942383,25.8700008392334,14.586000442504883,27.25,29.71500015258789,29.209999084472656,27.885000228881836,22.149999618530273,21.274999618530273,10.4399995803833
2018-12-19,17.654268264770508,25.920000076293945,25.969999313354492,14.545999526977539,27.065000534057617,29.71500015258789,29.389999389648438,27.7450008392334,22.149999618530273,20.770000457763672,10.4399995803833
2018-12-20,17.41929817199707,25.1299991607666,25.03499984741211,14.227999687194824,26.5049991607666,29.71500015258789,29.389999389648438,27.325000762939453,21.30500030517578,20.770000457763672,10.4399995803833
2018-12-21,17.317468643188477,25.024999618530273,24.850000381469727,14.199999809265137,26.46500015258789,29.71500015258789,28.674999237060547,27.31999969482422,21.155000686645508,20.770000457763672,9.861000061035156
2018-12-24,16.97871971130371,25.024999618530273,24.850000381469727,14.199999809265137,26.46500015258789,29.71500015258789,28.674999237060547,27.31999969482422,21.155000686645508,20.770000457763672,9.861000061035156
2018-12-27,16.737873077392578,24.614999771118164,24.68000030517578,14.017999649047852,26.09000015258789,29.71500015258789,28.450000762939453,26.625,20.895000457763672,19.98200035095215,9.781999588012695
2018-12-28,16.963056564331055,25.1299991607666,25.09000015258789,14.302000045776367,26.645000457763672,29.71500015258789,28.860000610351562,27.0049991607666,21.315000534057617,19.98200035095215,9.781999588012695
2018-12-31,17.072708129882812,25.1299991607666,25.09000015258789,14.302000045776367,26.645000457763672,29.71500015258789,28.860000610351562,27.0049991607666,21.315000534057617,19.98200035095215,9.781999588012695
2019-01-02,16.777034759521484,25.645000457763672,25.479999542236328,14.442000389099121,26.81999969482422,29.71500015258789,28.860000610351562,27.084999084472656,21.649999618530273,20.2450008392334,9.781999588012695
2019-01-03,16.910186767578125,25.53499984741211,25.135000228881836,14.315999984741211,26.46500015258789,26.225000381469727,28.860000610351562,27.049999237060547,20.809999465942383,20.2450008392334,9.781999588012695
2019-01-04,17.1373291015625,26.075000762939453,25.774999618530273,14.637999534606934,27.0049991607666,26.950000762939453,28.860000610351562,27.3700008392334,21.325000762939453,20.44499969482422,10.272000312805176
2019-01-07,17.243061065673828,26.469999313354492,26.170000076293945,14.682000160217285,27.094999313354492,26.950000762939453,29.614999771118164,27.229999542236328,21.459999084472656,20.3700008392334,10.272000312805176
2019-01-08,17.450626373291016,26.625,26.440000534057617,14.661999702453613,27.145000457763672,26.950000762939453,29.614999771118164,27.420000076293945,21.600000381469727,20.3700008392334,10.272000312805176
2019-01-09,17.5211181640625,26.809999465942383,26.440000534057617,14.734000205993652,27.389999389648438,26.950000762939453,29.90999984741211,27.420000076293945,21.90999984741211,20.3700008392334,10.272000312805176
2019-01-10,17.63860511779785,26.915000915527344,26.530000686645508,14.833999633789062,27.344999313354492,27.68000030517578,29.96500015258789,27.290000915527344,21.8700008392334,20.3700008392334,10.42199993133545
2019-01-11,17.787416458129883,26.815000534057617,26.530000686645508,14.859999656677246,27.424999237060547,27.68000030517578,29.989999771118164,27.450000762939453,21.979999542236328,20.3700008392334,10.42199993133545
2019-01-14,17.765880584716797,26.78499984741211,26.530000686645508,14.90999984741211,27.280000686645508,27.68000030517578,29.989999771118164,27.350000381469727,21.834999084472656,20.354999542236328,10.42199993133545
2019-01-15,17.850078582763672,27.104999542236328,26.790000915527344,15.043999671936035,27.795000076293945,27.68000030517578,30.014999389648438,27.649999618530273,22.2549991607666,20.690000534057617,10.592000007629395
2019-01-16,17.914695739746094,27.03499984741211,26.975000381469727,15.37399959564209,27.864999771118164,27.68000030517578,30.014999389648438,27.5049991607666,22.385000228881836,20.690000534057617,10.592000007629395
2019-01-17,17.99106216430664,27.03499984741211,26.975000381469727,15.354000091552734,27.93000030517578,28.19499969482422,30.334999084472656,27.65999984741211,22.3700008392334,20.834999084472656,10.592000007629395
2019-01-18,18.061552047729492,27.68000030517578,26.975000381469727,15.678000450134277,28.260000228881836,28.19499969482422,30.334999084472656,28.059999465942383,22.920000076293945,20.975000381469727,10.592000007629395
2019-01-21,18.063507080078125,27.674999237060547,27.309999465942383,15.642000198364258,28.274999618530273,28.19499969482422,30.850000381469727,27.96500015258789,22.764999389648438,20.975000381469727,10.67199993133545
2019-01-22,18.02630615234375,27.315000534057617,27.309999465942383,15.567999839782715,28.170000076293945,28.610000610351562,30.59000015258789,27.864999771118164,22.670000076293945,20.920000076293945,10.656000137329102
2019-01-23,18.047847747802734,26.895000457763672,27.309999465942383,15.456000328063965,28.030000686645508,28.610000610351562,30.270000457763672,27.90999984741211,22.479999542236328,20.920000076293945,10.529999732971191
2019-01-24,18.110502243041992,27.165000915527344,27.110000610351562,15.567999839782715,28.05500030517578,28.610000610351562,30.270000457763672,27.84000015258789,22.825000762939453,20.920000076293945,10.529999732971191
2019-01-25,18.34351921081543,27.329999923706055,27.110000610351562,15.65999984741211,27.959999084472656,28.860000610351562,30.940000534057617,27.790000915527344,23.049999237060547,21.094999313354492,10.529999732971191
2019-01-28,18.398344039916992,26.795000076293945,27.110000610351562,15.489999771118164,27.56999969482422,28.860000610351562,30.940000534057617,27.610000610351562,22.735000610351562,20.844999313354492,10.529999732971191
2019-01-29,18.601991653442383,27.135000228881836,27.110000610351562,15.527999877929688,27.704999923706055,28.860000610351562,30.940000534057617,27.854999542236328,22.594999313354492,20.9950008392334,10.529999732971191
2019-01-30,18.74492835998535,27.34000015258789,27.110000610351562,15.569999694824219,27.889999389648438,28.975000381469727,31.3799991607666,28.059999465942383,22.899999618530273,20.9950008392334,10.529999732971191
2019-01-31,18.826894760131836,27.700000762939453,27.110000610351562,15.446000099182129,28.264999389648438,28.975000381469727,31.309999465942383,28.299999237060547,23.15999984741211,20.9950008392334,10.529999732971191
2019-02-01,18.647428512573242,27.93000030517578,27.110000610351562,15.51200008392334,28.360000610351562,29.260000228881836,31.395000457763672,28.34000015258789,23.260000228881836,21.110000610351562,10.77400016784668
2019-02-04,18.7401180267334,27.969999313354492,27.424999237060547,15.555999755859375,28.270000457763672,29.315000534057617,31.385000228881836,28.5049991607666,23.575000762939453,21.229999542236328,10.77400016784668
2019-02-05,18.862394332885742,28.329999923706055,27.774999618530273,15.675999641418457,28.614999771118164,29.71500015258789,31.739999771118164,28.834999084472656,23.90999984741211,21.434999465942383,10.904000282287598
2019-02-06,18.824922561645508,28.34000015258789,27.674999237060547,15.696000099182129,28.575000762939453,29.850000381469727,31.780000686645508,28.815000534057617,24.06999969482422,21.434999465942383,10.894000053405762
2019-02-07,18.8525390625,27.739999771118164,27.274999618530273,15.496000289916992,28.290000915527344,29.520000457763672,31.225000381469727,28.719999313354492,23.770000457763672,21.434999465942383,10.894000053405762
2019-02-08,18.828868865966797,27.489999771118164,27.274999618530273,15.435999870300293,28.334999084472656,29.31999969482422,30.934999465942383,28.7450008392334,23.735000610351562,21.594999313354492,10.894000053405762
2019-02-11,18.919591903686523,27.860000610351562,27.274999618530273,15.597999572753906,28.524999618530273,29.770000457763672,31.274999618530273,29.020000457763672,24.079999923706055,21.594999313354492,10.894000053405762
2019-02-12,18.809152603149414,28.040000915527344,27.770000457763672,15.770000457763672,28.719999313354492,30.06999969482422,31.614999771118164,29.149999618530273,24.2549991607666,21.795000076293945,10.916000366210938
2019-02-13,18.79534339904785,28.485000610351562,27.96500015258789,15.866000175476074,28.854999542236328,30.2450008392334,31.905000686645508,29.34000015258789,24.43000030517578,21.795000076293945,10.916000366210938
2019-02-14,18.78153419494629,28.469999313354492,27.815000534057617,15.657999992370605,28.959999084472656,30.235000610351562,31.81999969482422,29.165000915527344,24.434999465942383,21.735000610351562,10.937999725341797
2019-02-15,18.919591903686523,28.885000228881836,28.05500030517578,15.977999687194824,29.350000381469727,30.6299991607666,32.20000076293945,29.44499969482422,24.614999771118164,21.790000915527344,10.98799991607666
2019-02-18,18.933395385742188,28.885000228881836,28.020000457763672,15.956000328063965,29.3700008392334,30.635000228881836,32.20000076293945,29.454999923706055,24.670000076293945,21.790000915527344,10.98799991607666
2019-02-19,18.996511459350586,28.844999313354492,28.020000457763672,15.930000305175781,29.260000228881836,30.540000915527344,32.29999923706055,29.489999771118164,24.53499984741211,21.790000915527344,10.98799991607666
2019-02-20,18.88804054260254,29.040000915527344,28.155000686645508,15.98799991607666,29.190000534057617,30.71500015258789,32.29999923706055,29.434999465942383,24.604999542236328,21.790000915527344,11.005999565124512
2019-02-21,18.878177642822266,28.8700008392334,28.125,15.961999893188477,29.040000915527344,30.719999313354492,32.29999923706055,29.55500030517578,24.56999969482422,21.790000915527344,11.005999565124512
2019-02-22,19.053701400756836,28.815000534057617,28.31999969482422,15.996000289916992,29.184999465942383,30.8799991607666,32.83000183105469,29.4950008392334,24.56999969482422,22.084999084472656,11.005999565124512
2019-02-25,18.962980270385742,28.729999542236328,28.31999969482422,16.1299991607666,29.344999313354492,31.045000076293945,32.83000183105469,29.469999313354492,25.104999542236328,22.020000457763672,11.067999839782715
2019-02-26,18.945228576660156,28.875,28.354999542236328,16.083999633789062,29.229999542236328,31.045000076293945,32.83000183105469,29.44499969482422,25.03499984741211,21.969999313354492,11.067999839782715
2019-02-27,18.783510208129883,28.875,28.354999542236328,16.086000442504883,29.125,31.045000076293945,32.709999084472656,29.204999923706055,24.829999923706055,21.969999313354492,11.067999839782715
2019-02-28,18.949180603027344,28.584999084472656,28.354999542236328,16.09600067138672,29.059999465942383,31.045000076293945,32.709999084472656,29.28499984741211,24.81999969482422,21.979999542236328,11.067999839782715
2019-03-01,18.6888427734375,28.725000381469727,28.280000686645508,16.13800048828125,29.235000610351562,31.045000076293945,32.404998779296875,29.299999237060547,24.875,21.924999237060547,11.067999839782715
2019-03-04,18.732229232788086,28.8799991607666,28.44499969482422,16.190000534057617,29.375,31.045000076293945,32.56999969482422,29.440000534057617,25.014999389648438,22.014999389648438,11.067999839782715
2019-03-05,18.897897720336914,28.985000610351562,28.44499969482422,16.13800048828125,29.3799991607666,31.045000076293945,32.665000915527344,29.594999313354492,25.030000686645508,22.149999618530273,11.12600040435791
2019-03-06,18.860424041748047,28.825000762939453,28.364999771118164,16.121999740600586,29.030000686645508,30.68000030517578,32.67499923706055,29.469999313354492,24.8700008392334,22.075000762939453,11.12600040435791
2019-03-07,18.830841064453125,28.90999984741211,28.364999771118164,15.977999687194824,28.989999771118164,30.475000381469727,32.67499923706055,29.690000534057617,24.829999923706055,22.385000228881836,11.15999984741211
2019-03-08,18.787450790405273,28.274999618530273,28.364999771118164,15.802000045776367,28.735000610351562,30.475000381469727,32.67499923706055,29.649999618530273,24.684999465942383,22.385000228881836,11.15999984741211
2019-03-11,18.931425094604492,28.700000762939453,28.364999771118164,16.02199935913086,29.059999465942383,30.565000534057617,32.67499923706055,29.850000381469727,25.229999542236328,22.510000228881836,11.277999877929688
2019-03-12,19.12273406982422,28.729999542236328,28.15999984741211,15.973999977111816,29.15999984741211,30.565000534057617,32.7599983215332,29.834999084472656,25.34000015258789,22.59000015258789,11.347999572753906
2019-03-13,19.229228973388672,28.920000076293945,28.274999618530273,16.077999114990234,29.395000457763672,30.565000534057617,32.7599983215332,29.895000457763672,25.325000762939453,22.540000915527344,11.329999923706055
2019-03-14,19.245004653930664,29.155000686645508,28.145000457763672,16.13800048828125,29.44499969482422,30.565000534057617,32.755001068115234,30.010000228881836,25.5,22.6299991607666,11.32800006866455
2019-03-15,19.27656364440918,29.125,28.30500030517578,16.233999252319336,29.530000686645508,30.704999923706055,32.81999969482422,30.174999237060547,25.770000457763672,22.655000686645508,11.343999862670898
2019-03-18,19.189786911010742,29.31999969482422,28.3700008392334,16.33799934387207,29.399999618530273,30.704999923706055,32.81999969482422,30.165000915527344,25.625,22.575000762939453,11.265999794006348
2019-03-19,19.254865646362305,29.545000076293945,28.3700008392334,16.3700008392334,29.674999237060547,30.889999389648438,32.81999969482422,30.270000457763672,25.850000381469727,22.489999771118164,11.319999694824219
2019-03-20,19.154285430908203,29.360000610351562,28.3799991607666,16.077999114990234,29.389999389648438,30.889999389648438,32.72999954223633,30.100000381469727,25.639999389648438,22.424999237060547,11.253999710083008
2019-03-21,19.416587829589844,29.4950008392334,28.674999237060547,15.920000076293945,29.475000381469727,30.709999084472656,32.72999954223633,30.344999313354492,26.1200008392334,22.610000610351562,11.253999710083008
2019-03-22,19.359397888183594,29.075000762939453,28.459999084472656,15.657999992370605,29.225000381469727,30.329999923706055,32.52000045776367,30.385000228881836,25.94499969482422,22.610000610351562,11.253999710083008
2019-03-25,19.416587829589844,28.920000076293945,28.489999771118164,15.593999862670898,29.024999618530273,30.274999618530273,32.505001068115234,30.31999969482422,25.719999313354492,22.795000076293945,11.253999710083008
2019-03-26,19.46589469909668,29.30500030517578,28.489999771118164,15.67199993133545,29.375,30.274999618530273,32.505001068115234,30.635000228881836,25.93000030517578,22.795000076293945,11.253999710083008
2019-03-27,19.459980010986328,29.145000457763672,28.625,15.739999771118164,29.170000076293945,30.274999618530273,32.505001068115234,30.59000015258789,25.739999771118164,22.8700008392334,11.3100004196167
2019-03-28,19.501401901245117,29.15999984741211,28.774999618530273,15.746000289916992,29.329999923706055,30.274999618530273,32.849998474121094,30.78499984741211,25.93000030517578,22.69499969482422,11.277999877929688
2019-03-29,19.55661964416504,29.354999542236328,28.9950008392334,15.88599967956543,29.565000534057617,31.045000076293945,32.849998474121094,30.895000457763672,26.190000534057617,22.725000381469727,11.277999877929688
2019-04-01,19.461950302124023,29.6200008392334,29.395000457763672,16.172000885009766,29.84000015258789,31.045000076293945,33.79999923706055,30.940000534057617,26.530000686645508,22.665000915527344,11.45199966430664
2019-04-02,19.49942398071289,29.6299991607666,29.395000457763672,16.29800033569336,29.780000686645508,31.045000076293945,33.89500045776367,30.875,26.709999084472656,22.665000915527344,11.45199966430664
2019-04-03,19.63945770263672,29.594999313354492,29.735000610351562,16.38800048828125,29.674999237060547,31.795000076293945,34.380001068115234,30.725000381469727,26.979999542236328,22.725000381469727,11.45199966430664
2019-04-04,19.515199661254883,29.375,29.770000457763672,16.437999725341797,29.524999618530273,31.795000076293945,34.32500076293945,30.725000381469727,26.78499984741211,22.584999084472656,11.607999801635742
2019-04-05,19.56056785583496,29.829999923706055,29.9950008392334,16.426000595092773,29.764999389648438,31.795000076293945,34.60499954223633,30.700000762939453,26.920000076293945,22.584999084472656,11.607999801635742
2019-04-08,19.48561668395996,30.020000457763672,29.9950008392334,16.351999282836914,29.584999084472656,31.795000076293945,34.459999084472656,30.645000457763672,26.81999969482422,22.56999969482422,11.607999801635742
2019-04-09,19.41067886352539,29.739999771118164,29.9950008392334,16.256000518798828,29.545000076293945,31.795000076293945,34.290000915527344,30.635000228881836,26.829999923706055,22.56999969482422,11.574000358581543
2019-04-10,19.4580135345459,29.885000228881836,29.9950008392334,16.260000228881836,29.565000534057617,31.389999389648438,34.375,30.704999923706055,26.954999923706055,22.56999969482422,11.574000358581543
2019-04-11,19.488534927368164,29.795000076293945,29.90999984741211,16.36400032043457,29.315000534057617,31.389999389648438,34.310001373291016,30.725000381469727,27.0,22.56999969482422,11.630000114440918
2019-04-12,19.464685440063477,29.809999465942383,29.979999542236328,16.513999938964844,28.969999313354492,31.389999389648438,34.439998626708984,30.575000762939453,26.895000457763672,22.475000381469727,11.67199993133545
2019-04-15,19.444814682006836,29.739999771118164,30.024999618530273,16.54800033569336,28.905000686645508,31.389999389648438,34.47999954223633,30.7450008392334,26.9950008392334,22.56999969482422,11.715999603271484
2019-04-16,19.323593139648438,29.700000762939453,30.290000915527344,16.695999145507812,28.81999969482422,31.93000030517578,34.474998474121094,30.780000686645508,27.209999084472656,22.450000762939453,11.800000190734863
2019-04-17,19.0394287109375,29.8700008392334,30.40999984741211,16.753999710083008,27.96500015258789,32.0099983215332,34.45500183105469,30.770000457763672,27.260000228881836,22.295000076293945,11.802000045776367
2019-04-18,19.08314323425293,29.825000762939453,30.575000762939453,16.871999740600586,27.614999771118164,32.0099983215332,34.525001525878906,30.985000610351562,27.360000610351562,22.395000457763672,11.855999946594238
2019-04-23,19.128847122192383,30.469999313354492,30.809999465942383,16.8799991607666,28.329999923706055,32.0099983215332,34.525001525878906,31.135000228881836,27.815000534057617,22.395000457763672,12.02400016784668
2019-04-24,19.23019790649414,30.135000228881836,30.8700008392334,16.823999404907227,28.360000610351562,32.0099983215332,34.2400016784668,31.165000915527344,28.079999923706055,22.395000457763672,12.02400016784668
2019-04-25,19.22224998474121,30.094999313354492,30.829999923706055,16.898000717163086,28.584999084472656,32.43000030517578,34.10499954223633,31.125,28.114999771118164,22.395000457763672,12.130000114440918
2019-04-26,19.335519790649414,29.475000381469727,30.815000534057617,16.93400001525879,28.80500030517578,32.43000030517578,34.1349983215332,31.2549991607666,27.899999618530273,22.395000457763672,12.180000305175781
2019-04-29,19.32756996154785,29.485000610351562,30.815000534057617,17.106000900268555,28.969999313354492,32.43000030517578,34.02000045776367,31.295000076293945,28.030000686645508,22.545000076293945,12.220000267028809
2019-04-30,19.228212356567383,29.559999465942383,30.579999923706055,17.003999710083008,28.81999969482422,32.43000030517578,33.89500045776367,31.434999465942383,27.81999969482422,22.545000076293945,11.960000038146973
2019-05-01,19.38520050048828,29.559999465942383,30.579999923706055,17.003999710083008,28.81999969482422,32.43000030517578,33.89500045776367,31.434999465942383,27.81999969482422,22.545000076293945,11.960000038146973
2019-05-02,19.319618225097656,28.84000015258789,30.440000534057617,17.0,28.815000534057617,32.43000030517578,33.415000915527344,31.190000534057617,27.825000762939453,22.524999618530273,11.87600040435791
2019-05-03,19.41301918029785,28.979999542236328,30.84000015258789,17.110000610351562,29.084999084472656,32.43000030517578,33.665000915527344,31.440000534057617,27.96500015258789,22.524999618530273,11.87600040435791
2019-05-06,19.41301918029785,28.760000228881836,30.594999313354492,16.923999786376953,28.94499969482422,32.43000030517578,33.35499954223633,31.270000457763672,27.674999237060547,22.524999618530273,11.947999954223633
2019-05-07,19.252050399780273,28.260000228881836,30.219999313354492,16.770000457763672,28.864999771118164,31.81999969482422,32.845001220703125,31.149999618530273,27.264999389648438,22.524999618530273,11.862000465393066
2019-05-08,19.186481475830078,28.5,30.200000762939453,16.694000244140625,28.854999542236328,31.81999969482422,32.73500061035156,31.040000915527344,27.260000228881836,22.295000076293945,11.845999717712402
2019-05-09,19.005643844604492,28.184999465942383,30.200000762939453,16.4060001373291,28.389999389648438,31.81999969482422,32.02000045776367,30.729999542236328,26.5,22.295000076293945,11.845999717712402
2019-05-10,19.14872169494629,28.18000030517578,29.405000686645508,16.40399932861328,28.274999618530273,31.81999969482422,32.21500015258789,30.739999771118164,26.43000030517578,22.260000228881836,11.845999717712402
2019-05-13,19.198396682739258,28.18000030517578,29.0,16.222000122070312,28.184999465942383,30.834999084472656,32.21500015258789,30.860000610351562,26.100000381469727,22.260000228881836,11.491999626159668
2019-05-14,19.335519790649414,28.65999984741211,29.309999465942383,16.417999267578125,28.399999618530273,30.834999084472656,32.21500015258789,31.110000610351562,26.475000381469727,22.260000228881836,11.612000465393066
2019-05-15,19.42891502380371,28.68000030517578,29.510000228881836,16.36199951171875,28.454999923706055,30.834999084472656,32.334999084472656,31.290000915527344,26.770000457763672,22.649999618530273,11.715999603271484
2019-05-16,19.613725662231445,29.094999313354492,29.915000915527344,16.5939998626709,28.940000534057617,30.834999084472656,32.775001525878906,31.700000762939453,27.19499969482422,22.81999969482422,11.892000198364258
2019-05-17,19.488534927368164,29.049999237060547,29.915000915527344,16.492000579833984,28.934999465942383,30.834999084472656,32.709999084472656,31.674999237060547,27.19499969482422,22.81999969482422,11.907999992370605
2019-05-20,19.444814682006836,28.885000228881836,29.915000915527344,16.43400001525879,28.709999084472656,30.834999084472656,32.709999084472656,31.565000534057617,26.4950008392334,22.81999969482422,11.755999565124512
2019-05-21,19.52430534362793,29.18000030517578,29.514999389648438,16.562000274658203,28.94499969482422,30.834999084472656,32.459999084472656,31.485000610351562,26.799999237060547,22.81999969482422,11.817999839782715
2019-05-22,19.496484756469727,28.895000457763672,29.459999084472656,16.5,28.9950008392334,31.565000534057617,32.45500183105469,31.559999465942383,26.770000457763672,22.81999969482422,11.817999839782715
2019-05-23,19.420969009399414,27.915000915527344,29.010000228881836,16.25200080871582,28.924999237060547,31.565000534057617,32.45500183105469,31.485000610351562,26.145000457763672,22.81999969482422,11.704000473022461
2019-05-24,19.57398796081543,27.780000686645508,29.010000228881836,16.305999755859375,29.024999618530273,30.959999084472656,32.45500183105469,31.415000915527344,26.145000457763672,23.170000076293945,11.704000473022461
2019-05-27,19.57398796081543,28.05500030517578,29.010000228881836,16.36400032043457,29.110000610351562,30.959999084472656,32.45500183105469,31.524999618530273,26.190000534057617,23.184999465942383,11.704000473022461
2019-05-28,19.51436996459961,27.985000610351562,29.204999923706055,16.347999572753906,29.075000762939453,30.959999084472656,32.45500183105469,31.315000534057617,26.270000457763672,23.184999465942383,11.704000473022461
2019-05-29,19.258018493652344,27.545000076293945,28.770000457763672,16.200000762939453,28.5,30.959999084472656,32.45500183105469,30.934999465942383,25.954999923706055,23.184999465942383,11.64799976348877
2019-05-30,19.20435905456543,27.485000610351562,28.770000457763672,16.253999710083008,28.635000228881836,30.959999084472656,32.45500183105469,31.014999389648438,26.125,22.690000534057617,11.64799976348877
2019-05-31,19.170578002929688,27.334999084472656,28.770000457763672,16.07200050354004,28.530000686645508,30.959999084472656,31.635000228881836,30.764999389648438,25.920000076293945,22.610000610351562,11.52400016784668
2019-06-03,19.244108200073242,27.219999313354492,28.350000381469727,15.98799991607666,28.575000762939453,30.959999084472656,31.915000915527344,30.780000686645508,25.600000381469727,22.690000534057617,11.236000061035156
2019-06-04,19.17654037475586,27.489999771118164,28.625,16.246000289916992,28.56999969482422,30.959999084472656,31.915000915527344,30.834999084472656,25.700000762939453,22.575000762939453,11.236000061035156
2019-06-05,19.41301918029785,27.174999237060547,28.815000534057617,16.275999069213867,28.825000762939453,30.959999084472656,31.915000915527344,31.114999771118164,26.06999969482422,23.094999313354492,11.236000061035156
2019-06-06,19.492504119873047,27.424999237060547,28.815000534057617,16.29199981689453,28.920000076293945,30.959999084472656,31.915000915527344,31.270000457763672,26.135000228881836,23.209999084472656,11.236000061035156
2019-06-07,19.653474807739258,27.6200008392334,29.15999984741211,16.323999404907227,29.104999542236328,30.959999084472656,31.915000915527344,31.559999465942383,26.719999313354492,23.209999084472656,11.423999786376953
2019-06-10,19.575969696044922,27.6200008392334,29.15999984741211,16.323999404907227,29.219999313354492,30.959999084472656,33.05500030517578,31.579999923706055,27.19499969482422,23.135000228881836,11.423999786376953
2019-06-11,19.607765197753906,27.940000534057617,29.649999618530273,16.516000747680664,29.325000762939453,30.959999084472656,33.369998931884766,31.700000762939453,27.030000686645508,23.020000457763672,11.503999710083008
2019-06-12,19.575969696044922,27.46500015258789,29.649999618530273,16.332000732421875,29.30500030517578,30.959999084472656,33.33000183105469,31.735000610351562,26.885000228881836,23.165000915527344,11.503999710083008
2019-06-13,19.627634048461914,27.600000381469727,29.649999618530273,16.40399932861328,29.415000915527344,30.959999084472656,33.33000183105469,31.725000381469727,27.03499984741211,23.235000610351562,11.503999710083008
2019-06-14,19.651485443115234,27.6299991607666,29.649999618530273,16.374000549316406,29.510000228881836,30.959999084472656,33.595001220703125,31.895000457763672,26.915000915527344,23.485000610351562,11.616000175476074
2019-06-17,19.748857498168945,27.655000686645508,30.030000686645508,16.440000534057617,29.510000228881836,30.959999084472656,33.45000076293945,31.7549991607666,26.969999313354492,23.360000610351562,11.699999809265137
2019-06-18,19.874052047729492,28.139999389648438,30.4950008392334,16.621999740600586,29.93000030517578,30.959999084472656,33.45000076293945,31.90999984741211,27.524999618530273,23.524999618530273,11.87399959564209
2019-06-19,19.780651092529297,28.084999084472656,30.4950008392334,16.687999725341797,30.030000686645508,32.09000015258789,33.45000076293945,31.735000610351562,27.46500015258789,23.489999771118164,11.779999732971191
2019-06-20,20.03104019165039,28.520000457763672,30.395000457763672,16.552000045776367,30.15999984741211,32.09000015258789,33.45000076293945,31.905000686645508,27.764999389648438,23.514999389648438,11.779999732971191
2019-06-21,19.818410873413086,28.65999984741211,30.395000457763672,16.618000030517578,29.905000686645508,32.09000015258789,33.959999084472656,31.815000534057617,27.704999923706055,23.514999389648438,11.8100004196167
2019-06-24,19.8084774017334,28.225000381469727,30.0049991607666,16.459999084472656,29.764999389648438,32.04999923706055,33.89500045776367,31.719999313354492,27.454999923706055,23.514999389648438,11.8100004196167
2019-06-25,19.84027099609375,28.204999923706055,29.864999771118164,16.350000381469727,29.864999771118164,32.04999923706055,34.029998779296875,31.700000762939453,27.2450008392334,23.514999389648438,11.657999992370605
2019-06-26,19.4169921875,28.575000762939453,29.864999771118164,16.420000076293945,29.405000686645508,32.04999923706055,34.029998779296875,31.344999313354492,27.334999084472656,23.1200008392334,11.657999992370605
2019-06-27,19.381223678588867,28.344999313354492,29.985000610351562,16.464000701904297,29.549999237060547,31.8700008392334,34.029998779296875,31.290000915527344,27.334999084472656,22.985000610351562,11.581999778747559
2019-06-28,19.52430534362793,28.395000457763672,30.170000076293945,16.624000549316406,29.584999084472656,32.095001220703125,34.029998779296875,31.385000228881836,27.350000381469727,23.030000686645508,11.581999778747559
2019-07-01,19.422954559326172,28.815000534057617,30.530000686645508,16.856000900268555,30.0049991607666,32.095001220703125,34.029998779296875,31.6299991607666,27.989999771118164,23.155000686645508,11.805999755859375
2019-07-02,19.719051361083984,28.385000228881836,30.530000686645508,16.868000030517578,30.094999313354492,32.095001220703125,34.029998779296875,31.875,28.05500030517578,23.405000686645508,11.890000343322754
2019-07-03,19.987323760986328,28.395000457763672,30.530000686645508,17.038000106811523,30.420000076293945,32.095001220703125,34.650001525878906,32.30500030517578,28.239999771118164,23.405000686645508,12.013999938964844
2019-07-04,20.098602294921875,28.545000076293945,30.979999542236328,17.077999114990234,30.5,32.095001220703125,34.650001525878906,32.36000061035156,28.395000457763672,23.405000686645508,12.07800006866455
2019-07-05,19.899885177612305,28.469999313354492,30.969999313354492,17.149999618530273,30.46500015258789,32.095001220703125,34.30500030517578,32.21500015258789,28.239999771118164,23.610000610351562,12.079999923706055
2019-07-08,19.97142791748047,28.649999618530273,30.969999313354492,17.09600067138672,30.125,32.400001525878906,34.32500076293945,32.375,28.19499969482422,23.649999618530273,12.027999877929688
2019-07-09,19.9793758392334,28.65999984741211,31.049999237060547,17.052000045776367,30.190000534057617,32.400001525878906,34.32500076293945,32.244998931884766,28.219999313354492,23.68000030517578,12.067999839782715
2019-07-10,20.03104019165039,28.815000534057617,31.049999237060547,17.010000228881836,30.170000076293945,32.400001525878906,33.79499816894531,32.22999954223633,28.360000610351562,23.71500015258789,12.083999633789062
2019-07-11,19.987323760986328,28.94499969482422,31.165000915527344,17.020000457763672,30.125,32.11000061035156,33.70500183105469,32.255001068115234,28.524999618530273,23.704999923706055,12.187999725341797
2019-07-12,19.96347427368164,29.049999237060547,31.165000915527344,17.076000213623047,29.84000015258789,32.11000061035156,33.70500183105469,32.35499954223633,28.545000076293945,23.645000457763672,12.175999641418457
2019-07-15,19.975399017333984,28.90999984741211,31.415000915527344,17.077999114990234,29.885000228881836,32.11000061035156,34.130001068115234,32.40999984741211,28.704999923706055,23.65999984741211,12.204000473022461
2019-07-16,19.880016326904297,28.799999237060547,31.604999542236328,17.1200008392334,29.94499969482422,32.11000061035156,34.130001068115234,32.41999816894531,28.71500015258789,23.565000534057617,12.204000473022461
2019-07-17,19.858150482177734,28.360000610351562,31.434999465942383,17.011999130249023,29.94499969482422,32.48500061035156,34.26499938964844,32.43000030517578,28.6200008392334,23.565000534057617,12.130000114440918
2019-07-18,19.826358795166016,27.9950008392334,31.434999465942383,16.98200035095215,29.954999923706055,32.48500061035156,34.025001525878906,32.560001373291016,28.450000762939453,23.65999984741211,11.986000061035156
2019-07-19,19.796552658081055,28.18000030517578,31.434999465942383,17.07200050354004,30.010000228881836,32.48500061035156,34.334999084472656,32.724998474121094,28.809999465942383,23.704999923706055,11.986000061035156
2019-07-22,19.595844268798828,28.334999084472656,31.204999923706055,16.979999542236328,29.844999313354492,32.3849983215332,34.36000061035156,32.46500015258789,28.809999465942383,23.510000228881836,11.906000137329102
2019-07-23,19.629623413085938,28.559999465942383,31.53499984741211,17.214000701904297,30.065000534057617,32.3849983215332,34.974998474121094,32.76499938964844,29.079999923706055,23.600000381469727,11.906000137329102
2019-07-24,19.68128776550293,28.71500015258789,31.69499969482422,17.23200035095215,30.030000686645508,33.04999923706055,34.94499969482422,32.70500183105469,29.28499984741211,23.59000015258789,12.095999717712402
2019-07-25,19.643535614013672,28.334999084472656,31.69499969482422,17.253999710083008,30.110000610351562,33.04999923706055,34.70500183105469,32.61000061035156,29.260000228881836,23.53499984741211,12.092000007629395
2019-07-26,19.59783363342285,28.280000686645508,31.69499969482422,17.308000564575195,30.190000534057617,33.04999923706055,34.70500183105469,32.85499954223633,29.450000762939453,23.53499984741211,12.47599983215332
2019-07-29,19.707122802734375,28.094999313354492,31.440000534057617,17.29400062561035,30.290000915527344,32.974998474121094,34.70500183105469,33.0099983215332,29.299999237060547,23.68000030517578,12.454000473022461
2019-07-30,19.69321632385254,28.09000015258789,31.21500015258789,17.059999465942383,30.1200008392334,32.76499938964844,34.70500183105469,32.92499923706055,29.170000076293945,23.610000610351562,12.454000473022461
2019-07-31,19.679306030273438,28.469999313354492,31.21500015258789,17.106000900268555,30.270000457763672,32.845001220703125,34.70500183105469,32.75,29.280000686645508,23.610000610351562,12.383999824523926
2019-08-01,19.533966064453125,28.030000686645508,31.469999313354492,17.219999313354492,30.43000030517578,32.845001220703125,34.43000030517578,33.040000915527344,29.565000534057617,23.729999542236328,12.47599983215332
2019-08-02,19.545995712280273,27.1200008392334,30.344999313354492,16.604000091552734,29.940000534057617,32.845001220703125,34.43000030517578,32.3849983215332,28.1299991607666,23.729999542236328,12.121999740600586
2019-08-05,19.25522232055664,26.514999389648438,29.4950008392334,16.20800018310547,29.415000915527344,32.845001220703125,34.43000030517578,31.760000228881836,27.155000686645508,23.415000915527344,12.121999740600586
2019-08-06,19.295324325561523,26.079999923706055,29.440000534057617,16.058000564575195,29.190000534057617,32.845001220703125,34.43000030517578,31.475000381469727,27.09000015258789,23.21500015258789,11.763999938964844
2019-08-07,19.335430145263672,25.860000610351562,29.545000076293945,15.984000205993652,29.209999084472656,30.934999465942383,32.150001525878906,31.635000228881836,27.125,23.334999084472656,11.763999938964844
2019-08-08,19.636232376098633,26.405000686645508,29.545000076293945,16.31800079345703,29.7549991607666,30.934999465942383,33.025001525878906,32.154998779296875,27.875,23.559999465942383,11.928000450134277
2019-08-09,19.564041137695312,26.360000610351562,29.93000030517578,16.170000076293945,29.760000228881836,30.934999465942383,33.025001525878906,32.095001220703125,27.540000915527344,23.604999542236328,11.871999740600586
2019-08-12,19.58810806274414,26.104999542236328,29.690000534057617,16.035999298095703,29.780000686645508,30.934999465942383,33.025001525878906,32.07500076293945,27.4950008392334,23.469999313354492,11.871999740600586
2019-08-13,19.552005767822266,26.575000762939453,29.989999771118164,16.191999435424805,30.049999237060547,30.934999465942383,33.025001525878906,32.28499984741211,27.905000686645508,23.579999923706055,11.970000267028809
2019-08-14,19.37553596496582,25.90999984741211,29.40999984741211,15.819999694824219,29.71500015258789,30.934999465942383,33.025001525878906,32.165000915527344,27.44499969482422,23.594999313354492,11.970000267028809
2019-08-15,19.43168830871582,25.68000030517578,29.40999984741211,15.826000213623047,29.71500015258789,30.934999465942383,33.025001525878906,32.165000915527344,27.44499969482422,23.594999313354492,11.970000267028809
2019-08-16,19.7204532623291,25.905000686645508,29.6299991607666,16.100000381469727,30.020000457763672,30.934999465942383,32.39500045776367,32.80500030517578,27.850000381469727,23.979999542236328,11.932000160217285
2019-08-19,19.834760665893555,26.43000030517578,30.040000915527344,16.25200080871582,30.25,30.934999465942383,32.39500045776367,33.084999084472656,28.28499984741211,24.1200008392334,11.932000160217285
2019-08-20,19.8046817779541,26.2549991607666,30.075000762939453,16.148000717163086,30.290000915527344,30.934999465942383,32.51499938964844,32.90999984741211,28.295000076293945,24.040000915527344,12.039999961853027
2019-08-21,19.826738357543945,26.475000381469727,30.415000915527344,16.148000717163086,30.334999084472656,30.934999465942383,32.51499938964844,32.974998474121094,28.510000228881836,24.075000762939453,12.055999755859375
2019-08-22,19.750539779663086,26.469999313354492,30.34000015258789,16.195999145507812,30.155000686645508,30.934999465942383,32.51499938964844,32.92499923706055,28.280000686645508,24.020000457763672,11.982000350952148
2019-08-23,19.816709518432617,25.770000457763672,29.8700008392334,15.956000328063965,29.799999237060547,30.934999465942383,32.51499938964844,32.72999954223633,27.815000534057617,24.0049991607666,11.84000015258789
2019-08-26,19.816709518432617,25.780000686645508,29.920000076293945,15.956000328063965,29.760000228881836,31.110000610351562,32.51499938964844,32.869998931884766,27.7450008392334,23.9950008392334,11.838000297546387
2019-08-27,19.846790313720703,25.7450008392334,29.920000076293945,15.972000122070312,29.959999084472656,31.110000610351562,32.51499938964844,32.97999954223633,27.825000762939453,24.21500015258789,11.934000015258789
2019-08-28,19.826738357543945,25.9950008392334,29.920000076293945,16.010000228881836,29.940000534057617,31.110000610351562,32.51499938964844,33.1349983215332,27.780000686645508,24.274999618530273,11.977999687194824
2019-08-29,19.88690185546875,26.440000534057617,30.670000076293945,16.242000579833984,30.135000228881836,31.110000610351562,32.51499938964844,33.32500076293945,28.329999923706055,24.274999618530273,11.977999687194824
2019-08-30,19.86283302307129,26.4950008392334,30.704999923706055,16.365999221801758,30.270000457763672,31.110000610351562,32.51499938964844,33.5,28.354999542236328,24.489999771118164,11.977999687194824
2019-09-02,19.838769912719727,26.540000915527344,30.729999542236328,16.36400032043457,30.364999771118164,31.110000610351562,32.51499938964844,33.630001068115234,28.469999313354492,24.575000762939453,11.977999687194824
2019-09-03,19.924999237060547,26.344999313354492,30.7549991607666,16.257999420166016,30.274999618530273,31.110000610351562,33.189998626708984,33.755001068115234,28.30500030517578,24.774999618530273,12.187999725341797
2019-09-04,20.213769912719727,26.69499969482422,30.8799991607666,16.393999099731445,30.21500015258789,31.110000610351562,33.470001220703125,33.88999938964844,28.510000228881836,24.940000534057617,12.187999725341797
2019-09-05,20.137563705444336,27.149999618530273,31.3799991607666,16.714000701904297,30.350000381469727,31.110000610351562,33.470001220703125,33.845001220703125,29.114999771118164,24.670000076293945,12.187999725341797
2019-09-06,20.205747604370117,26.94499969482422,31.545000076293945,16.73200035095215,30.5,31.110000610351562,33.470001220703125,33.82500076293945,29.184999465942383,24.670000076293945,12.343999862670898
2019-09-09,20.089439392089844,27.385000228881836,31.649999618530273,16.917999267578125,30.1299991607666,31.110000610351562,33.470001220703125,33.64500045776367,29.024999618530273,24.354999542236328,12.343999862670898
2019-09-10,19.902938842773438,27.94499969482422,31.375,16.986000061035156,29.875,31.110000610351562,33.470001220703125,33.36000061035156,28.530000686645508,24.31999969482422,12.37399959564209
2019-09-11,19.981149673461914,27.975000381469727,31.80500030517578,17.209999084472656,30.40999984741211,31.110000610351562,33.470001220703125,33.68000030517578,29.05500030517578,24.559999465942383,12.37399959564209
2019-09-12,20.05735206604004,27.549999237060547,31.8799991607666,17.215999603271484,30.454999923706055,31.110000610351562,34.66999816894531,33.80500030517578,29.239999771118164,24.78499984741211,12.550000190734863
2019-09-13,20.089439392089844,27.639999389648438,31.920000076293945,17.417999267578125,30.3799991607666,31.110000610351562,35.029998779296875,33.4900016784668,29.03499984741211,24.635000228881836,12.505999565124512
2019-09-16,20.00922203063965,28.614999771118164,31.719999313354492,17.3799991607666,30.450000762939453,31.110000610351562,34.904998779296875,33.34000015258789,29.135000228881836,24.69499969482422,12.51200008392334
2019-09-17,20.169652938842773,28.43000030517578,31.719999313354492,17.239999771118164,30.395000457763672,31.110000610351562,34.625,33.38999938964844,28.959999084472656,24.809999465942383,12.51200008392334
2019-09-18,20.20172882080078,28.229999542236328,31.719999313354492,17.20800018310547,30.364999771118164,31.110000610351562,34.625,33.345001220703125,28.969999313354492,24.924999237060547,12.51200008392334
2019-09-19,20.338098526000977,28.290000915527344,31.614999771118164,17.43400001525879,30.6299991607666,31.110000610351562,34.779998779296875,33.41999816894531,29.290000915527344,25.010000228881836,12.508000373840332
2019-09-20,20.330074310302734,28.489999771118164,31.635000228881836,17.444000244140625,30.90999984741211,31.110000610351562,34.84000015258789,33.540000915527344,29.2450008392334,25.209999084472656,12.510000228881836
2019-09-23,20.241844177246094,28.40999984741211,31.635000228881836,17.305999755859375,30.739999771118164,33.119998931884766,34.599998474121094,33.56999969482422,29.024999618530273,25.21500015258789,12.465999603271484
2019-09-24,20.249862670898438,28.1200008392334,31.635000228881836,17.280000686645508,30.78499984741211,33.119998931884766,34.599998474121094,33.70500183105469,29.049999237060547,25.454999923706055,12.456000328063965
2019-09-25,20.25788116455078,28.075000762939453,31.270000457763672,17.312000274658203,30.600000381469727,33.084999084472656,34.334999084472656,33.709999084472656,28.875,25.454999923706055,12.456000328063965
2019-09-26,20.386228561401367,27.940000534057617,31.270000457763672,17.33799934387207,30.40999984741211,33.084999084472656,34.42499923706055,33.90999984741211,29.094999313354492,25.614999771118164,12.342000007629395
2019-09-27,20.442378997802734,28.19499969482422,31.415000915527344,17.43600082397461,30.479999542236328,33.26499938964844,34.53499984741211,33.92499923706055,29.209999084472656,25.594999313354492,12.357999801635742
2019-09-30,20.45039939880371,28.100000381469727,31.415000915527344,17.440000534057617,30.56999969482422,33.26499938964844,34.53499984741211,34.150001525878906,29.204999923706055,25.69499969482422,12.357999801635742
2019-10-01,20.293981552124023,27.7549991607666,31.360000610351562,17.211999893188477,30.375,32.98500061035156,34.334999084472656,33.834999084472656,29.190000534057617,25.524999618530273,12.270000457763672
2019-10-02,20.1616268157959,26.739999771118164,30.579999923706055,16.676000595092773,29.68000030517578,32.025001525878906,33.29999923706055,33.19499969482422,28.270000457763672,25.184999465942383,12.270000457763672
2019-10-03,20.378206253051758,26.739999771118164,30.44499969482422,16.676000595092773,29.700000762939453,31.954999923706055,33.20000076293945,33.2400016784668,28.3799991607666,25.114999771118164,12.270000457763672
2019-10-04,20.458419799804688,26.80500030517578,30.44499969482422,16.775999069213867,30.09000015258789,32.30500030517578,33.20000076293945,33.48500061035156,28.889999389648438,25.299999237060547,12.270000457763672
2019-10-07,20.514570236206055,27.06999969482422,30.44499969482422,16.875999450683594,30.325000762939453,32.30500030517578,33.625,33.685001373291016,29.040000915527344,25.405000686645508,12.270000457763672
2019-10-08,20.346120834350586,26.584999084472656,30.44499969482422,16.601999282836914,29.905000686645508,32.30500030517578,33.2400016784668,33.43000030517578,28.674999237060547,25.274999618530273,12.166000366210938
2019-10-09,20.442378997802734,26.655000686645508,30.69499969482422,16.652000427246094,29.889999389648438,32.30500030517578,33.2400016784668,33.43000030517578,28.739999771118164,25.19499969482422,12.166000366210938
2019-10-10,20.46644401550293,26.78499984741211,30.69499969482422,16.868000030517578,30.014999389648438,32.30500030517578,33.744998931884766,33.53499984741211,29.045000076293945,25.145000457763672,12.166000366210938
2019-10-11,20.658952713012695,27.25,30.69499969482422,17.242000579833984,30.325000762939453,32.30500030517578,33.744998931884766,33.45500183105469,29.469999313354492,25.200000762939453,12.37399959564209
2019-10-14,20.47045135498047,27.059999465942383,31.344999313354492,17.242000579833984,30.225000381469727,32.30500030517578,33.744998931884766,33.36000061035156,29.415000915527344,25.149999618530273,12.37399959564209
2019-10-15,20.59477996826172,27.260000228881836,31.670000076293945,17.356000900268555,30.649999618530273,32.30500030517578,34.3650016784668,33.32500076293945,29.674999237060547,25.09000015258789,12.46399974822998
2019-10-16,20.683013916015625,27.06999969482422,31.719999313354492,17.305999755859375,30.56999969482422,32.30500030517578,34.27000045776367,33.28499984741211,29.364999771118164,24.9950008392334,12.454000473022461
2019-10-17,20.767412185668945,26.844999313354492,31.684999465942383,17.229999542236328,30.594999313354492,32.30500030517578,34.27000045776367,33.16999816894531,29.114999771118164,24.895000457763672,12.454000473022461
2019-10-18,20.767412185668945,26.75,31.5049991607666,17.22800064086914,30.459999084472656,32.30500030517578,34.029998779296875,33.099998474121094,28.934999465942383,24.915000915527344,12.369999885559082
2019-10-21,20.908742904663086,26.940000534057617,31.5049991607666,17.45400047302246,30.389999389648438,32.30500030517578,34.029998779296875,33.029998779296875,29.100000381469727,24.989999771118164,12.369999885559082
2019-10-22,20.96930694580078,27.375,31.5049991607666,17.47800064086914,30.625,32.30500030517578,34.08000183105469,33.150001525878906,29.040000915527344,25.190000534057617,12.369999885559082
2019-10-23,20.981422424316406,27.524999618530273,31.459999084472656,17.479999542236328,30.69499969482422,32.30500030517578,34.290000915527344,33.154998779296875,28.829999923706055,25.2549991607666,12.369999885559082
2019-10-24,20.973350524902344,27.6299991607666,31.625,17.552000045776367,30.739999771118164,33.42499923706055,34.290000915527344,33.334999084472656,29.209999084472656,25.395000457763672,12.369999885559082
2019-10-25,20.876436233520508,27.809999465942383,31.625,17.607999801635742,30.834999084472656,33.42499923706055,34.845001220703125,33.2400016784668,29.610000610351562,25.225000381469727,12.369999885559082
2019-10-28,20.787601470947266,27.700000762939453,31.825000762939453,17.65999984741211,31.09000015258789,33.7400016784668,34.88999938964844,33.05500030517578,29.90999984741211,25.049999237060547,12.369999885559082
2019-10-29,20.856246948242188,27.725000381469727,31.825000762939453,17.666000366210938,31.3700008392334,33.76499938964844,34.88999938964844,33.099998474121094,29.809999465942383,24.8700008392334,12.383999824523926
2019-10-30,20.84009552001953,27.350000381469727,31.825000762939453,17.54199981689453,31.434999465942383,33.75,34.88999938964844,33.29999923706055,29.655000686645508,25.03499984741211,12.371999740600586
2019-10-31,20.89662742614746,26.885000228881836,31.5,17.392000198364258,31.334999084472656,33.75,34.88999938964844,33.14500045776367,29.645000457763672,25.094999313354492,12.371999740600586
2019-11-01,20.88451385498047,27.3700008392334,31.704999923706055,17.5939998626709,31.565000534057617,33.93000030517578,34.95500183105469,33.10499954223633,29.905000686645508,25.075000762939453,12.428000450134277
2019-11-04,20.93700408935547,28.184999465942383,31.94499969482422,17.808000564575195,31.610000610351562,34.400001525878906,35.494998931884766,33.165000915527344,30.270000457763672,25.010000228881836,12.428000450134277
2019-11-05,20.65838623046875,28.520000457763672,32.165000915527344,17.97599983215332,31.545000076293945,34.654998779296875,35.83000183105469,33.17499923706055,30.399999618530273,24.764999389648438,12.428000450134277
2019-11-06,20.714914321899414,28.235000610351562,32.09000015258789,18.01799964904785,31.53499984741211,34.654998779296875,35.89500045776367,33.435001373291016,30.354999542236328,24.850000381469727,12.428000450134277
2019-11-07,20.58570098876953,28.434999465942383,32.09000015258789,18.27400016784668,31.670000076293945,34.654998779296875,35.994998931884766,33.44499969482422,30.809999465942383,24.56999969482422,12.734000205993652
2019-11-08,20.424182891845703,28.364999771118164,32.154998779296875,18.15399932861328,31.829999923706055,34.654998779296875,35.93000030517578,33.375,30.704999923706055,24.545000076293945,12.741999626159668
2019-11-11,20.35149574279785,28.30500030517578,32.09000015258789,18.1200008392334,31.8700008392334,34.654998779296875,35.744998931884766,33.380001068115234,30.829999923706055,24.524999618530273,12.684000015258789
2019-11-12,20.323232650756836,28.4950008392334,32.30500030517578,18.222000122070312,32.119998931884766,35.1349983215332,36.02000045776367,33.459999084472656,31.155000686645508,24.549999237060547,12.788000106811523
2019-11-13,20.260643005371094,28.270000457763672,32.1349983215332,18.058000564575195,32.130001068115234,35.1349983215332,36.02000045776367,33.619998931884766,31.065000534057617,24.7450008392334,12.736000061035156
2019-11-14,20.35149574279785,28.174999237060547,32.1349983215332,17.989999771118164,32.0,35.1349983215332,35.77000045776367,33.630001068115234,31.045000076293945,24.834999084472656,12.781999588012695
2019-11-15,20.460521697998047,28.329999923706055,32.154998779296875,18.04599952697754,32.27000045776367,35.14500045776367,35.94499969482422,33.5,31.225000381469727,24.704999923706055,12.850000381469727
2019-11-18,20.674535751342773,27.915000915527344,32.03499984741211,17.996000289916992,32.474998474121094,35.14500045776367,35.724998474121094,33.665000915527344,31.139999389648438,24.899999618530273,12.815999984741211
2019-11-19,20.706844329833984,27.735000610351562,31.905000686645508,18.04400062561035,32.55500030517578,35.14500045776367,35.665000915527344,33.52000045776367,31.280000686645508,24.78499984741211,12.803999900817871
2019-11-20,20.618009567260742,27.815000534057617,31.924999237060547,17.98200035095215,32.60499954223633,34.8849983215332,35.59000015258789,33.560001373291016,31.309999465942383,24.790000915527344,12.803999900817871
2019-11-21,20.480714797973633,27.80500030517578,31.770000457763672,17.916000366210938,32.540000915527344,34.8849983215332,35.2599983215332,33.435001373291016,31.030000686645508,24.7450008392334,12.739999771118164
2019-11-22,20.34342384338379,28.06999969482422,31.885000228881836,18.04199981689453,32.779998779296875,34.8849983215332,35.2599983215332,33.435001373291016,31.084999084472656,24.75,12.802000045776367
2019-11-25,20.50090789794922,28.149999618530273,32.2599983215332,18.211999893188477,33.2400016784668,34.8849983215332,35.775001525878906,33.6150016784668,31.559999465942383,24.864999771118164,12.892000198364258
2019-11-26,20.61396598815918,27.90999984741211,32.375,18.145999908447266,33.33000183105469,34.8849983215332,35.775001525878906,33.79499816894531,31.670000076293945,24.854999542236328,12.869999885559082
2019-11-27,20.714914321899414,27.815000534057617,32.66999816894531,18.290000915527344,33.404998779296875,34.8849983215332,35.775001525878906,33.94499969482422,31.795000076293945,24.854999542236328,12.98799991607666
2019-11-28,20.74721908569336,27.915000915527344,32.595001220703125,18.285999298095703,33.45500183105469,34.8849983215332,35.939998626708984,33.93000030517578,31.760000228881836,24.959999084472656,12.973999977111816
2019-11-29,20.75529670715332,27.604999542236328,32.459999084472656,18.224000930786133,33.314998626708984,34.8849983215332,35.779998779296875,33.8849983215332,31.719999313354492,24.950000762939453,12.960000038146973
2019-12-02,20.504941940307617,27.4950008392334,31.885000228881836,17.97599983215332,32.869998931884766,34.8849983215332,35.369998931884766,33.5099983215332,30.954999923706055,24.584999084472656,12.704000473022461
2019-12-03,20.452449798583984,27.104999542236328,31.610000610351562,17.690000534057617,32.80500030517578,34.09000015258789,35.369998931884766,33.435001373291016,30.540000915527344,24.59000015258789,12.704000473022461
2019-12-04,20.642230987548828,27.420000076293945,31.954999923706055,17.950000762939453,33.095001220703125,34.54999923706055,35.43000030517578,33.63999938964844,31.0049991607666,24.774999618530273,12.704000473022461
2019-12-05,20.58570098876953,27.315000534057617,31.954999923706055,17.908000946044922,33.07500076293945,34.54999923706055,35.334999084472656,33.525001525878906,30.989999771118164,24.75,12.779999732971191
2019-12-06,20.759334564208984,27.885000228881836,31.954999923706055,18.242000579833984,33.52000045776367,34.54999923706055,35.334999084472656,34.04999923706055,31.510000228881836,24.9950008392334,12.961999893188477
2019-12-09,20.710878372192383,27.8700008392334,32.16999816894531,18.187999725341797,33.29499816894531,34.79999923706055,35.334999084472656,33.91999816894531,31.395000457763672,24.834999084472656,12.949999809265137
2019-12-10,20.666461944580078,27.809999465942383,32.064998626708984,18.115999221801758,33.154998779296875,34.79999923706055,35.334999084472656,33.814998626708984,31.309999465942383,24.7549991607666,12.949999809265137
2019-12-11,20.504941940307617,27.75,32.06999969482422,18.11199951171875,33.20500183105469,34.79999923706055,35.334999084472656,33.78499984741211,31.309999465942383,24.850000381469727,12.845999717712402
2019-12-12,20.286890029907227,28.030000686645508,32.06999969482422,18.309999465942383,33.32500076293945,34.939998626708984,36.07500076293945,33.720001220703125,31.475000381469727,24.815000534057617,12.845999717712402
2019-12-13,20.147573471069336,27.93000030517578,32.369998931884766,18.365999221801758,33.31999969482422,34.939998626708984,36.185001373291016,33.65999984741211,31.719999313354492,24.954999923706055,12.772000312805176
2019-12-16,20.278812408447266,28.229999542236328,32.665000915527344,18.582000732421875,33.75,34.939998626708984,36.53499984741211,34.064998626708984,32.16999816894531,25.149999618530273,12.913999557495117
2019-12-17,20.208145141601562,28.3700008392334,32.63999938964844,18.513999938964844,33.6349983215332,35.04999923706055,36.255001068115234,33.7599983215332,32.0099983215332,25.40999984741211,12.883999824523926
2019-12-18,20.214202880859375,28.5,32.72999954223633,18.577999114990234,33.72999954223633,34.915000915527344,36.2400016784668,33.869998931884766,32.1349983215332,25.40999984741211,13.001999855041504
2019-12-19,20.34342384338379,28.5,32.72999954223633,18.52400016784668,33.83000183105469,34.915000915527344,36.33000183105469,33.935001373291016,32.13999938964844,25.389999389648438,13.034000396728516
2019-12-20,20.448408126831055,28.739999771118164,32.95000076293945,18.667999267578125,34.244998931884766,34.915000915527344,36.61000061035156,34.3650016784668,32.53499984741211,25.639999389648438,13.119999885559082
2019-12-23,20.39995002746582,28.774999618530273,32.92499923706055,18.52199935913086,34.279998779296875,35.224998474121094,36.564998626708984,34.334999084472656,32.619998931884766,25.604999542236328,13.131999969482422
2019-12-24,20.39995002746582,28.774999618530273,32.92499923706055,18.52199935913086,34.279998779296875,35.224998474121094,36.564998626708984,34.334999084472656,32.619998931884766,25.604999542236328,13.131999969482422
2019-12-27,20.626079559326172,28.809999465942383,33.11000061035156,18.488000869750977,34.130001068115234,35.11000061035156,36.564998626708984,34.220001220703125,32.685001373291016,25.469999313354492,13.104000091552734
2019-12-30,20.6341495513916,28.65999984741211,32.70500183105469,18.465999603271484,33.81999969482422,34.71500015258789,36.564998626708984,33.96500015258789,32.224998474121094,25.344999313354492,12.935999870300293
2019-12-31,20.65030860900879,28.65999984741211,32.70500183105469,18.465999603271484,33.81999969482422,34.71500015258789,36.564998626708984,33.96500015258789,32.224998474121094,25.344999313354492,12.935999870300293
2020-01-02,20.68260955810547,28.7549991607666,33.02000045776367,18.558000564575195,33.915000915527344,34.71500015258789,36.650001525878906,34.0099983215332,32.845001220703125,25.350000381469727,13.043999671936035
2020-01-03,20.642230987548828,28.899999618530273,32.970001220703125,18.496000289916992,33.849998474121094,34.71500015258789,36.255001068115234,33.96500015258789,32.76499938964844,25.329999923706055,13.081999778747559
2020-01-06,20.666461944580078,29.155000686645508,32.880001068115234,18.38800048828125,33.66999816894531,34.71500015258789,36.255001068115234,33.8849983215332,32.65999984741211,25.260000228881836,13.116000175476074
2020-01-07,20.589740753173828,29.09000015258789,33.14500045776367,18.47599983215332,33.92499923706055,35.31999969482422,36.1349983215332,33.994998931884766,33.025001525878906,25.325000762939453,13.258000373840332
2020-01-08,20.525131225585938,28.989999771118164,33.14500045776367,18.56599998474121,34.099998474121094,35.400001525878906,35.994998931884766,33.96500015258789,33.15999984741211,25.360000610351562,13.291999816894531
2020-01-09,20.525131225585938,28.799999237060547,33.525001525878906,18.66200065612793,34.41999816894531,35.400001525878906,35.994998931884766,34.1349983215332,33.69499969482422,25.43000030517578,13.392000198364258
2020-01-10,20.58570098876953,28.979999542236328,33.43000030517578,18.56999969482422,34.5,35.45500183105469,36.029998779296875,34.19499969482422,33.7599983215332,25.579999923706055,13.38599967956543
2020-01-13,20.718955993652344,28.860000610351562,33.29499816894531,18.510000228881836,34.310001373291016,35.44499969482422,36.029998779296875,34.119998931884766,33.76499938964844,25.59000015258789,13.366000175476074
2020-01-14,20.706844329833984,28.815000534057617,33.45000076293945,18.63800048828125,34.345001220703125,35.44499969482422,36.029998779296875,34.29499816894531,33.98500061035156,25.6299991607666,13.430000305175781
2020-01-15,20.888545989990234,28.729999542236328,33.314998626708984,18.461999893188477,34.73500061035156,35.44499969482422,36.154998779296875,34.470001220703125,33.845001220703125,25.934999465942383,13.416000366210938
2020-01-16,21.017765045166016,28.93000030517578,33.459999084472656,18.56399917602539,34.810001373291016,35.44499969482422,36.2599983215332,34.595001220703125,34.04499816894531,26.165000915527344,13.45199966430664
2020-01-17,21.106597900390625,28.7450008392334,33.459999084472656,18.697999954223633,35.060001373291016,36.02000045776367,36.625,34.82500076293945,34.400001525878906,26.424999237060547,13.569999694824219
2020-01-20,21.07833480834961,28.735000610351562,33.685001373291016,18.67799949645996,35.064998626708984,36.029998779296875,36.744998931884766,34.779998779296875,34.6150016784668,26.579999923706055,13.64799976348877
2020-01-21,21.090452194213867,28.440000534057617,33.59000015258789,18.6200008392334,35.1349983215332,36.029998779296875,36.744998931884766,34.7599983215332,34.68000030517578,26.584999084472656,13.61400032043457
2020-01-22,21.151023864746094,28.155000686645508,33.720001220703125,18.621999740600586,35.11000061035156,36.029998779296875,36.5,34.900001525878906,34.84000015258789,26.7549991607666,13.666000366210938
2020-01-23,21.083534240722656,27.975000381469727,33.505001068115234,18.540000915527344,34.974998474121094,36.029998779296875,36.17499923706055,34.880001068115234,34.83000183105469,26.90999984741211,13.666000366210938
2020-01-24,21.217687606811523,27.899999618530273,33.5,18.576000213623047,34.849998474121094,36.1150016784668,36.345001220703125,35.060001373291016,35.20500183105469,27.264999389648438,13.640000343322754
2020-01-27,20.99002456665039,27.344999313354492,32.724998474121094,18.194000244140625,34.400001525878906,36.1150016784668,35.404998779296875,34.724998474121094,34.1349983215332,27.114999771118164,13.324000358581543
2020-01-28,21.103858947753906,27.44499969482422,33.09000015258789,18.441999435424805,34.724998474121094,36.1150016784668,35.404998779296875,34.810001373291016,34.654998779296875,27.28499984741211,13.505999565124512
2020-01-29,21.083534240722656,27.354999542236328,33.17499923706055,18.510000228881836,34.83000183105469,35.904998779296875,35.869998931884766,34.76499938964844,34.869998931884766,27.350000381469727,13.491999626159668
2020-01-30,20.981897354125977,26.84000015258789,32.845001220703125,18.31800079345703,34.26499938964844,35.904998779296875,35.345001220703125,34.599998474121094,34.55500030517578,27.309999465942383,13.241999626159668
2020-01-31,20.884323120117188,26.34000015258789,32.845001220703125,18.143999099731445,33.72999954223633,35.904998779296875,34.82500076293945,34.45500183105469,33.959999084472656,27.19499969482422,13.112000465393066
2020-02-03,20.888391494750977,25.969999313354492,33.275001525878906,18.239999771118164,34.02000045776367,35.904998779296875,34.974998474121094,34.459999084472656,34.310001373291016,27.325000762939453,13.251999855041504
2020-02-04,21.095731735229492,26.475000381469727,33.88999938964844,18.555999755859375,34.70500183105469,35.904998779296875,34.974998474121094,34.869998931884766,35.220001220703125,27.350000381469727,13.321999549865723
2020-02-05,21.116060256958008,26.979999542236328,33.88999938964844,18.760000228881836,35.26499938964844,36.060001373291016,36.29999923706055,35.04999923706055,35.4900016784668,27.475000381469727,13.428000450134277
2020-02-06,21.107921600341797,26.940000534057617,34.23500061035156,18.9060001373291,35.47999954223633,36.060001373291016,36.525001525878906,35.290000915527344,35.845001220703125,27.6200008392334,13.588000297546387
2020-02-07,21.095731735229492,26.780000686645508,34.05500030517578,18.920000076293945,35.400001525878906,36.060001373291016,36.14500045776367,35.28499984741211,35.96500015258789,27.65999984741211,13.680000305175781
2020-02-10,21.095731735229492,26.575000762939453,34.23500061035156,18.93000030517578,35.51499938964844,36.060001373291016,36.14500045776367,35.46500015258789,36.005001068115234,27.674999237060547,13.680000305175781
2020-02-11,21.3193302154541,26.854999542236328,34.65999984741211,19.08799934387207,35.7599983215332,36.060001373291016,36.54999923706055,35.404998779296875,36.47999954223633,27.895000457763672,13.680000305175781
2020-02-12,21.368118286132812,27.149999618530273,35.005001068115234,19.242000579833984,35.95000076293945,36.060001373291016,36.76499938964844,35.404998779296875,36.53499984741211,27.915000915527344,13.904000282287598
2020-02-13,21.41283416748047,27.125,35.04999923706055,19.27199935913086,35.86000061035156,36.060001373291016,36.779998779296875,35.4900016784668,36.81999969482422,28.065000534057617,13.954000473022461
2020-02-14,21.591720581054688,27.139999389648438,35.04999923706055,19.29199981689453,35.79499816894531,36.060001373291016,36.61000061035156,35.6150016784668,36.875,28.364999771118164,13.972000122070312
2020-02-17,21.60797691345215,27.209999084472656,35.07500076293945,19.336000442504883,35.935001373291016,36.619998931884766,36.61000061035156,35.709999084472656,37.02000045776367,28.579999923706055,14.031999588012695
2020-02-18,21.538869857788086,26.895000457763672,34.880001068115234,19.158000946044922,35.779998779296875,36.619998931884766,36.349998474121094,35.654998779296875,36.63999938964844,28.735000610351562,14.003999710083008
2020-02-19,21.473814010620117,27.270000457763672,35.38999938964844,19.32200050354004,36.14500045776367,36.619998931884766,36.689998626708984,35.84000015258789,37.255001068115234,28.815000534057617,14.128000259399414
2020-02-20,21.4006404876709,27.34000015258789,35.08000183105469,19.1560001373291,35.78499984741211,36.36000061035156,36.56999969482422,35.564998626708984,36.564998626708984,28.59000015258789,14.029999732971191
2020-02-21,21.534801483154297,26.834999084472656,34.665000915527344,18.989999771118164,35.6150016784668,36.36000061035156,36.36000061035156,35.45500183105469,36.130001068115234,28.600000381469727,13.887999534606934
2020-02-24,21.22989273071289,25.770000457763672,33.33000183105469,18.417999267578125,34.619998931884766,34.88999938964844,35.1349983215332,34.69499969482422,34.584999084472656,28.264999389648438,13.404000282287598
2020-02-25,20.981897354125977,25.204999923706055,32.81999969482422,18.062000274658203,34.005001068115234,34.88999938964844,34.619998931884766,34.244998931884766,33.84000015258789,27.764999389648438,13.284000396728516
2020-02-26,20.827407836914062,24.75,32.810001373291016,17.93400001525879,33.959999084472656,34.224998474121094,34.42499923706055,34.1150016784668,34.025001525878906,27.68000030517578,13.196000099182129
2020-02-27,20.10172462463379,23.450000762939453,31.270000457763672,17.152000427246094,32.88999938964844,32.775001525878906,33.0099983215332,32.82500076293945,32.220001220703125,26.860000610351562,12.656000137329102
2020-02-28,19.10161781311035,22.399999618530273,30.084999084472656,16.384000778198242,31.25,31.385000228881836,31.315000534057617,31.239999771118164,31.075000762939453,25.200000762939453,12.156000137329102
2020-03-02,19.44515037536621,22.915000915527344,30.389999389648438,16.398000717163086,31.854999542236328,31.600000381469727,31.75,31.954999923706055,31.899999618530273,25.700000762939453,12.338000297546387
2020-03-03,19.733795166015625,22.844999313354492,30.600000381469727,16.381999969482422,32.14500045776367,31.854999542236328,32.209999084472656,32.349998474121094,32.119998931884766,26.040000915527344,12.404000282287598
2020-03-04,20.15863800048828,22.94499969482422,30.7549991607666,16.437999725341797,33.04499816894531,32.10499954223633,32.209999084472656,32.974998474121094,32.30500030517578,26.75,12.465999603271484
2020-03-05,20.227754592895508,22.520000457763672,30.530000686645508,16.13800048828125,33.154998779296875,31.735000610351562,32.435001373291016,33.28499984741211,32.44499969482422,27.059999465942383,12.413999557495117
2020-03-06,19.69721031188965,21.114999771118164,29.174999237060547,15.36400032043457,31.7450008392334,31.735000610351562,31.030000686645508,32.154998779296875,30.6200008392334,25.969999313354492,11.803999900817871
2020-03-09,18.741823196411133,17.423999786376953,27.579999923706055,13.758000373840332,30.475000381469727,31.735000610351562,28.6200008392334,31.030000686645508,28.9950008392334,24.709999084472656,11.276000022888184
2020-03-10,18.308849334716797,16.93400001525879,27.684999465942383,13.87600040435791,30.415000915527344,31.735000610351562,28.475000381469727,30.55500030517578,29.010000228881836,24.0,11.232000350952148
2020-03-11,18.024263381958008,16.961999893188477,27.684999465942383,13.973999977111816,30.545000076293945,28.0049991607666,28.274999618530273,30.459999084472656,29.25,23.684999465942383,11.232000350952148
2020-03-12,16.11146354675293,15.071999549865723,25.125,12.333999633789062,28.575000762939453,28.0049991607666,25.479999542236328,28.329999923706055,26.885000228881836,21.670000076293945,10.428000450134277
2020-03-13,15.818743705749512,14.772000312805176,24.90999984741211,12.73799991607666,28.405000686645508,25.354999542236328,25.559999465942383,28.350000381469727,26.9950008392334,21.290000915527344,10.416000366210938
2020-03-16,14.92231559753418,14.496000289916992,23.875,12.234000205993652,28.190000534057617,24.600000381469727,24.735000610351562,28.385000228881836,26.770000457763672,21.010000228881836,10.305999755859375
2020-03-17,14.373472213745117,14.192000389099121,23.875,12.37399959564209,28.725000381469727,24.7450008392334,25.799999237060547,29.475000381469727,26.924999237060547,22.059999465942383,10.473999977111816
2020-03-18,13.304253578186035,12.498000144958496,23.024999618530273,11.644000053405762,28.110000610351562,23.360000610351562,24.635000228881836,29.40999984741211,26.2450008392334,21.96500015258789,10.199999809265137
2020-03-19,12.88144588470459,12.739999771118164,23.024999618530273,11.871999740600586,28.760000228881836,24.065000534057617,25.3700008392334,29.975000381469727,26.989999771118164,21.475000381469727,10.711999893188477
2020-03-20,13.070489883422852,13.489999771118164,24.485000610351562,12.079999923706055,28.329999923706055,24.065000534057617,25.270000457763672,29.1200008392334,26.834999084472656,20.9950008392334,10.366000175476074
2020-03-23,12.574501037597656,12.868000030517578,24.485000610351562,11.204000473022461,26.770000457763672,22.709999084472656,24.375,27.600000381469727,25.489999771118164,19.082000732421875,10.053999900817871
2020-03-24,13.405889511108398,14.715999603271484,25.770000457763672,12.369999885559082,28.299999237060547,24.850000381469727,26.739999771118164,28.59000015258789,28.05500030517578,20.46500015258789,10.718000411987305
2020-03-25,14.369410514831543,15.890000343322754,26.594999313354492,12.871999740600586,28.700000762939453,26.014999389648438,27.364999771118164,28.7549991607666,28.665000915527344,21.09000015258789,10.680000305175781
2020-03-26,14.739363670349121,16.27199935913086,26.78499984741211,13.321999549865723,29.309999465942383,26.75,27.610000610351562,29.299999237060547,28.854999542236328,22.059999465942383,10.868000030517578
2020-03-27,14.653990745544434,15.12600040435791,25.81999969482422,12.824000358581543,29.204999923706055,26.75,27.610000610351562,29.2549991607666,28.010000228881836,21.889999389648438,10.54800033569336
2020-03-30,14.658055305480957,15.434000015258789,26.360000610351562,12.843999862670898,30.264999389648438,26.75,27.40999984741211,30.020000457763672,28.915000915527344,22.559999465942383,10.817999839782715
2020-03-31,14.822710037231445,16.393999099731445,26.360000610351562,13.034000396728516,30.704999923706055,26.485000610351562,27.860000610351562,30.415000915527344,29.395000457763672,22.665000915527344,11.052000045776367
2020-04-01,13.950662612915039,15.826000213623047,25.31999969482422,12.28600025177002,29.940000534057617,25.174999237060547,26.9950008392334,29.780000686645508,28.114999771118164,21.415000915527344,10.654000282287598
2020-04-02,13.871386528015137,17.378000259399414,25.31999969482422,12.366000175476074,30.110000610351562,25.299999237060547,27.405000686645508,30.020000457763672,27.889999389648438,21.649999618530273,10.70199966430664
2020-04-03,13.56647777557373,16.600000381469727,24.940000534057617,12.227999687194824,30.530000686645508,25.264999389648438,27.235000610351562,30.420000076293945,27.96500015258789,21.559999465942383,10.64799976348877
2020-04-06,14.312490463256836,17.00200080871582,26.360000610351562,12.789999961853027,31.454999923706055,26.415000915527344,28.385000228881836,31.360000610351562,29.489999771118164,22.489999771118164,11.095999717712402
2020-04-07,15.097126960754395,17.697999954223633,27.3700008392334,13.345999717712402,31.940000534057617,26.415000915527344,29.299999237060547,31.829999923706055,30.364999771118164,22.850000381469727,11.39799976348877
2020-04-08,15.141846656799316,17.65999984741211,27.594999313354492,13.32800006866455,31.725000381469727,27.25,29.110000610351562,31.434999465942383,30.469999313354492,22.700000762939453,11.392000198364258
2020-04-09,16.211063385009766,18.06999969482422,28.094999313354492,13.82800006866455,32.349998474121094,27.84000015258789,30.280000686645508,31.799999237060547,30.635000228881836,24.084999084472656,11.456000328063965
2020-04-14,15.936647415161133,17.615999221801758,28.8799991607666,13.595999717712402,32.935001373291016,27.475000381469727,30.5049991607666,32.099998474121094,31.424999237060547,23.709999084472656,11.684000015258789
2020-04-15,15.310567855834961,16.488000869750977,28.520000457763672,13.062000274658203,32.875,26.709999084472656,29.389999389648438,32.0099983215332,31.165000915527344,23.364999771118164,11.65999984741211
2020-04-16,15.156076431274414,16.309999465942383,28.520000457763672,12.930000305175781,33.70500183105469,26.844999313354492,29.559999465942383,32.40999984741211,31.770000457763672,23.450000762939453,11.866000175476074
2020-04-17,15.471151351928711,17.02400016784668,29.549999237060547,13.293999671936035,34.09000015258789,27.510000228881836,30.174999237060547,32.41999816894531,31.75,23.565000534057617,11.883999824523926
2020-04-20,15.375609397888184,17.365999221801758,29.920000076293945,13.40999984741211,34.57500076293945,27.614999771118164,30.40999984741211,32.810001373291016,32.04499816894531,23.59000015258789,11.979999542236328
2020-04-21,14.749527931213379,16.493999481201172,28.655000686645508,12.85200023651123,33.6349983215332,26.614999771118164,29.19499969482422,31.780000686645508,30.329999923706055,22.834999084472656,11.494000434875488
2020-04-22,15.005656242370605,17.246000289916992,28.655000686645508,13.045999526977539,34.20000076293945,27.0,29.924999237060547,32.154998779296875,31.315000534057617,23.479999542236328,11.82800006866455
2020-04-23,15.153868675231934,17.940000534057617,29.709999084472656,13.182000160217285,34.71500015258789,27.0,29.924999237060547,32.20500183105469,31.950000762939453,23.40999984741211,12.008000373840332
2020-04-24,14.868520736694336,17.690000534057617,29.489999771118164,13.015999794006348,34.5099983215332,27.135000228881836,30.290000915527344,32.11000061035156,31.604999542236328,23.200000762939453,11.868000030517578
2020-04-27,15.295514106750488,17.802000045776367,29.489999771118164,13.46399974822998,35.119998931884766,27.135000228881836,30.940000534057617,32.310001373291016,32.334999084472656,23.610000610351562,12.131999969482422
2020-04-28,15.636279106140137,18.4060001373291,30.315000534057617,13.817999839782715,34.814998626708984,28.440000534057617,31.5,32.6150016784668,32.18000030517578,23.854999542236328,12.04800033569336
2020-04-29,16.07352638244629,19.351999282836914,30.315000534057617,14.232000350952148,34.67499923706055,29.139999389648438,32.349998474121094,32.494998931884766,33.0,23.905000686645508,12.418000221252441
2020-04-30,15.788183212280273,18.97599983215332,30.485000610351562,13.821999549865723,34.279998779296875,28.354999542236328,32.349998474121094,31.969999313354492,32.77000045776367,23.125,12.234000205993652
2020-05-01,15.346830368041992,18.97599983215332,30.485000610351562,13.821999549865723,34.279998779296875,28.354999542236328,32.349998474121094,31.969999313354492,32.77000045776367,23.125,12.234000205993652
2020-05-04,15.09228229522705,17.874000549316406,29.309999465942383,13.119999885559082,33.560001373291016,27.084999084472656,30.40999984741211,31.299999237060547,31.959999084472656,22.549999237060547,12.043999671936035
2020-05-05,15.451520919799805,18.992000579833984,30.079999923706055,13.520000457763672,34.665000915527344,27.934999465942383,30.40999984741211,31.825000762939453,33.125,23.225000381469727,12.413999557495117
2020-05-06,15.172341346740723,18.263999938964844,30.079999923706055,13.23799991607666,34.83000183105469,27.934999465942383,31.0,31.674999237060547,33.45500183105469,22.895000457763672,12.394000053405762
2020-05-07,15.396101951599121,18.851999282836914,30.079999923706055,13.522000312805176,34.68000030517578,27.934999465942383,31.0,31.78499984741211,33.935001373291016,22.834999084472656,12.449999809265137
2020-05-08,15.396101951599121,18.97800064086914,30.80500030517578,13.5600004196167,34.71500015258789,28.405000686645508,31.90999984741211,32.040000915527344,34.02000045776367,22.889999389648438,12.543999671936035
2020-05-11,15.587010383605957,18.937999725341797,31.024999618530273,13.465999603271484,34.939998626708984,28.3700008392334,31.475000381469727,32.255001068115234,34.43000030517578,22.825000762939453,12.595999717712402
2020-05-12,15.145654678344727,18.88800048828125,31.024999618530273,13.315999984741211,35.22999954223633,28.239999771118164,31.524999618530273,32.36000061035156,34.42499923706055,22.96500015258789,12.593999862670898
2020-05-13,14.655037879943848,18.006000518798828,30.1299991607666,12.850000381469727,34.79999923706055,27.3799991607666,30.78499984741211,31.8799991607666,33.63999938964844,22.600000381469727,12.28600025177002
2020-05-14,14.320423126220703,17.823999404907227,29.71500015258789,12.758000373840332,34.40999984741211,26.889999389648438,30.53499984741211,31.270000457763672,33.08000183105469,22.395000457763672,12.14799976348877
2020-05-15,14.338902473449707,18.097999572753906,30.09000015258789,12.819999694824219,34.689998626708984,26.889999389648438,31.030000686645508,31.575000762939453,33.27000045776367,22.329999923706055,12.270000457763672
2020-05-18,15.229819297790527,19.229999542236328,31.260000228881836,13.35200023651123,35.400001525878906,28.575000762939453,32.415000915527344,32.189998626708984,34.46500015258789,23.170000076293945,12.682000160217285
2020-05-19,15.211343765258789,18.964000701904297,31.399999618530273,13.359999656677246,34.814998626708984,28.584999084472656,32.459999084472656,31.860000610351562,34.599998474121094,22.96500015258789,12.604000091552734
2020-05-20,15.272933006286621,19.233999252319336,31.3799991607666,13.369999885559082,34.92499923706055,28.795000076293945,32.459999084472656,31.729999542236328,34.79499816894531,23.020000457763672,12.729999542236328
2020-05-21,15.149765014648438,18.899999618530273,31.3799991607666,13.246000289916992,34.43000030517578,28.5,32.125,31.5049991607666,34.439998626708984,22.774999618530273,12.699999809265137
2020-05-22,15.104596138000488,18.775999069213867,31.344999313354492,13.168000221252441,34.630001068115234,28.584999084472656,32.28499984741211,31.645000457763672,34.56999969482422,22.795000076293945,12.729999542236328
2020-05-25,15.104596138000488,19.211999893188477,31.889999389648438,13.42199993133545,35.275001525878906,29.235000610351562,32.78499984741211,31.954999923706055,35.29499816894531,23.21500015258789,12.998000144958496
2020-05-26,15.816927909851074,19.309999465942383,32.02000045776367,13.800000190734863,34.75,29.725000381469727,32.86000061035156,31.850000381469727,34.869998931884766,23.375,12.911999702453613
2020-05-27,15.853878021240234,19.34600067138672,31.975000381469727,14.251999855041504,34.084999084472656,30.09000015258789,32.849998474121094,31.875,34.130001068115234,23.375,12.758000373840332
2020-05-28,16.03657341003418,19.312000274658203,31.975000381469727,14.26200008392334,35.125,30.420000076293945,33.369998931884766,32.32500076293945,34.744998931884766,23.7549991607666,12.829999923706055
2020-05-29,15.907252311706543,18.643999099731445,31.690000534057617,13.850000381469727,34.630001068115234,29.579999923706055,32.8650016784668,31.829999923706055,34.25,23.665000915527344,12.60200023651123
2020-06-01,16.237754821777344,18.643999099731445,32.275001525878906,13.850000381469727,34.755001068115234,29.959999084472656,33.334999084472656,32.29499816894531,34.65999984741211,23.934999465942383,12.824000358581543
2020-06-02,16.51898765563965,19.576000213623047,32.380001068115234,14.279999732971191,34.6349983215332,30.229999542236328,33.69499969482422,32.15999984741211,34.505001068115234,24.155000686645508,12.779999732971191
2020-06-03,17.091724395751953,20.075000762939453,32.95000076293945,14.793999671936035,34.619998931884766,30.96500015258789,34.25,32.38999938964844,35.040000915527344,24.520000457763672,12.869999885559082
2020-06-04,17.02397918701172,19.8439998626709,32.54499816894531,14.73799991607666,34.15999984741211,30.895000457763672,33.95000076293945,32.09000015258789,34.654998779296875,24.165000915527344,12.720000267028809
2020-06-05,17.847158432006836,21.274999618530273,33.29999923706055,15.498000144958496,34.68000030517578,32.21500015258789,34.73500061035156,32.40999984741211,35.310001373291016,24.545000076293945,12.947999954223633
2020-06-08,17.92516326904297,21.610000610351562,33.5099983215332,15.609999656677246,34.6150016784668,32.23500061035156,34.744998931884766,32.474998474121094,35.29499816894531,24.614999771118164,12.958000183105469
2020-06-09,17.71782875061035,21.059999465942383,33.36000061035156,15.270000457763672,34.54499816894531,31.59000015258789,34.36000061035156,32.30500030517578,35.48500061035156,24.19499969482422,13.010000228881836
2020-06-10,17.317529678344727,20.405000686645508,33.439998626708984,15.057999610900879,34.41999816894531,31.170000076293945,34.220001220703125,32.459999084472656,35.935001373291016,24.174999237060547,12.949999809265137
2020-06-11,16.49640464782715,18.97800064086914,32.369998931884766,14.10200023651123,33.369998931884766,29.725000381469727,32.915000915527344,31.655000686645508,35.04999923706055,23.329999923706055,12.616000175476074
2020-06-12,16.576461791992188,18.95800018310547,32.025001525878906,14.21399974822998,33.15999984741211,29.68000030517578,32.88999938964844,31.479999542236328,34.650001525878906,23.454999923706055,12.541999816894531
2020-06-15,16.68937873840332,18.711999893188477,31.850000381469727,14.095999717712402,33.0099983215332,29.520000457763672,32.75,31.315000534057617,34.57500076293945,23.354999542236328,12.517999649047852
2020-06-16,17.280580520629883,19.520000457763672,32.88999938964844,14.60200023651123,34.01499938964844,30.649999618530273,33.845001220703125,32.17499923706055,35.810001373291016,23.940000534057617,12.862000465393066
2020-06-17,17.134830474853516,19.308000564575195,33.15999984741211,14.597999572753906,34.34000015258789,30.674999237060547,33.810001373291016,32.45000076293945,36.19499969482422,23.709999084472656,12.9399995803833
2020-06-18,16.991140365600586,19.214000701904297,33.04999923706055,14.501999855041504,34.22999954223633,30.55500030517578,33.68000030517578,32.349998474121094,36.18000030517578,23.709999084472656,12.930000305175781
2020-06-19,16.861804962158203,19.469999313354492,33.30500030517578,14.491999626159668,34.67499923706055,30.674999237060547,33.91999816894531,32.78499984741211,36.595001220703125,23.93000030517578,13.053999900817871
2020-06-22,16.584674835205078,18.913999557495117,32.86000061035156,14.319999694824219,34.275001525878906,30.135000228881836,33.6349983215332,32.20500183105469,36.29499816894531,23.559999465942383,12.930000305175781
2020-06-23,16.646259307861328,19.20800018310547,33.435001373291016,14.437999725341797,34.630001068115234,30.350000381469727,34.005001068115234,32.314998626708984,36.81999969482422,23.40999984741211,13.020000457763672
2020-06-24,16.10021209716797,18.288000106811523,32.70500183105469,14.017999649047852,33.70000076293945,29.565000534057617,33.1349983215332,31.639999389648438,36.060001373291016,23.020000457763672,12.720000267028809
2020-06-25,16.1556396484375,18.347999572753906,32.709999084472656,14.128000259399414,33.8849983215332,29.55500030517578,33.130001068115234,31.809999465942383,36.04999923706055,22.959999084472656,12.78600025177002
2020-06-26,16.200803756713867,18.08799934387207,32.665000915527344,13.942000389099121,33.790000915527344,29.549999237060547,33.1150016784668,31.774999618530273,36.099998474121094,22.825000762939453,12.534000396728516
2020-06-29,16.241857528686523,18.190000534057617,32.52000045776367,13.986000061035156,33.91999816894531,29.889999389648438,33.53499984741211,31.84000015258789,35.994998931884766,23.094999313354492,12.460000038146973
2020-06-30,16.397869110107422,18.139999389648438,32.95500183105469,14.081999778747559,33.94499969482422,30.06999969482422,33.83000183105469,31.924999237060547,36.59000015258789,23.325000762939453,12.581999778747559
2020-07-01,16.516937255859375,18.26799964904785,33.14500045776367,14.038000106811523,34.224998474121094,29.940000534057617,33.54499816894531,31.889999389648438,36.77000045776367,23.329999923706055,12.789999961853027
2020-07-02,16.763273239135742,18.54599952697754,33.869998931884766,14.284000396728516,34.73500061035156,30.405000686645508,34.3650016784668,32.29999923706055,37.19499969482422,23.854999542236328,12.960000038146973
2020-07-03,16.646259307861328,18.302000045776367,33.77000045776367,14.133999824523926,34.599998474121094,30.110000610351562,34.029998779296875,31.989999771118164,37.125,23.655000686645508,12.92199993133545
2020-07-06,16.845382690429688,18.375999450683594,34.52000045776367,14.395999908447266,34.91999816894531,30.545000076293945,34.45000076293945,32.150001525878906,37.724998474121094,23.575000762939453,13.112000465393066
2020-07-07,16.553890228271484,18.173999786376953,34.65999984741211,14.236000061035156,34.84000015258789,30.475000381469727,34.560001373291016,32.16999816894531,37.88999938964844,23.475000381469727,13.229999542236328
2020-07-08,16.34039306640625,17.899999618530273,34.1349983215332,14.095999717712402,34.31999969482422,30.0049991607666,34.244998931884766,32.154998779296875,37.369998931884766,23.469999313354492,13.010000228881836
2020-07-09,16.116640090942383,17.31999969482422,34.22999954223633,13.920000076293945,34.05500030517578,29.674999237060547,34.029998779296875,31.924999237060547,37.564998626708984,23.094999313354492,13.064000129699707
2020-07-10,16.237754821777344,17.447999954223633,34.76499938964844,14.128000259399414,34.165000915527344,29.915000915527344,34.45000076293945,32.32500076293945,37.84000015258789,23.540000915527344,13.23799991607666
2020-07-13,16.377344131469727,17.618000030517578,35.91999816894531,14.354000091552734,34.66999816894531,30.21500015258789,34.45000076293945,32.63999938964844,38.334999084472656,23.735000610351562,13.491999626159668
2020-07-14,16.293182373046875,17.923999786376953,34.38999938964844,14.279999732971191,34.2400016784668,30.024999618530273,34.84000015258789,32.380001068115234,36.76499938964844,23.56999969482422,13.083999633789062
2020-07-15,16.471771240234375,18.20800018310547,34.755001068115234,14.47599983215332,35.15999984741211,30.905000686645508,35.584999084472656,32.880001068115234,37.3849983215332,23.875,13.21399974822998
2020-07-16,16.344499588012695,18.378000259399414,34.47999954223633,14.552000045776367,34.83000183105469,30.93000030517578,35.5,32.56999969482422,36.72999954223633,23.875,13.12399959564209
2020-07-17,16.299333572387695,18.04599952697754,34.619998931884766,14.402000427246094,35.26499938964844,30.885000228881836,35.5,32.66999816894531,37.05500030517578,24.145000457763672,13.14799976348877
2020-07-20,16.19669532775879,17.8799991607666,34.875,14.37600040435791,35.470001220703125,30.829999923706055,35.880001068115234,32.459999084472656,37.67499923706055,24.139999389648438,13.263999938964844
2020-07-21,16.397869110107422,18.535999298095703,35.2400016784668,14.576000213623047,35.334999084472656,31.049999237060547,35.915000915527344,32.77000045776367,37.775001525878906,24.200000762939453,13.305999755859375
2020-07-22,16.48613929748535,17.972000122070312,34.814998626708984,14.394000053405762,34.91999816894531,30.809999465942383,35.66999816894531,32.310001373291016,37.40999984741211,24.045000076293945,13.081999778747559
2020-07-23,16.459264755249023,17.90999984741211,34.85499954223633,14.355999946594238,35.154998779296875,30.809999465942383,35.89500045776367,32.80500030517578,37.45500183105469,24.204999923706055,13.10200023651123
2020-07-24,16.297975540161133,17.81800079345703,34.21500015258789,14.22599983215332,34.29999923706055,30.450000762939453,35.89500045776367,32.525001525878906,36.220001220703125,23.90999984741211,12.862000465393066
2020-07-27,16.256624221801758,17.618000030517578,33.970001220703125,14.029999732971191,34.185001373291016,30.28499984741211,35.7599983215332,32.3650016784668,35.970001220703125,23.524999618530273,12.741999626159668
2020-07-28,16.52128791809082,17.621999740600586,34.279998779296875,14.04800033569336,34.470001220703125,30.315000534057617,35.7400016784668,32.665000915527344,36.224998474121094,23.920000076293945,12.842000007629395
2020-07-29,16.794239044189453,17.601999282836914,34.029998779296875,14.03600025177002,34.4900016784668,30.30500030517578,35.28499984741211,32.70000076293945,36.23500061035156,23.7549991607666,12.781999588012695
2020-07-30,16.757020950317383,17.04800033569336,33.70500183105469,13.800000190734863,34.095001220703125,29.975000381469727,34.55500030517578,32.349998474121094,36.0099983215332,23.489999771118164,12.722000122070312
2020-07-31,16.680509567260742,16.687999725341797,33.810001373291016,13.654000282287598,33.810001373291016,29.454999923706055,34.40999984741211,32.10499954223633,36.59000015258789,23.549999237060547,12.765999794006348
2020-08-03,16.651559829711914,17.054000854492188,34.19499969482422,13.932000160217285,34.56999969482422,30.079999923706055,34.994998931884766,32.42499923706055,38.064998626708984,23.735000610351562,12.965999603271484
2020-08-04,16.92450714111328,17.474000930786133,34.27000045776367,13.89799976348877,34.334999084472656,30.149999618530273,35.119998931884766,32.4900016784668,37.91999816894531,23.735000610351562,12.960000038146973
2020-08-05,16.98033332824707,17.70800018310547,34.345001220703125,13.923999786376953,34.0099983215332,30.30500030517578,35.79499816894531,32.244998931884766,37.834999084472656,23.485000610351562,12.918000221252441
2020-08-06,16.926572799682617,17.530000686645508,34.505001068115234,13.904000282287598,33.810001373291016,30.485000610351562,35.470001220703125,32.119998931884766,37.994998931884766,23.395000457763672,13.001999855041504
2020-08-07,16.990671157836914,17.395999908447266,34.505001068115234,13.986000061035156,34.1349983215332,30.7549991607666,35.470001220703125,32.21500015258789,38.27000045776367,23.795000076293945,13.260000228881836
2020-08-10,17.19951820373535,17.860000610351562,34.78499984741211,14.293999671936035,34.060001373291016,31.350000381469727,35.470001220703125,32.43000030517578,37.810001373291016,23.985000610351562,13.157999992370605
2020-08-11,17.195375442504883,18.375999450683594,35.33000183105469,14.616000175476074,34.26499938964844,32.07500076293945,35.470001220703125,32.4900016784668,37.95000076293945,23.81999969482422,13.234000205993652
2020-08-12,17.170562744140625,18.275999069213867,35.4900016784668,14.633999824523926,34.41999816894531,32.07500076293945,35.470001220703125,32.790000915527344,38.02000045776367,24.020000457763672,13.206000328063965
2020-08-13,17.1436824798584,17.99799919128418,35.4900016784668,14.394000053405762,34.29499816894531,32.07500076293945,35.470001220703125,32.75,38.2400016784668,23.844999313354492,13.227999687194824
2020-08-14,17.065109252929688,17.884000778198242,35.53499984741211,14.428000450134277,34.290000915527344,31.809999465942383,35.709999084472656,32.63999938964844,37.92499923706055,23.674999237060547,13.166000366210938
2020-08-17,17.096126556396484,17.77400016784668,35.82500076293945,14.272000312805176,34.4900016784668,31.739999771118164,36.154998779296875,32.76499938964844,38.154998779296875,23.69499969482422,13.130000114440918
2020-08-18,16.976200103759766,17.639999389648438,36.10499954223633,14.145999908447266,34.18000030517578,31.530000686645508,35.89500045776367,32.599998474121094,38.025001525878906,23.344999313354492,13.116000175476074
2020-08-19,16.872812271118164,17.649999618530273,36.29999923706055,14.239999771118164,34.375,31.655000686645508,35.89500045776367,32.790000915527344,38.314998626708984,23.389999389648438,13.288000106811523
2020-08-20,17.01548957824707,17.281999588012695,36.20000076293945,14.057999610900879,34.189998626708984,31.655000686645508,35.89500045776367,32.619998931884766,38.42499923706055,23.280000686645508,13.281999588012695
2020-08-21,16.916231155395508,17.128000259399414,36.20000076293945,14.07800006866455,34.189998626708984,31.545000076293945,35.48500061035156,32.63999938964844,39.185001373291016,23.19499969482422,13.38599967956543
2020-08-24,17.021686553955078,17.68199920654297,36.779998779296875,14.303999900817871,34.244998931884766,32.130001068115234,35.48500061035156,33.0,39.375,23.5,13.449999809265137
2020-08-25,17.106468200683594,17.36400032043457,36.95500183105469,14.359999656677246,34.29499816894531,32.0,35.724998474121094,32.810001373291016,39.55500030517578,23.3799991607666,13.526000022888184
2020-08-26,17.120941162109375,17.219999313354492,37.35499954223633,14.38599967956543,34.14500045776367,32.099998474121094,36.130001068115234,32.79999923706055,40.32500076293945,23.174999237060547,13.784000396728516
2020-08-27,17.16436195373535,17.121999740600586,37.70500183105469,14.486000061035156,34.43000030517578,32.154998779296875,35.974998474121094,33.10499954223633,40.689998626708984,23.104999542236328,13.932000160217285
2020-08-28,17.240867614746094,17.11400032043457,37.404998779296875,14.472000122070312,34.11000061035156,32.154998779296875,35.974998474121094,32.755001068115234,40.369998931884766,22.934999465942383,13.75
2020-08-31,17.240867614746094,16.972000122070312,37.30500030517578,14.302000045776367,34.154998779296875,31.80500030517578,35.744998931884766,32.619998931884766,40.34000015258789,23.010000228881836,13.62399959564209
2020-09-01,17.193313598632812,16.823999404907227,37.525001525878906,14.276000022888184,33.8849983215332,31.844999313354492,35.869998931884766,32.61000061035156,41.119998931884766,22.825000762939453,13.673999786376953
2020-09-02,17.271888732910156,16.893999099731445,37.875,14.477999687194824,34.625,32.5,36.665000915527344,33.33000183105469,41.65999984741211,23.450000762939453,13.968000411987305
2020-09-03,17.265689849853516,16.799999237060547,37.10499954223633,14.37399959564209,34.14500045776367,31.989999771118164,36.040000915527344,33.13999938964844,40.040000915527344,23.3799991607666,13.758000373840332
2020-09-04,17.00101089477539,16.61199951171875,36.07500076293945,14.276000022888184,33.349998474121094,31.989999771118164,35.89500045776367,32.625,38.099998474121094,22.989999771118164,13.29800033569336
2020-09-07,17.3173770904541,16.86199951171875,36.72999954223633,14.508000373840332,33.93000030517578,31.989999771118164,35.89500045776367,32.98500061035156,38.904998779296875,23.360000610351562,13.435999870300293
2020-09-08,17.079587936401367,16.246000289916992,36.27000045776367,14.154000282287598,33.4900016784668,31.809999465942383,36.185001373291016,32.529998779296875,38.2599983215332,22.954999923706055,13.307999610900879
2020-09-09,17.19951820373535,16.40999984741211,36.39500045776367,14.288000106811523,33.935001373291016,32.13999938964844,36.790000915527344,33.025001525878906,38.65999984741211,23.364999771118164,13.368000030517578
2020-09-10,17.125078201293945,16.145999908447266,36.790000915527344,14.1899995803833,33.689998626708984,31.969999313354492,36.72999954223633,32.79499816894531,38.73500061035156,23.094999313354492,13.366000175476074
2020-09-11,16.97826385498047,15.95199966430664,36.279998779296875,14.17199993133545,33.66999816894531,32.189998626708984,37.040000915527344,32.834999084472656,37.869998931884766,22.989999771118164,13.170000076293945
2020-09-14,17.213987350463867,15.904000282287598,36.60499954223633,14.289999961853027,33.939998626708984,32.29499816894531,37.275001525878906,32.8650016784668,38.310001373291016,23.1299991607666,13.302000045776367
2020-09-15,17.470388412475586,16.055999755859375,36.95500183105469,14.22599983215332,34.314998626708984,32.560001373291016,37.65999984741211,33.029998779296875,38.81999969482422,23.489999771118164,13.350000381469727
2020-09-16,17.582046508789062,16.195999145507812,37.084999084472656,14.321999549865723,34.380001068115234,32.83000183105469,37.85499954223633,33.095001220703125,38.685001373291016,23.3799991607666,13.434000015258789
2020-09-17,17.416629791259766,16.163999557495117,36.3650016784668,14.152000427246094,34.2400016784668,32.83000183105469,37.584999084472656,32.81999969482422,38.0,23.15999984741211,13.130000114440918
2020-09-18,17.14161491394043,16.031999588012695,36.03499984741211,14.081999778747559,34.17499923706055,32.685001373291016,37.54999923706055,32.54999923706055,37.505001068115234,22.90999984741211,12.942000389099121
2020-09-21,16.525428771972656,15.407999992370605,35.125,13.605999946594238,33.51499938964844,31.489999771118164,36.064998626708984,32.19499969482422,37.13999938964844,22.690000534057617,12.711999893188477
2020-09-22,16.546106338500977,15.640000343322754,35.86000061035156,13.597999572753906,33.64500045776367,31.815000534057617,36.165000915527344,32.59000015258789,38.06999969482422,22.829999923706055,12.972000122070312
2020-09-23,16.428245544433594,15.449999809265137,36.2599983215332,13.692000389099121,33.98500061035156,32.21500015258789,36.165000915527344,32.70500183105469,38.5099983215332,22.96500015258789,13.001999855041504
2020-09-24,16.244213104248047,14.965999603271484,35.849998474121094,13.465999603271484,33.459999084472656,31.69499969482422,35.69499969482422,32.435001373291016,38.029998779296875,22.7450008392334,12.855999946594238
2020-09-25,16.27109718322754,15.04800033569336,36.08000183105469,13.541999816894531,33.76499938964844,31.94499969482422,35.83000183105469,32.599998474121094,38.45500183105469,23.100000381469727,12.92199993133545
2020-09-28,16.804576873779297,15.321999549865723,36.94499969482422,13.968000411987305,34.28499984741211,32.7599983215332,36.48500061035156,33.154998779296875,39.27000045776367,23.434999465942383,13.145999908447266
2020-09-29,16.57712173461914,14.88599967956543,36.7599983215332,13.6899995803833,34.025001525878906,32.44499969482422,36.22999954223633,32.7400016784668,39.19499969482422,23.204999923706055,13.100000381469727
2020-09-30,16.79216766357422,14.916000366210938,37.005001068115234,13.781999588012695,34.290000915527344,32.435001373291016,36.28499984741211,32.91999816894531,39.54499816894531,23.204999923706055,13.232000350952148
2020-10-01,16.872812271118164,14.456000328063965,37.13999938964844,13.807999610900879,34.18000030517578,32.30500030517578,36.29499816894531,33.0,39.76499938964844,23.56999969482422,13.279999732971191
2020-10-02,17.05270767211914,14.517999649047852,37.029998779296875,13.871999740600586,34.01499938964844,32.334999084472656,36.290000915527344,33.0,39.36000061035156,23.799999237060547,13.223999977111816
2020-10-05,17.29876708984375,14.73799991607666,37.029998779296875,14.079999923706055,34.31999969482422,32.689998626708984,36.650001525878906,33.04499816894531,39.415000915527344,23.90999984741211,13.223999977111816
2020-10-06,17.398019790649414,15.043999671936035,37.05500030517578,14.23799991607666,34.244998931884766,32.82500076293945,36.595001220703125,33.0099983215332,39.474998474121094,24.0,13.210000038146973
2020-10-07,17.226390838623047,14.75,37.35499954223633,14.194000244140625,34.345001220703125,32.90999984741211,36.849998474121094,33.03499984741211,39.665000915527344,24.239999771118164,13.12399959564209
2020-10-08,17.38768196105957,15.170000076293945,37.61000061035156,14.331999778747559,34.69499969482422,33.05500030517578,37.1349983215332,33.27000045776367,39.970001220703125,24.489999771118164,13.302000045776367
2020-10-09,17.38561248779297,15.251999855041504,37.775001525878906,14.331999778747559,34.82500076293945,33.165000915527344,37.21500015258789,33.380001068115234,40.255001068115234,24.469999313354492,13.343999862670898
2020-10-12,17.45384407043457,15.178000450134277,38.55500030517578,14.47599983215332,35.13999938964844,33.3650016784668,37.46500015258789,33.755001068115234,41.244998931884766,24.7549991607666,13.592000007629395
2020-10-13,17.178834915161133,15.064000129699707,38.814998626708984,14.336000442504883,35.06999969482422,33.244998931884766,37.224998474121094,33.71500015258789,41.79499816894531,24.575000762939453,13.772000312805176
2020-10-14,17.100261688232422,15.28600025177002,38.56999969482422,14.27400016784668,34.94499969482422,33.42499923706055,37.439998626708984,33.689998626708984,41.35499954223633,24.7450008392334,13.706000328063965
2020-10-15,17.083723068237305,14.935999870300293,38.08000183105469,14.13599967956543,34.47999954223633,33.09000015258789,36.974998474121094,33.439998626708984,40.89500045776367,24.524999618530273,13.51200008392334
2020-10-16,16.969995498657227,15.116000175476074,38.48500061035156,14.314000129699707,34.875,33.54999923706055,37.33000183105469,33.689998626708984,41.20500183105469,24.81999969482422,13.567999839782715
2020-10-19,16.881080627441406,14.87600040435791,37.98500061035156,14.199999809265137,34.51499938964844,33.334999084472656,37.07500076293945,33.314998626708984,40.814998626708984,24.610000610351562,13.406000137329102
2020-10-20,16.874874114990234,14.697999954223633,37.66999816894531,14.116000175476074,34.154998779296875,33.189998626708984,36.79999923706055,33.17499923706055,40.1150016784668,24.549999237060547,13.23799991607666
2020-10-21,16.781835556030273,14.486000061035156,37.35499954223633,14.067999839782715,33.744998931884766,32.7599983215332,36.64500045776367,32.875,39.88999938964844,24.389999389648438,13.432000160217285
2020-10-22,16.89405632019043,14.621999740600586,37.36000061035156,14.17199993133545,34.03499984741211,32.775001525878906,36.4900016784668,32.904998779296875,39.650001525878906,24.510000228881836,13.5
2020-10-23,16.987783432006836,14.869999885559082,37.36000061035156,14.300000190734863,34.20500183105469,32.95500183105469,36.7400016784668,32.939998626708984,39.525001525878906,24.655000686645508,13.581999778747559
2020-10-26,16.66910171508789,14.359999656677246,37.154998779296875,14.015999794006348,33.85499954223633,32.310001373291016,36.15999984741211,32.54999923706055,38.83000183105469,24.489999771118164,13.456000328063965
2020-10-27,16.60870361328125,14.204000473022461,37.185001373291016,13.868000030517578,33.900001525878906,32.025001525878906,35.935001373291016,32.67499923706055,39.0,24.670000076293945,13.4399995803833
2020-10-28,16.117145538330078,13.904000282287598,36.5,13.574000358581543,33.130001068115234,31.34000015258789,34.880001068115234,31.94499969482422,37.959999084472656,24.114999771118164,13.1899995803833
2020-10-29,16.150474548339844,13.878000259399414,36.790000915527344,13.631999969482422,32.93000030517578,31.475000381469727,35.2599983215332,31.8700008392334,38.525001525878906,23.94499969482422,13.456000328063965
2020-10-30,16.117145538330078,14.026000022888184,36.150001525878906,13.640000343322754,32.85499954223633,31.540000915527344,35.48500061035156,31.905000686645508,37.69499969482422,24.079999923706055,13.456000328063965
2020-11-02,16.421247482299805,14.605999946594238,36.2599983215332,14.0,33.33000183105469,32.31999969482422,36.150001525878906,32.3849983215332,37.76499938964844,24.405000686645508,13.543999671936035
2020-11-03,16.8232364654541,14.758000373840332,36.93000030517578,14.319999694824219,33.84000015258789,33.0,36.82500076293945,32.834999084472656,38.33000183105469,24.809999465942383,13.588000297546387
2020-11-04,17.01902961730957,14.869999885559082,37.880001068115234,14.324000358581543,35.45000076293945,33.310001373291016,36.779998779296875,33.16999816894531,39.56999969482422,24.899999618530273,14.04800033569336
2020-11-05,17.139833450317383,14.618000030517578,38.45000076293945,14.39799976348877,35.32500076293945,33.59000015258789,37.369998931884766,32.970001220703125,40.474998474121094,24.834999084472656,14.184000015258789
2020-11-06,17.077346801757812,14.418000221252441,38.04999923706055,14.307999610900879,35.07500076293945,33.3849983215332,37.45000076293945,32.915000915527344,40.380001068115234,24.645000457763672,14.050000190734863
2020-11-09,17.897991180419922,16.02199935913086,39.119998931884766,15.305999755859375,35.630001068115234,34.9900016784668,38.334999084472656,33.709999084472656,41.650001525878906,25.475000381469727,14.413999557495117
2020-11-10,18.15626335144043,16.579999923706055,38.119998931884766,15.501999855041504,35.27000045776367,35.27000045776367,38.404998779296875,33.709999084472656,39.79499816894531,25.344999313354492,14.038000106811523
2020-11-11,18.241661071777344,16.860000610351562,38.7599983215332,15.670000076293945,35.689998626708984,35.349998474121094,38.43000030517578,34.23500061035156,40.56999969482422,25.809999465942383,14.211999893188477
2020-11-12,18.095861434936523,16.54199981689453,38.404998779296875,15.35200023651123,35.52000045776367,34.994998931884766,38.025001525878906,34.0099983215332,40.564998626708984,25.489999771118164,14.21399974822998
2020-11-13,18.15418243408203,16.483999252319336,38.28499984741211,15.444000244140625,35.625,35.05500030517578,38.01499938964844,33.9900016784668,40.275001525878906,25.44499969482422,14.196000099182129
2020-11-16,18.499937057495117,17.336000442504883,38.810001373291016,15.845999717712402,35.7400016784668,35.80500030517578,38.60499954223633,34.35499954223633,40.81999969482422,25.53499984741211,14.368000030517578
2020-11-17,18.587417602539062,17.525999069213867,38.875,15.843999862670898,35.29999923706055,35.7599983215332,38.38999938964844,34.290000915527344,40.595001220703125,25.43000030517578,14.289999961853027
2020-11-18,18.68947982788086,17.70800018310547,39.13999938964844,16.025999069213867,35.15999984741211,35.94499969482422,38.595001220703125,34.23500061035156,40.564998626708984,25.264999389648438,14.276000022888184
2020-11-19,18.277070999145508,17.191999435424805,39.16999816894531,15.770000457763672,34.77000045776367,35.6150016784668,38.15999984741211,33.77000045776367,40.5099983215332,24.81999969482422,14.244000434875488
2020-11-20,18.341638565063477,17.40999984741211,39.209999084472656,15.8100004196167,34.8650016784668,35.68000030517578,38.314998626708984,33.79499816894531,40.755001068115234,25.0,14.272000312805176
2020-11-23,18.47494125366211,18.142000198364258,39.415000915527344,15.986000061035156,34.685001373291016,35.97999954223633,38.59000015258789,33.619998931884766,40.224998474121094,24.934999465942383,14.178000450134277
2020-11-24,18.662399291992188,19.18199920654297,39.994998931884766,16.43000030517578,34.77000045776367,36.415000915527344,39.25,33.6349983215332,40.619998931884766,25.014999389648438,14.357999801635742
2020-11-25,18.47494125366211,18.989999771118164,40.099998474121094,16.326000213623047,34.43000030517578,36.06999969482422,39.084999084472656,33.724998474121094,40.77000045776367,24.954999923706055,14.345999717712402
2020-11-26,18.533266067504883,18.761999130249023,40.224998474121094,16.27199935913086,34.6349983215332,35.95500183105469,39.060001373291016,33.72999954223633,41.01499938964844,25.045000076293945,14.465999603271484
2020-11-27,18.487442016601562,18.68400001525879,40.25,16.23200035095215,34.744998931884766,35.939998626708984,39.099998474121094,33.63999938964844,41.11000061035156,24.875,14.51200008392334
2020-11-30,18.270822525024414,18.06399917602539,39.67499923706055,15.98799991607666,34.775001525878906,35.619998931884766,38.83000183105469,33.35499954223633,40.814998626708984,24.649999618530273,14.336000442504883
2020-12-01,18.524930953979492,17.97800064086914,39.8650016784668,16.1560001373291,34.95500183105469,35.744998931884766,39.22999954223633,33.39500045776367,41.3849983215332,24.635000228881836,14.513999938964844
2020-12-02,18.433286666870117,18.34600067138672,39.630001068115234,16.18000030517578,34.85499954223633,35.30500030517578,39.13999938964844,33.14500045776367,41.04499816894531,24.350000381469727,14.526000022888184
2020-12-03,18.61241340637207,18.402000427246094,39.73500061035156,16.15999984741211,34.68000030517578,35.415000915527344,39.224998474121094,33.01499938964844,41.099998474121094,24.375,14.508000373840332
2020-12-04,18.73737907409668,19.040000915527344,39.75,16.31399917602539,34.8849983215332,35.57500076293945,39.53499984741211,33.15999984741211,41.32500076293945,24.165000915527344,14.510000228881836
2020-12-07,18.712385177612305,18.95199966430664,39.78499984741211,16.18199920654297,34.875,35.470001220703125,39.654998779296875,33.130001068115234,41.59000015258789,24.15999984741211,14.588000297546387
2020-12-08,18.645736694335938,19.06399917602539,39.7400016784668,16.18400001525879,35.03499984741211,35.625,39.71500015258789,33.404998779296875,41.665000915527344,24.18000030517578,14.588000297546387
2020-12-09,18.472856521606445,18.986000061035156,40.14500045776367,16.23200035095215,35.119998931884766,35.744998931884766,39.845001220703125,33.45500183105469,41.83000183105469,24.174999237060547,14.699999809265137
2020-12-10,18.506187438964844,19.555999755859375,39.790000915527344,16.148000717163086,35.09000015258789,35.45000076293945,39.6349983215332,33.40999984741211,41.20500183105469,24.135000228881836,14.505999565124512
2020-12-11,18.441619873046875,19.142000198364258,39.474998474121094,15.996000289916992,34.83000183105469,35.400001525878906,39.41999816894531,33.314998626708984,40.71500015258789,23.9950008392334,14.567999839782715
2020-12-14,18.516599655151367,18.832000732421875,40.07500076293945,16.027999877929688,34.94499969482422,35.470001220703125,39.3650016784668,33.375,41.275001525878906,24.1299991607666,14.661999702453613
2020-12-15,18.60408592224121,18.790000915527344,40.029998779296875,16.083999633789062,34.619998931884766,35.44499969482422,39.48500061035156,33.23500061035156,41.36000061035156,24.104999542236328,14.498000144958496
2020-12-16,18.83319091796875,18.983999252319336,40.279998779296875,16.15999984741211,34.814998626708984,35.42499923706055,39.66999816894531,33.31999969482422,41.849998474121094,24.2450008392334,14.621999740600586
2020-12-17,18.89360237121582,18.738000869750977,40.52000045776367,16.106000900268555,34.77000045776367,35.3650016784668,39.935001373291016,33.30500030517578,42.14500045776367,24.190000534057617,14.574000358581543
2020-12-18,18.691560745239258,18.600000381469727,40.44499969482422,15.998000144958496,34.75,35.314998626708984,39.89500045776367,33.25,41.994998931884766,24.125,14.508000373840332
2020-12-21,18.2541561126709,17.97599983215332,40.05500030517578,15.87399959564209,34.29499816894531,34.904998779296875,39.47999954223633,32.79499816894531,41.595001220703125,23.510000228881836,14.347999572753906
2020-12-22,18.406206130981445,18.00200080871582,40.22999954223633,15.973999977111816,34.71500015258789,35.189998626708984,39.665000915527344,33.099998474121094,42.65999984741211,23.854999542236328,14.383999824523926
2020-12-23,18.60616683959961,18.351999282836914,40.400001525878906,16.191999435424805,34.70000076293945,35.474998474121094,39.9900016784668,33.06999969482422,42.46500015258789,24.065000534057617,14.399999618530273
2020-12-24,18.57908821105957,18.351999282836914,40.400001525878906,16.191999435424805,34.70000076293945,35.474998474121094,39.9900016784668,33.06999969482422,42.46500015258789,24.065000534057617,14.399999618530273
2020-12-28,18.57908821105957,18.18400001525879,40.72999954223633,16.31800079345703,34.7599983215332,35.650001525878906,40.125,33.41999816894531,42.90999984741211,24.25,14.520000457763672
2020-12-29,18.787370681762695,18.035999298095703,40.849998474121094,16.238000869750977,34.915000915527344,35.65999984741211,40.150001525878906,33.66999816894531,42.77000045776367,24.2549991607666,14.579999923706055
2020-12-30,18.845693588256836,18.06399917602539,40.86000061035156,16.266000747680664,34.80500030517578,35.5,40.099998474121094,33.505001068115234,42.564998626708984,24.235000610351562,14.51200008392334
2020-12-31,18.814449310302734,18.06399917602539,40.86000061035156,16.266000747680664,34.80500030517578,35.5,40.099998474121094,33.505001068115234,42.564998626708984,24.235000610351562,14.51200008392334
2021-01-04,18.560340881347656,17.926000595092773,40.57500076293945,16.17799949645996,34.875,35.28499984741211,40.6150016784668,33.345001220703125,42.03499984741211,24.34000015258789,14.36400032043457
2021-01-05,18.566587448120117,18.81800079345703,40.53499984741211,16.20400047302246,34.86000061035156,35.21500015258789,40.70500183105469,33.21500015258789,42.005001068115234,24.059999465942383,14.404000282287598
2021-01-06,18.662399291992188,19.43199920654297,41.064998626708984,16.850000381469727,35.334999084472656,36.064998626708984,42.04499816894531,33.21500015258789,42.084999084472656,24.059999465942383,14.456000328063965
2021-01-07,18.477025985717773,19.65999984741211,41.439998626708984,17.083999633789062,35.66999816894531,36.310001373291016,42.70000076293945,33.29999923706055,42.40999984741211,24.770000457763672,14.522000312805176
2021-01-08,18.568674087524414,19.756000518798828,42.064998626708984,17.04800033569336,36.03499984741211,36.474998474121094,42.494998931884766,33.2599983215332,42.86000061035156,24.84000015258789,14.539999961853027
2021-01-11,18.39370346069336,19.74799919128418,42.05500030517578,17.1299991607666,36.459999084472656,36.58000183105469,42.470001220703125,33.35499954223633,43.064998626708984,24.790000915527344,14.605999946594238
2021-01-12,18.395793914794922,20.30500030517578,42.154998779296875,17.36400032043457,36.185001373291016,36.67499923706055,42.54999923706055,33.099998474121094,42.8650016784668,24.594999313354492,14.425999641418457
2021-01-13,18.522846221923828,20.31999969482422,42.19499969482422,17.277999877929688,36.20000076293945,36.66999816894531,42.59000015258789,33.154998779296875,43.125,24.844999313354492,14.494000434875488
2021-01-14,18.74779510498047,20.825000762939453,42.43000030517578,17.447999954223633,36.415000915527344,36.869998931884766,42.67499923706055,33.154998779296875,43.27000045776367,24.860000610351562,14.503999710083008
2021-01-15,18.658233642578125,20.434999465942383,41.88999938964844,17.23200035095215,36.45500183105469,36.3650016784668,41.92499923706055,33.1349983215332,42.875,24.950000762939453,14.411999702453613
2021-01-18,18.812368392944336,20.225000381469727,41.96500015258789,17.29400062561035,36.599998474121094,36.48500061035156,41.97999954223633,33.20000076293945,42.755001068115234,25.010000228881836,14.449999809265137
2021-01-19,18.76237678527832,20.454999923706055,41.84000015258789,17.29800033569336,36.689998626708984,36.47999954223633,41.880001068115234,32.959999084472656,42.775001525878906,24.954999923706055,14.434000015258789
2021-01-20,18.931087493896484,20.579999923706055,42.60499954223633,17.275999069213867,36.84000015258789,36.58000183105469,42.290000915527344,32.939998626708984,43.91999816894531,24.96500015258789,15.0
2021-01-21,18.8305721282959,20.139999389648438,43.09000015258789,17.163999557495117,36.70500183105469,36.51499938964844,42.21500015258789,32.90999984741211,44.125,24.860000610351562,15.067999839782715
2021-01-22,18.807491302490234,19.742000579833984,42.58000183105469,16.898000717163086,36.599998474121094,36.220001220703125,41.630001068115234,32.775001525878906,44.0,24.69499969482422,15.015999794006348
2021-01-25,18.811683654785156,19.43600082397461,42.404998779296875,16.72599983215332,36.779998779296875,35.904998779296875,41.23500061035156,33.04999923706055,44.02000045776367,24.959999084472656,14.958000183105469
2021-01-26,18.989986419677734,19.511999130249023,42.724998474121094,16.829999923706055,36.904998779296875,36.03499984741211,41.599998474121094,33.19499969482422,44.334999084472656,24.920000076293945,15.112000465393066
2021-01-27,18.889305114746094,19.426000595092773,42.19499969482422,16.516000747680664,36.349998474121094,35.400001525878906,40.58000183105469,33.334999084472656,44.05500030517578,24.684999465942383,14.895999908447266
2021-01-28,18.985795974731445,19.172000885009766,41.959999084472656,16.6200008392334,36.400001525878906,35.67499923706055,40.625,33.20000076293945,43.95500183105469,24.81999969482422,14.925999641418457
2021-01-29,18.878816604614258,18.86400032043457,41.275001525878906,16.29199981689453,35.834999084472656,34.97999954223633,40.05500030517578,32.525001525878906,42.970001220703125,24.479999542236328,14.550000190734863
2021-02-01,18.799100875854492,18.68600082397461,41.88999938964844,16.441999435424805,36.125,35.33000183105469,40.38999938964844,32.64500045776367,43.709999084472656,24.700000762939453,14.789999961853027
2021-02-02,19.017261505126953,19.20599937438965,43.185001373291016,16.923999786376953,36.53499984741211,36.189998626708984,40.994998931884766,33.08000183105469,44.650001525878906,25.0,15.185999870300293
2021-02-03,18.922866821289062,19.450000762939453,43.25,16.944000244140625,36.1150016784668,36.25,41.01499938964844,32.97999954223633,44.68000030517578,24.940000534057617,15.447999954223633
2021-02-04,19.1032657623291,19.5939998626709,43.529998779296875,17.302000045776367,36.505001068115234,36.595001220703125,41.1349983215332,33.11000061035156,45.095001220703125,25.03499984741211,15.51200008392334
2021-02-05,19.206052780151367,19.760000228881836,43.834999084472656,17.389999389648438,36.41999816894531,36.71500015258789,41.31999969482422,33.154998779296875,45.17499923706055,25.094999313354492,15.630000114440918
2021-02-08,19.220733642578125,20.204999923706055,43.94499969482422,17.47599983215332,36.505001068115234,36.90999984741211,41.91999816894531,33.165000915527344,45.57500076293945,24.94499969482422,15.722000122070312
2021-02-09,19.250097274780273,20.049999237060547,43.76499938964844,17.45199966430664,36.3849983215332,36.79499816894531,41.58000183105469,33.11000061035156,45.6150016784668,24.575000762939453,15.729999542236328
2021-02-10,19.47664451599121,20.209999084472656,43.255001068115234,17.47800064086914,36.349998474121094,36.689998626708984,41.60499954223633,33.03499984741211,45.25,24.6200008392334,15.680000305175781
2021-02-11,19.5039119720459,20.049999237060547,43.4900016784668,17.486000061035156,36.404998779296875,36.779998779296875,41.7599983215332,33.01499938964844,45.85499954223633,24.625,15.777999877929688
2021-02-12,19.482934951782227,20.21500015258789,43.404998779296875,17.576000213623047,36.65999984741211,37.0,41.86000061035156,33.0,46.09000015258789,24.53499984741211,15.829999923706055
2021-02-15,19.684310913085938,20.850000381469727,43.845001220703125,17.832000732421875,36.849998474121094,37.29999923706055,42.51499938964844,33.279998779296875,46.439998626708984,24.575000762939453,15.961999893188477
2021-02-16,19.552160263061523,21.030000686645508,43.55500030517578,17.917999267578125,36.5,37.185001373291016,42.560001373291016,33.084999084472656,46.14500045776367,24.299999237060547,16.01799964904785
2021-02-17,19.459861755371094,21.114999771118164,43.45500183105469,17.974000930786133,36.564998626708984,37.04499816894531,42.310001373291016,33.209999084472656,45.5,24.30500030517578,15.982000350952148
2021-02-18,19.32351303100586,20.975000381469727,43.494998931884766,17.79599952697754,36.34000015258789,36.709999084472656,41.974998474121094,33.03499984741211,45.20500183105469,24.325000762939453,15.887999534606934
2021-02-19,19.5039119720459,21.020000457763672,43.68000030517578,17.988000869750977,36.01499938964844,37.150001525878906,42.45000076293945,32.845001220703125,45.65999984741211,24.145000457763672,15.881999969482422
2021-02-22,19.58991813659668,21.635000228881836,42.849998474121094,18.091999053955078,35.470001220703125,37.084999084472656,42.69499969482422,32.505001068115234,44.540000915527344,23.600000381469727,15.758000373840332
2021-02-23,19.847929000854492,21.690000534057617,41.95500183105469,18.15999984741211,35.279998779296875,36.834999084472656,42.46500015258789,32.54999923706055,43.595001220703125,23.690000534057617,15.631999969482422
2021-02-24,20.05978775024414,22.549999237060547,42.31999969482422,18.40999984741211,35.53499984741211,37.3650016784668,42.845001220703125,32.4900016784668,44.04499816894531,23.594999313354492,15.763999938964844
2021-02-25,20.057687759399414,22.469999313354492,41.79499816894531,18.32200050354004,35.150001525878906,37.084999084472656,42.540000915527344,32.19499969482422,43.64500045776367,23.3799991607666,15.616000175476074
2021-02-26,19.541667938232422,21.7549991607666,41.474998474121094,18.025999069213867,34.959999084472656,36.650001525878906,41.56999969482422,31.709999084472656,43.474998474121094,23.295000076293945,15.569999694824219
2021-03-01,19.728361129760742,22.440000534057617,42.404998779296875,18.420000076293945,35.525001525878906,37.53499984741211,42.53499984741211,32.224998474121094,44.584999084472656,23.559999465942383,15.815999984741211
2021-03-02,19.451473236083984,22.219999313354492,42.2400016784668,18.398000717163086,35.404998779296875,37.45000076293945,42.71500015258789,32.095001220703125,44.35499954223633,23.350000381469727,15.831999778747559
2021-03-03,19.5039119720459,22.600000381469727,42.02000045776367,18.66200065612793,34.959999084472656,37.599998474121094,42.76499938964844,32.02000045776367,43.724998474121094,22.924999237060547,15.734000205993652
2021-03-04,19.56264877319336,23.229999542236328,41.20000076293945,18.56800079345703,34.82500076293945,37.28499984741211,42.35499954223633,32.345001220703125,42.73500061035156,23.344999313354492,15.663999557495117
2021-03-05,19.07179832458496,23.53499984741211,39.95000076293945,18.51799964904785,34.529998779296875,36.880001068115234,41.96500015258789,32.560001373291016,41.685001373291016,23.309999465942383,15.539999961853027
2021-03-08,19.579429626464844,23.940000534057617,41.92499923706055,19.18600082397461,35.650001525878906,38.41999816894531,43.67499923706055,33.095001220703125,43.13999938964844,23.950000762939453,16.031999588012695
2021-03-09,19.692697525024414,23.920000076293945,42.41999816894531,19.1200008392334,35.79999923706055,38.51499938964844,43.400001525878906,33.1349983215332,43.45000076293945,24.25,15.979999542236328
2021-03-10,19.659143447875977,23.954999923706055,42.810001373291016,19.18400001525879,35.80500030517578,38.525001525878906,43.5,33.255001068115234,43.61000061035156,24.385000228881836,15.98799991607666
2021-03-11,19.944419860839844,24.264999389648438,43.150001525878906,19.18400001525879,35.64500045776367,38.72999954223633,43.88999938964844,33.27000045776367,44.09000015258789,24.469999313354492,16.1560001373291
2021-03-12,19.91504669189453,24.329999923706055,42.89500045776367,19.27199935913086,35.54499816894531,38.79999923706055,43.90999984741211,33.2599983215332,43.525001525878906,24.469999313354492,16.04599952697754
2021-03-15,20.212921142578125,23.94499969482422,43.369998931884766,19.18400001525879,35.869998931884766,38.994998931884766,43.70000076293945,33.494998931884766,43.95000076293945,24.739999771118164,16.079999923706055
2021-03-16,20.238088607788086,23.655000686645508,43.69499969482422,19.23200035095215,36.185001373291016,39.119998931884766,43.744998931884766,33.814998626708984,44.84000015258789,24.969999313354492,16.42799949645996
2021-03-17,20.16676902770996,23.5,43.58000183105469,19.20800018310547,36.04499816894531,39.165000915527344,43.529998779296875,33.790000915527344,44.224998474121094,24.665000915527344,16.25200080871582
2021-03-18,20.210819244384766,23.364999771118164,43.77000045776367,19.56399917602539,36.13999938964844,39.51499938964844,44.119998931884766,33.599998474121094,44.060001373291016,24.3799991607666,16.260000228881836
2021-03-19,20.145797729492188,23.024999618530273,43.28499984741211,19.242000579833984,36.084999084472656,39.130001068115234,43.58000183105469,33.70500183105469,43.60499954223633,24.655000686645508,16.20800018310547
2021-03-22,19.959104537963867,22.7450008392334,43.630001068115234,18.983999252319336,36.310001373291016,38.810001373291016,43.33000183105469,33.880001068115234,44.224998474121094,24.639999389648438,16.326000213623047
2021-03-23,20.01783561706543,22.665000915527344,43.66999816894531,19.027999877929688,36.349998474121094,38.75,43.23500061035156,34.22999954223633,44.3650016784668,25.024999618530273,16.384000778198242
2021-03-24,20.070276260375977,23.059999465942383,43.470001220703125,19.110000610351562,36.209999084472656,38.994998931884766,43.439998626708984,34.209999084472656,44.18000030517578,25.1200008392334,16.233999252319336
2021-03-25,19.8793888092041,22.760000228881836,43.165000915527344,19.13800048828125,36.11000061035156,38.974998474121094,43.29499816894531,34.2599983215332,43.72999954223633,25.325000762939453,16.030000686645508
2021-03-26,20.145797729492188,23.229999542236328,43.279998779296875,19.33799934387207,36.5,39.48500061035156,44.084999084472656,34.529998779296875,44.20000076293945,25.28499984741211,16.034000396728516
2021-03-29,20.040910720825195,23.19499969482422,43.345001220703125,19.25,36.89500045776367,39.775001525878906,44.27000045776367,35.095001220703125,44.44499969482422,25.645000457763672,16.027999877929688
2021-03-30,20.177261352539062,23.25,43.845001220703125,19.534000396728516,36.8650016784668,40.040000915527344,44.46500015258789,35.084999084472656,44.404998779296875,25.3799991607666,16.191999435424805
2021-03-31,20.076570510864258,22.975000381469727,44.2400016784668,19.360000610351562,36.91999816894531,39.91999816894531,44.290000915527344,34.94499969482422,45.09000015258789,25.565000534057617,16.290000915527344
2021-04-01,20.1646728515625,22.920000076293945,44.40999984741211,19.40399932861328,36.92499923706055,40.095001220703125,44.310001373291016,34.69499969482422,45.779998779296875,25.56999969482422,16.42799949645996
2021-04-06,20.43526840209961,22.899999618530273,45.130001068115234,19.464000701904297,36.80500030517578,40.34000015258789,44.97999954223633,35.0,46.474998474121094,25.704999923706055,16.770000457763672
2021-04-07,20.50239372253418,22.809999465942383,44.970001220703125,19.408000946044922,36.439998626708984,39.92499923706055,44.67499923706055,34.900001525878906,46.2599983215332,25.639999389648438,16.75
2021-04-08,20.569517135620117,22.46500015258789,45.02000045776367,19.43400001525879,36.584999084472656,40.05500030517578,44.650001525878906,35.029998779296875,46.834999084472656,25.7450008392334,16.81399917602539
2021-04-09,20.521270751953125,22.40999984741211,45.119998931884766,19.530000686645508,36.685001373291016,40.28499984741211,44.8650016784668,34.9900016784668,47.05500030517578,25.774999618530273,16.79400062561035
2021-04-12,20.470922470092773,22.3700008392334,45.3650016784668,19.59600067138672,36.79999923706055,40.314998626708984,44.685001373291016,35.005001068115234,47.060001373291016,25.770000457763672,16.719999313354492
2021-04-13,20.62824821472168,22.28499984741211,45.72999954223633,19.54199981689453,36.80500030517578,40.244998931884766,44.66999816894531,34.92499923706055,47.275001525878906,25.799999237060547,16.760000228881836
2021-04-14,20.779281616210938,22.860000610351562,45.67499923706055,19.610000610351562,36.849998474121094,40.2599983215332,45.04499816894531,34.78499984741211,47.119998931884766,25.764999389648438,16.648000717163086
2021-04-15,20.810745239257812,22.579999923706055,45.70500183105469,19.43199920654297,37.470001220703125,40.290000915527344,45.525001525878906,35.07500076293945,47.56999969482422,25.905000686645508,16.77199935913086
2021-04-16,20.97016716003418,22.524999618530273,45.974998474121094,19.606000900268555,37.435001373291016,40.51499938964844,45.96500015258789,35.150001525878906,47.494998931884766,26.09000015258789,16.733999252319336
2021-04-19,20.97016716003418,22.34000015258789,45.61000061035156,19.554000854492188,37.44499969482422,40.20500183105469,45.75,35.20500183105469,47.064998626708984,26.014999389648438,16.666000366210938
2021-04-20,21.02680206298828,21.649999618530273,44.650001525878906,19.128000259399414,37.404998779296875,39.494998931884766,45.119998931884766,34.974998474121094,46.36000061035156,26.045000076293945,16.40399932861328
2021-04-21,21.09812355041504,21.934999465942383,45.09000015258789,19.170000076293945,37.84000015258789,39.845001220703125,45.560001373291016,35.189998626708984,46.810001373291016,25.895000457763672,16.43400001525879
2021-04-22,21.215618133544922,21.975000381469727,45.439998626708984,19.308000564575195,38.04999923706055,40.30500030517578,45.63999938964844,35.33000183105469,47.20500183105469,26.104999542236328,16.56800079345703
2021-04-23,21.14809226989746,21.81999969482422,45.2599983215332,19.350000381469727,37.85499954223633,40.18000030517578,45.709999084472656,35.07500076293945,47.06999969482422,25.934999465942383,16.496000289916992
2021-04-26,21.278921127319336,22.020000457763672,45.224998474121094,19.577999114990234,37.75,40.2599983215332,46.15999984741211,34.724998474121094,47.334999084472656,25.719999313354492,16.57200050354004
2021-04-27,21.26204490661621,22.030000686645508,45.404998779296875,19.552000045776367,37.529998779296875,40.255001068115234,45.915000915527344,34.57500076293945,47.20500183105469,25.625,16.54199981689453
2021-04-28,21.3084659576416,22.6200008392334,45.42499923706055,19.694000244140625,37.400001525878906,40.17499923706055,45.85499954223633,34.59000015258789,46.869998931884766,25.485000610351562,16.667999267578125
2021-04-29,21.29580307006836,22.684999465942383,45.150001525878906,19.812000274658203,37.10499954223633,40.04999923706055,45.63999938964844,34.755001068115234,46.505001068115234,25.43000030517578,16.860000610351562
2021-04-30,21.25782012939453,22.559999465942383,45.310001373291016,19.84000015258789,37.334999084472656,40.0,45.470001220703125,34.915000915527344,46.5099983215332,25.670000076293945,16.889999389648438
2021-05-03,21.25782012939453,22.834999084472656,45.209999084472656,19.945999145507812,37.61000061035156,40.275001525878906,45.880001068115234,35.189998626708984,46.08000183105469,25.8799991607666,16.83799934387207
2021-05-04,21.211397171020508,22.975000381469727,44.44499969482422,19.81999969482422,37.415000915527344,40.060001373291016,45.810001373291016,35.119998931884766,44.994998931884766,25.594999313354492,16.555999755859375
2021-05-05,21.04680061340332,23.739999771118164,44.85499954223633,20.170000076293945,37.73500061035156,40.69499969482422,47.095001220703125,35.21500015258789,45.689998626708984,25.530000686645508,16.804000854492188
2021-05-06,21.110109329223633,23.579999923706055,44.46500015258789,20.219999313354492,37.34000015258789,40.63999938964844,47.3650016784668,35.38999938964844,45.0099983215332,25.475000381469727,16.804000854492188
2021-05-07,21.312686920166016,23.71500015258789,44.755001068115234,20.270000457763672,37.619998931884766,40.83000183105469,47.67499923706055,35.415000915527344,45.70000076293945,25.690000534057617,16.827999114990234
2021-05-10,21.58700942993164,24.139999389648438,44.46500015258789,20.530000686645508,37.709999084472656,41.28499984741211,48.42499923706055,35.720001220703125,44.73500061035156,25.690000534057617,16.579999923706055
2021-05-11,21.11855697631836,23.385000228881836,43.415000915527344,20.03499984741211,37.189998626708984,40.165000915527344,47.380001068115234,35.19499969482422,43.93000030517578,25.334999084472656,16.333999633789062
2021-05-12,20.953956604003906,24.040000915527344,43.060001373291016,20.204999923706055,37.2400016784668,40.064998626708984,47.5,35.314998626708984,43.400001525878906,25.31999969482422,16.224000930786133
2021-05-13,20.83578872680664,23.5,42.834999084472656,20.170000076293945,37.345001220703125,39.95500183105469,47.0,35.435001373291016,43.58000183105469,25.40999984741211,16.236000061035156
2021-05-14,21.04680061340332,23.895000457763672,43.380001068115234,20.420000076293945,37.51499938964844,40.41999816894531,47.17499923706055,35.68000030517578,44.19499969482422,25.604999542236328,16.357999801635742
2021-05-17,21.038360595703125,24.075000762939453,43.29499816894531,20.3700008392334,37.42499923706055,40.11000061035156,47.44499969482422,35.54999923706055,43.845001220703125,25.420000076293945,16.29400062561035
2021-05-18,21.26204490661621,24.065000534057617,43.58000183105469,20.3799991607666,37.3650016784668,40.10499954223633,47.44499969482422,35.459999084472656,44.040000915527344,25.354999542236328,16.233999252319336
2021-05-19,20.96872901916504,23.28499984741211,42.54999923706055,19.974000930786133,36.97999954223633,39.29499816894531,46.2599983215332,35.189998626708984,43.275001525878906,25.114999771118164,15.947999954223633
2021-05-20,21.253604888916016,23.239999771118164,43.189998626708984,20.225000381469727,37.6349983215332,39.76499938964844,46.43000030517578,35.56999969482422,44.564998626708984,25.5049991607666,16.275999069213867
2021-05-21,21.25782012939453,23.530000686645508,43.279998779296875,20.364999771118164,37.939998626708984,40.154998779296875,46.619998931884766,35.755001068115234,44.60499954223633,25.5049991607666,16.3700008392334
2021-05-24,21.468835830688477,23.530000686645508,43.619998931884766,20.364999771118164,37.869998931884766,40.20000076293945,46.630001068115234,35.79999923706055,45.125,25.604999542236328,16.54599952697754
2021-05-25,21.49837875366211,23.125,43.5,20.354999542236328,37.599998474121094,40.1349983215332,46.275001525878906,35.68000030517578,45.09000015258789,25.40999984741211,16.52400016784668
2021-05-26,21.6038875579834,23.309999465942383,44.095001220703125,20.315000534057617,37.53499984741211,40.150001525878906,46.22999954223633,35.79499816894531,45.224998474121094,25.389999389648438,16.52400016784668
2021-05-27,21.620769500732422,23.350000381469727,44.23500061035156,20.454999923706055,37.474998474121094,40.61000061035156,46.73500061035156,35.709999084472656,45.334999084472656,25.280000686645508,16.70400047302246
2021-05-28,21.7431583404541,23.325000762939453,44.38999938964844,20.56999969482422,37.79499816894531,40.834999084472656,46.869998931884766,35.70500183105469,45.42499923706055,25.364999771118164,16.743999481201172
2021-05-31,21.7431583404541,23.274999618530273,44.064998626708984,20.454999923706055,37.4900016784668,40.52000045776367,46.7400016784668,35.45500183105469,45.064998626708984,25.200000762939453,16.607999801635742
2021-06-01,21.861326217651367,23.8700008392334,44.2599983215332,20.645000457763672,37.095001220703125,40.869998931884766,47.27000045776367,35.474998474121094,44.95500183105469,25.135000228881836,16.591999053955078
2021-06-02,22.135652542114258,24.40999984741211,44.33000183105469,20.71500015258789,37.1150016784668,41.005001068115234,47.525001525878906,35.59000015258789,45.3650016784668,25.145000457763672,16.652000427246094
2021-06-03,22.089229583740234,24.600000381469727,44.380001068115234,20.84000015258789,37.33000183105469,41.154998779296875,47.290000915527344,35.90999984741211,45.2599983215332,25.28499984741211,16.5939998626709
2021-06-04,22.08500862121582,24.510000228881836,44.310001373291016,20.739999771118164,37.560001373291016,41.02000045776367,47.415000915527344,36.040000915527344,45.724998474121094,25.28499984741211,16.729999542236328
2021-06-07,22.334003448486328,24.6299991607666,44.20500183105469,20.690000534057617,37.755001068115234,40.91999816894531,47.02000045776367,35.95000076293945,45.599998474121094,25.31999969482422,16.72599983215332
2021-06-08,22.49437713623047,24.7549991607666,44.52000045776367,20.639999389648438,37.44499969482422,40.875,46.97999954223633,35.90999984741211,45.77000045776367,25.184999465942383,16.743999481201172
2021-06-09,22.663192749023438,24.78499984741211,44.6150016784668,20.489999771118164,37.98500061035156,40.79499816894531,46.7400016784668,35.94499969482422,45.88999938964844,25.184999465942383,16.804000854492188
2021-06-10,22.671634674072266,24.834999084472656,44.5099983215332,20.454999923706055,38.540000915527344,40.65999984741211,46.79999923706055,36.06999969482422,46.07500076293945,25.399999618530273,16.84600067138672
2021-06-11,22.549238204956055,24.94499969482422,44.974998474121094,20.475000381469727,38.65999984741211,40.77000045776367,47.05500030517578,36.11000061035156,46.73500061035156,25.594999313354492,16.95599937438965
2021-06-14,22.680076599121094,24.975000381469727,44.939998626708984,20.350000381469727,38.540000915527344,40.67499923706055,46.79499816894531,36.025001525878906,46.94499969482422,25.594999313354492,16.986000061035156
2021-06-15,22.553462982177734,25.125,44.790000915527344,20.334999084472656,38.61000061035156,40.78499984741211,46.435001373291016,36.244998931884766,47.040000915527344,25.729999542236328,17.010000228881836
2021-06-16,22.54502296447754,25.280000686645508,44.96500015258789,20.389999389648438,38.880001068115234,40.935001373291016,46.525001525878906,36.20500183105469,47.07500076293945,25.8700008392334,16.98200035095215
2021-06-17,22.198955535888672,24.834999084472656,45.64500045776367,20.424999237060547,39.25,40.83000183105469,45.689998626708984,36.3849983215332,48.2599983215332,25.940000534057617,17.263999938964844
2021-06-18,21.97105598449707,24.405000686645508,45.375,20.0049991607666,39.165000915527344,40.48500061035156,45.130001068115234,36.08000183105469,48.05500030517578,25.655000686645508,17.124000549316406
2021-06-21,22.160972595214844,24.55500030517578,45.6150016784668,20.1200008392334,39.380001068115234,40.80500030517578,45.57500076293945,36.19499969482422,48.10499954223633,25.575000762939453,17.195999145507812
2021-06-22,22.215837478637695,24.8700008392334,46.005001068115234,20.174999237060547,39.459999084472656,41.06999969482422,46.0099983215332,36.380001068115234,48.470001220703125,25.575000762939453,17.256000518798828
2021-06-23,22.198955535888672,25.020000457763672,45.900001525878906,20.1200008392334,39.185001373291016,40.875,45.8650016784668,36.05500030517578,48.415000915527344,25.165000915527344,17.299999237060547
2021-06-24,22.068126678466797,25.125,46.40999984741211,20.295000076293945,39.39500045776367,41.0,45.970001220703125,36.14500045776367,48.92499923706055,25.174999237060547,17.423999786376953
2021-06-25,22.144092559814453,25.19499969482422,46.314998626708984,20.485000610351562,39.46500015258789,41.209999084472656,46.22999954223633,36.21500015258789,48.790000915527344,25.219999313354492,17.389999389648438
2021-06-28,22.025922775268555,24.55500030517578,46.26499938964844,20.295000076293945,39.564998626708984,40.8849983215332,45.86000061035156,36.34000015258789,49.244998931884766,25.5049991607666,17.393999099731445
2021-06-29,22.07656478881836,24.639999389648438,46.54999923706055,20.40999984741211,39.80500030517578,41.125,46.119998931884766,36.415000915527344,49.54999923706055,25.46500015258789,17.472000122070312
2021-06-30,21.89509391784668,24.600000381469727,46.6349983215332,20.385000228881836,39.80500030517578,41.084999084472656,45.974998474121094,36.43000030517578,49.755001068115234,25.2450008392334,17.479999542236328
2021-07-01,21.92041015625,25.094999313354492,46.630001068115234,20.514999389648438,39.994998931884766,41.35499954223633,46.290000915527344,36.5099983215332,49.494998931884766,25.420000076293945,17.562000274658203
2021-07-02,22.00904083251953,25.0,46.915000915527344,20.475000381469727,40.16999816894531,41.54499816894531,46.3650016784668,36.57500076293945,50.09000015258789,25.5049991607666,17.72599983215332
2021-07-05,22.139873504638672,25.155000686645508,47.084999084472656,20.584999084472656,40.23500061035156,41.625,46.595001220703125,36.54499816894531,50.220001220703125,25.5049991607666,17.76799964904785
2021-07-06,22.038583755493164,24.549999237060547,47.10499954223633,20.290000915527344,40.18000030517578,41.275001525878906,45.86000061035156,36.380001068115234,50.630001068115234,25.43000030517578,17.76799964904785
2021-07-07,22.224279403686523,24.295000076293945,47.47999954223633,20.399999618530273,40.470001220703125,41.849998474121094,46.53499984741211,36.86000061035156,50.88999938964844,25.875,17.823999404907227
2021-07-08,22.198955535888672,24.100000381469727,46.630001068115234,20.0,40.15999984741211,41.209999084472656,45.6349983215332,36.415000915527344,50.13999938964844,25.684999465942383,17.54599952697754
2021-07-09,22.350887298583984,24.344999313354492,47.404998779296875,20.30500030517578,40.48500061035156,41.744998931884766,46.65999984741211,36.60499954223633,50.7400016784668,25.625,17.67799949645996
2021-07-12,22.70117950439453,24.364999771118164,47.58000183105469,20.485000610351562,40.65999984741211,41.85499954223633,46.92499923706055,36.625,50.7599983215332,25.829999923706055,17.761999130249023
2021-07-13,22.570343017578125,24.229999542236328,47.845001220703125,20.405000686645508,40.720001220703125,41.88999938964844,46.86000061035156,36.89500045776367,51.52000045776367,25.895000457763672,17.761999130249023
2021-07-14,22.502819061279297,24.05500030517578,47.525001525878906,20.28499984741211,40.599998474121094,41.68000030517578,46.849998474121094,36.8849983215332,51.45000076293945,25.850000381469727,17.874000549316406
2021-07-15,22.490161895751953,23.635000228881836,47.084999084472656,20.424999237060547,40.36000061035156,41.584999084472656,46.904998779296875,36.814998626708984,51.189998626708984,25.84000015258789,17.761999130249023
2021-07-16,22.620988845825195,23.260000228881836,46.709999084472656,20.270000457763672,40.52000045776367,41.45000076293945,46.35499954223633,37.040000915527344,50.779998779296875,26.15999984741211,17.761999130249023
2021-07-19,22.152528762817383,22.065000534057617,45.755001068115234,19.610000610351562,40.2400016784668,40.400001525878906,45.0099983215332,36.654998779296875,49.869998931884766,25.780000686645508,17.399999618530273
2021-07-20,22.36354637145996,22.459999084472656,46.36000061035156,19.979999542236328,40.869998931884766,41.165000915527344,45.57500076293945,36.939998626708984,50.540000915527344,25.780000686645508,17.583999633789062
2021-07-21,22.633651733398438,23.049999237060547,46.85499954223633,20.325000762939453,40.630001068115234,41.59000015258789,46.119998931884766,36.93000030517578,50.97999954223633,25.8799991607666,17.63800048828125
2021-07-22,22.487533569335938,22.850000381469727,47.2599983215332,20.280000686645508,40.994998931884766,41.8650016784668,46.150001525878906,36.814998626708984,51.58000183105469,25.969999313354492,17.743999481201172
2021-07-23,22.564035415649414,22.8799991607666,47.869998931884766,20.395000457763672,41.459999084472656,42.16999816894531,46.55500030517578,37.189998626708984,52.209999084472656,26.1299991607666,18.20800018310547
2021-07-26,22.572528839111328,23.315000534057617,47.849998474121094,20.395000457763672,41.08000183105469,41.93000030517578,46.875,37.029998779296875,51.970001220703125,26.084999084472656,18.242000579833984
2021-07-27,22.6702880859375,23.094999313354492,47.095001220703125,20.315000534057617,40.959999084472656,41.68000030517578,46.89500045776367,37.029998779296875,51.09000015258789,26.200000762939453,18.030000686645508
2021-07-28,22.67878532409668,23.270000457763672,47.470001220703125,20.354999542236328,41.314998626708984,41.755001068115234,47.11000061035156,36.915000915527344,51.599998474121094,26.295000076293945,18.290000915527344
2021-07-29,22.772293090820312,23.53499984741211,47.63999938964844,20.485000610351562,41.25,41.83000183105469,47.625,36.84000015258789,51.599998474121094,26.174999237060547,18.055999755859375
2021-07-30,22.738290786743164,23.135000228881836,46.810001373291016,20.395000457763672,41.3650016784668,41.720001220703125,47.45500183105469,37.03499984741211,51.34000015258789,26.174999237060547,17.93199920654297
2021-08-02,22.819040298461914,23.084999084472656,46.98500061035156,20.44499969482422,41.45000076293945,41.875,47.51499938964844,36.994998931884766,51.779998779296875,26.18000030517578,17.88599967956543
2021-08-03,22.6702880859375,23.459999084472656,46.834999084472656,20.450000762939453,41.56999969482422,41.915000915527344,47.64500045776367,37.064998626708984,51.41999816894531,26.34000015258789,17.695999145507812
2021-08-04,22.6702880859375,23.235000610351562,47.084999084472656,20.575000762939453,41.875,41.94499969482422,47.720001220703125,36.849998474121094,51.849998474121094,26.190000534057617,17.695999145507812
2021-08-05,22.780790328979492,23.434999465942383,47.290000915527344,20.725000381469727,41.630001068115234,42.14500045776367,47.54999923706055,36.92499923706055,52.31999969482422,26.354999542236328,18.003999710083008
2021-08-06,22.844539642333984,23.594999313354492,47.349998474121094,21.125,41.77000045776367,42.36000061035156,47.65999984741211,37.084999084472656,52.470001220703125,26.649999618530273,18.124000549316406
2021-08-09,22.683034896850586,23.364999771118164,47.31999969482422,21.235000610351562,42.08000183105469,42.21500015258789,47.61000061035156,37.19499969482422,52.47999954223633,26.610000610351562,18.115999221801758
2021-08-10,22.615032196044922,23.600000381469727,47.56999969482422,21.43000030517578,42.05500030517578,42.560001373291016,48.25,37.42499923706055,52.25,26.780000686645508,18.1560001373291
2021-08-11,22.64904022216797,23.649999618530273,47.60499954223633,21.604999542236328,41.85499954223633,42.845001220703125,48.54499816894531,37.58000183105469,52.0,26.780000686645508,18.1560001373291
2021-08-12,22.65328598022461,23.690000534057617,47.584999084472656,21.59000015258789,41.9900016784668,42.94499969482422,48.474998474121094,37.47999954223633,52.29999923706055,26.864999771118164,18.152000427246094
2021-08-13,22.734039306640625,23.59000015258789,47.43000030517578,21.469999313354492,42.08000183105469,42.845001220703125,48.654998779296875,37.58000183105469,52.25,26.959999084472656,18.152000427246094
2021-08-16,22.844539642333984,23.114999771118164,46.935001373291016,21.364999771118164,42.31999969482422,42.720001220703125,48.15999984741211,37.689998626708984,51.970001220703125,27.145000457763672,18.013999938964844
2021-08-17,22.644786834716797,23.15999984741211,46.525001525878906,21.3700008392334,42.92499923706055,42.6150016784668,47.80500030517578,38.0099983215332,52.33000183105469,27.15999984741211,18.013999938964844
2021-08-18,22.657533645629883,23.135000228881836,46.630001068115234,21.399999618530273,43.185001373291016,42.65999984741211,47.47999954223633,37.790000915527344,52.310001373291016,27.260000228881836,18.013999938964844
2021-08-19,22.457775115966797,21.94499969482422,45.8650016784668,20.934999465942383,43.005001068115234,41.94499969482422,46.3650016784668,37.66999816894531,52.09000015258789,27.40999984741211,18.082000732421875
2021-08-20,22.589534759521484,22.190000534057617,45.915000915527344,21.065000534057617,43.20500183105469,42.01499938964844,46.525001525878906,37.834999084472656,52.720001220703125,27.614999771118164,18.18600082397461
2021-08-23,22.593780517578125,22.770000457763672,46.474998474121094,21.239999771118164,43.26499938964844,42.415000915527344,46.994998931884766,37.814998626708984,53.290000915527344,27.434999465942383,18.40999984741211
2021-08-24,22.525781631469727,22.979999542236328,46.82500076293945,21.260000228881836,43.005001068115234,42.52000045776367,47.35499954223633,37.4900016784668,53.45000076293945,27.225000381469727,18.468000411987305
2021-08-25,22.53853416442871,23.100000381469727,46.96500015258789,21.485000610351562,42.814998626708984,42.57500076293945,47.435001373291016,37.32500076293945,53.470001220703125,27.1299991607666,18.45599937438965
2021-08-26,22.54703140258789,22.9950008392334,46.724998474121094,21.395000457763672,42.64500045776367,42.494998931884766,47.185001373291016,37.22999954223633,53.22999954223633,27.024999618530273,18.38800048828125
2021-08-27,22.827539443969727,23.40999984741211,46.709999084472656,21.44499969482422,42.650001525878906,42.66999816894531,47.540000915527344,37.255001068115234,53.349998474121094,26.9950008392334,18.468000411987305
2021-08-30,22.827539443969727,23.31999969482422,47.11000061035156,21.354999542236328,42.7599983215332,42.720001220703125,47.81999969482422,37.375,53.90999984741211,27.0049991607666,18.6200008392334
2021-08-31,22.921049118041992,23.040000915527344,47.084999084472656,21.290000915527344,42.650001525878906,42.650001525878906,47.435001373291016,37.369998931884766,53.790000915527344,27.010000228881836,18.648000717163086
2021-09-01,23.17180633544922,22.764999389648438,47.40999984741211,21.174999237060547,42.3849983215332,42.53499984741211,47.185001373291016,37.400001525878906,53.86000061035156,27.15999984741211,18.729999542236328
2021-09-02,23.188806533813477,23.295000076293945,47.439998626708984,21.239999771118164,42.83000183105469,42.86000061035156,47.185001373291016,37.5,53.68000030517578,27.280000686645508,18.68199920654297
2021-09-03,23.184555053710938,23.065000534057617,47.07500076293945,21.110000610351562,42.82500076293945,42.814998626708984,47.56999969482422,37.44499969482422,53.84000015258789,27.204999923706055,18.586000442504883
2021-09-06,23.303560256958008,23.200000762939453,47.525001525878906,21.2450008392334,43.1150016784668,43.099998474121094,47.81999969482422,37.654998779296875,54.209999084472656,27.125,18.586000442504883
2021-09-07,22.95504379272461,23.1299991607666,47.625,21.19499969482422,42.66999816894531,42.665000915527344,47.380001068115234,37.31999969482422,53.93000030517578,26.825000762939453,18.733999252319336
2021-09-08,23.001800537109375,23.010000228881836,47.439998626708984,21.03499984741211,42.70500183105469,42.38999938964844,47.029998779296875,37.369998931884766,53.630001068115234,27.149999618530273,18.722000122070312
2021-09-09,22.972049713134766,22.985000610351562,47.7400016784668,21.149999618530273,42.46500015258789,42.54999923706055,47.029998779296875,37.369998931884766,53.81999969482422,27.139999389648438,18.690000534057617
2021-09-10,22.636281967163086,22.93000030517578,47.584999084472656,21.020000457763672,41.994998931884766,42.404998779296875,47.14500045776367,37.22999954223633,53.47999954223633,26.75,18.658000946044922
2021-09-13,22.627788543701172,23.530000686645508,47.345001220703125,21.18000030517578,41.595001220703125,42.56999969482422,47.22999954223633,37.3849983215332,53.08000183105469,26.924999237060547,18.576000213623047
2021-09-14,22.64053726196289,23.360000610351562,47.3849983215332,21.014999389648438,41.845001220703125,42.314998626708984,46.970001220703125,37.209999084472656,53.400001525878906,26.850000381469727,18.42799949645996
2021-09-15,22.589534759521484,23.850000381469727,46.96500015258789,21.065000534057617,41.83000183105469,42.334999084472656,46.95000076293945,37.13999938964844,53.22999954223633,26.559999465942383,18.33799934387207
2021-09-16,22.564035415649414,23.799999237060547,47.52000045776367,21.149999618530273,41.849998474121094,42.53499984741211,46.560001373291016,37.1349983215332,53.529998779296875,26.540000915527344,18.45599937438965
2021-09-17,22.440776824951172,23.655000686645508,47.68000030517578,21.084999084472656,41.92499923706055,42.185001373291016,45.474998474121094,37.1150016784668,53.31999969482422,26.31999969482422,18.459999084472656
2021-09-20,22.130516052246094,23.049999237060547,46.689998626708984,20.415000915527344,41.92499923706055,41.54499816894531,44.525001525878906,36.880001068115234,52.380001068115234,26.184999465942383,18.086000442504883
2021-09-21,22.292024612426758,23.334999084472656,46.95000076293945,20.625,42.099998474121094,41.56999969482422,44.720001220703125,37.0099983215332,52.540000915527344,26.2450008392334,18.1299991607666
2021-09-22,22.419530868530273,24.020000457763672,47.3650016784668,20.895000457763672,41.974998474121094,41.91999816894531,45.26499938964844,37.08000183105469,52.93000030517578,26.209999084472656,18.100000381469727
2021-09-23,22.457775115966797,24.469999313354492,47.834999084472656,21.225000381469727,42.31999969482422,42.32500076293945,45.6349983215332,37.125,53.63999938964844,26.229999542236328,18.243999481201172
2021-09-24,22.16876983642578,24.639999389648438,47.68000030517578,21.280000686645508,42.04499816894531,42.220001220703125,45.3650016784668,37.03499984741211,53.529998779296875,26.0,18.215999603271484
2021-09-27,22.253768920898438,25.454999923706055,47.939998626708984,21.579999923706055,41.60499954223633,42.314998626708984,45.505001068115234,36.970001220703125,53.220001220703125,26.05500030517578,18.31399917602539
2021-09-28,21.794757843017578,25.610000610351562,47.154998779296875,21.329999923706055,40.790000915527344,41.564998626708984,44.76499938964844,36.505001068115234,51.779998779296875,25.5,17.874000549316406
2021-09-29,21.91800880432129,25.78499984741211,47.68000030517578,21.475000381469727,41.30500030517578,41.82500076293945,44.91999816894531,36.96500015258789,51.84000015258789,25.790000915527344,18.025999069213867
2021-09-30,21.794757843017578,25.825000762939453,47.32500076293945,21.43000030517578,41.459999084472656,41.63999938964844,45.154998779296875,36.8650016784668,51.90999984741211,25.674999237060547,18.027999877929688
2021-10-01,21.68850326538086,25.905000686645508,46.94499969482422,21.350000381469727,40.82500076293945,41.275001525878906,44.55500030517578,36.415000915527344,51.5099983215332,25.68000030517578,18.04400062561035
2021-10-04,21.790508270263672,26.635000228881836,46.404998779296875,21.2549991607666,40.5,40.86000061035156,44.560001373291016,36.35499954223633,50.540000915527344,25.639999389648438,17.667999267578125
2021-10-05,21.803255081176758,27.020000457763672,46.94499969482422,21.725000381469727,40.94499969482422,41.529998779296875,45.03499984741211,36.67499923706055,51.47999954223633,25.93000030517578,18.0
2021-10-06,21.446243286132812,26.344999313354492,46.470001220703125,21.549999237060547,40.57500076293945,41.064998626708984,44.44499969482422,36.619998931884766,51.38999938964844,25.905000686645508,18.02199935913086
2021-10-07,22.041263580322266,26.71500015258789,47.55500030517578,22.059999465942383,41.35499954223633,41.96500015258789,45.720001220703125,37.17499923706055,52.68000030517578,26.280000686645508,18.332000732421875
2021-10-08,21.952016830444336,27.28499984741211,47.3849983215332,22.040000915527344,41.10499954223633,41.810001373291016,45.560001373291016,36.959999084472656,52.36000061035156,26.104999542236328,18.211999893188477
2021-10-11,21.854257583618164,27.709999084472656,47.474998474121094,22.145000457763672,41.150001525878906,41.86000061035156,46.03499984741211,36.90999984741211,52.5,25.780000686645508,18.128000259399414
2021-10-12,22.032766342163086,27.514999389648438,47.474998474121094,21.975000381469727,40.845001220703125,41.69499969482422,45.880001068115234,37.05500030517578,51.939998626708984,25.920000076293945,17.808000564575195
2021-10-13,22.20277214050293,27.31999969482422,47.540000915527344,21.700000762939453,40.67499923706055,41.564998626708984,45.92499923706055,36.89500045776367,51.959999084472656,25.950000762939453,17.775999069213867
2021-10-14,22.474781036376953,27.610000610351562,48.095001220703125,21.96500015258789,41.30500030517578,41.564998626708984,46.86000061035156,37.345001220703125,53.099998474121094,26.295000076293945,18.091999053955078
2021-10-15,22.734039306640625,28.045000076293945,48.744998931884766,22.2549991607666,41.43000030517578,42.70500183105469,47.099998474121094,37.3650016784668,53.54999923706055,26.325000762939453,18.079999923706055
2021-10-18,22.64904022216797,28.059999465942383,48.869998931884766,22.28499984741211,41.17499923706055,42.6150016784668,46.994998931884766,37.154998779296875,53.81999969482422,26.18000030517578,18.086000442504883
2021-10-19,22.738290786743164,28.1299991607666,48.98500061035156,22.3799991607666,41.505001068115234,42.82500076293945,47.040000915527344,36.900001525878906,54.459999084472656,26.334999084472656,18.211999893188477
2021-10-20,22.810543060302734,28.15999984741211,48.97999954223633,22.524999618530273,41.8650016784668,42.97999954223633,47.165000915527344,37.29999923706055,54.279998779296875,26.764999389648438,18.275999069213867
2021-10-21,22.915058135986328,27.7450008392334,49.154998779296875,22.440000534057617,41.83000183105469,42.78499984741211,46.54499816894531,37.27000045776367,54.2400016784668,26.739999771118164,18.215999603271484
2021-10-22,23.00905418395996,27.815000534057617,49.15999984741211,22.6200008392334,42.125,43.165000915527344,46.904998779296875,37.525001525878906,54.36000061035156,26.815000534057617,17.854000091552734
2021-10-25,22.987689971923828,28.3700008392334,49.55500030517578,22.78499984741211,42.35499954223633,43.28499984741211,47.45500183105469,37.540000915527344,54.720001220703125,26.78499984741211,17.851999282836914
2021-10-26,23.021875381469727,28.5049991607666,50.58000183105469,22.93000030517578,42.494998931884766,43.42499923706055,47.52000045776367,37.7400016784668,55.25,26.940000534057617,17.961999893188477
2021-10-27,23.085966110229492,28.06999969482422,50.43000030517578,22.7549991607666,42.334999084472656,43.05500030517578,47.17499923706055,37.69499969482422,54.88999938964844,26.954999923706055,17.961999893188477
2021-10-28,23.145788192749023,27.55500030517578,50.40999984741211,22.604999542236328,42.36000061035156,42.88999938964844,46.9900016784668,37.619998931884766,54.849998474121094,26.854999542236328,17.916000366210938
2021-10-29,23.05178451538086,27.799999237060547,50.65999984741211,22.844999313354492,42.72999954223633,43.415000915527344,47.15999984741211,37.95500183105469,55.279998779296875,26.969999313354492,17.916000366210938
2021-11-01,22.897964477539062,28.075000762939453,51.29999923706055,22.764999389648438,43.02000045776367,43.53499984741211,47.244998931884766,38.02000045776367,55.380001068115234,27.014999389648438,18.18199920654297
2021-11-02,23.056058883666992,27.7549991607666,51.119998931884766,22.81999969482422,43.44499969482422,43.654998779296875,46.95500183105469,38.15999984741211,55.93000030517578,26.934999465942383,18.107999801635742
2021-11-03,23.19706153869629,27.489999771118164,51.40999984741211,22.854999542236328,43.345001220703125,43.46500015258789,47.310001373291016,38.349998474121094,55.849998474121094,26.850000381469727,18.1200008392334
2021-11-04,23.256879806518555,27.6200008392334,52.77000045776367,22.639999389648438,43.44499969482422,43.97999954223633,47.46500015258789,38.63999938964844,57.060001373291016,26.8799991607666,18.327999114990234
2021-11-05,23.286787033081055,27.969999313354492,53.31999969482422,22.78499984741211,43.005001068115234,44.16999816894531,47.54499816894531,38.70500183105469,57.459999084472656,27.020000457763672,18.327999114990234
2021-11-08,23.29960823059082,28.174999237060547,52.599998474121094,22.850000381469727,42.994998931884766,44.209999084472656,47.90999984741211,38.34000015258789,57.529998779296875,26.704999923706055,18.465999603271484
2021-11-09,23.218420028686523,28.010000228881836,51.97999954223633,22.6299991607666,43.0099983215332,44.119998931884766,47.81999969482422,38.4900016784668,57.52000045776367,26.69499969482422,18.350000381469727
2021-11-10,23.252605438232422,27.915000915527344,52.2400016784668,22.825000762939453,43.375,44.36000061035156,48.150001525878906,38.845001220703125,57.130001068115234,26.979999542236328,18.408000946044922
2021-11-11,23.05178451538086,27.940000534057617,52.04999923706055,22.8700008392334,43.31999969482422,44.43000030517578,48.86000061035156,38.93000030517578,57.25,26.985000610351562,18.398000717163086
2021-11-12,23.154333114624023,27.700000762939453,52.279998779296875,22.905000686645508,43.4900016784668,44.73500061035156,49.18000030517578,39.17499923706055,58.04999923706055,27.040000915527344,18.558000564575195
2021-11-15,23.214149475097656,27.93000030517578,52.459999084472656,23.045000076293945,43.665000915527344,44.939998626708984,49.03499984741211,39.290000915527344,58.16999816894531,27.309999465942383,18.709999084472656
2021-11-16,23.244060516357422,28.19499969482422,53.5099983215332,23.1299991607666,43.81999969482422,45.23500061035156,49.220001220703125,39.43000030517578,58.959999084472656,27.459999084472656,18.709999084472656
2021-11-17,22.97487449645996,28.18000030517578,53.7599983215332,22.959999084472656,43.97999954223633,44.97999954223633,49.20000076293945,39.3650016784668,59.290000915527344,27.3700008392334,18.733999252319336
2021-11-18,23.320974349975586,27.75,53.97999954223633,22.774999618530273,43.654998779296875,44.81999969482422,48.7599983215332,39.04999923706055,59.02000045776367,27.25,18.601999282836914
2021-11-19,23.26114845275879,26.860000610351562,54.5,22.59000015258789,43.7400016784668,44.869998931884766,48.92499923706055,39.279998779296875,60.0,27.31999969482422,18.72599983215332
2021-11-22,23.175697326660156,27.450000762939453,54.630001068115234,22.90999984741211,43.880001068115234,45.185001373291016,49.41999816894531,39.529998779296875,60.08000183105469,27.584999084472656,18.57200050354004
2021-11-23,23.081693649291992,27.799999237060547,53.72999954223633,22.90999984741211,43.369998931884766,44.69499969482422,49.09000015258789,39.44499969482422,58.56999969482422,27.59000015258789,18.360000610351562
2021-11-24,23.222694396972656,28.290000915527344,54.15999984741211,23.079999923706055,43.61000061035156,44.869998931884766,49.20500183105469,39.47999954223633,59.279998779296875,27.725000381469727,18.511999130249023
2021-11-25,23.38079261779785,28.260000228881836,54.029998779296875,23.125,43.66999816894531,44.89500045776367,49.13999938964844,39.564998626708984,59.689998626708984,27.905000686645508,18.535999298095703
2021-11-26,22.714229583740234,26.475000381469727,52.029998779296875,21.989999771118164,43.150001525878906,43.099998474121094,47.38999938964844,38.744998931884766,57.709999084472656,27.174999237060547,18.02400016784668
2021-11-29,22.765506744384766,27.040000915527344,52.7599983215332,22.149999618530273,43.36000061035156,43.380001068115234,47.875,38.90999984741211,58.7400016784668,27.454999923706055,18.148000717163086
2021-11-30,22.594594955444336,26.625,52.11000061035156,21.93000030517578,42.709999084472656,42.7599983215332,47.4900016784668,38.34000015258789,58.41999816894531,27.270000457763672,17.889999389648438
2021-12-01,22.82959747314453,27.110000610351562,52.790000915527344,22.25,42.900001525878906,43.31999969482422,47.9900016784668,38.255001068115234,59.189998626708984,27.34000015258789,17.913999557495117
2021-12-02,22.54759407043457,26.834999084472656,51.70000076293945,22.024999618530273,42.3650016784668,43.040000915527344,47.5,38.14500045776367,57.630001068115234,27.075000762939453,17.57200050354004
2021-12-03,22.496318817138672,26.975000381469727,51.09000015258789,21.950000762939453,42.275001525878906,43.029998779296875,47.36000061035156,38.29499816894531,56.869998931884766,27.110000610351562,17.45199966430664
2021-12-06,22.983417510986328,27.43000030517578,51.369998931884766,22.295000076293945,42.564998626708984,43.79999923706055,48.13999938964844,39.150001525878906,57.11000061035156,27.979999542236328,17.690000534057617
2021-12-07,23.154333114624023,28.219999313354492,53.08000183105469,22.665000915527344,43.38999938964844,44.83000183105469,49.45500183105469,39.51499938964844,59.689998626708984,28.1200008392334,18.055999755859375
2021-12-08,23.20560646057129,27.895000457763672,52.599998474121094,22.424999237060547,43.25,44.29999923706055,48.95000076293945,38.92499923706055,59.459999084472656,27.81999969482422,18.027999877929688
2021-12-09,23.068880081176758,27.594999313354492,52.619998931884766,22.440000534057617,43.72999954223633,44.375,48.900001525878906,39.20500183105469,59.7599983215332,27.94499969482422,18.106000900268555
2021-12-10,23.030424118041992,27.40999984741211,51.86000061035156,22.325000762939453,43.48500061035156,44.209999084472656,48.810001373291016,39.59000015258789,59.380001068115234,27.9950008392334,17.893999099731445
2021-12-13,22.970600128173828,27.010000228881836,51.150001525878906,22.1299991607666,43.915000915527344,43.89500045776367,48.69499969482422,39.85499954223633,59.4900016784668,28.094999313354492,17.856000900268555
2021-12-14,22.8338680267334,27.135000228881836,50.709999084472656,22.219999313354492,43.77000045776367,43.64500045776367,48.814998626708984,39.95000076293945,58.060001373291016,28.15999984741211,17.856000900268555
2021-12-15,22.85951042175293,26.545000076293945,50.540000915527344,22.190000534057617,44.06999969482422,43.63999938964844,48.345001220703125,40.10499954223633,58.15999984741211,28.274999618530273,17.597999572753906
2021-12-16,23.111608505249023,27.450000762939453,51.130001068115234,22.579999923706055,44.814998626708984,44.275001525878906,49.505001068115234,40.470001220703125,58.7599983215332,28.56999969482422,17.974000930786133
2021-12-17,23.145788192749023,26.875,50.70000076293945,22.299999237060547,44.665000915527344,43.935001373291016,49.32500076293945,40.474998474121094,58.02000045776367,28.520000457763672,17.892000198364258
2021-12-20,22.658689498901367,25.975000381469727,49.22999954223633,21.6299991607666,43.959999084472656,42.619998931884766,47.834999084472656,39.959999084472656,56.849998474121094,28.03499984741211,17.506000518798828
2021-12-21,22.996240615844727,26.969999313354492,50.08000183105469,22.15999984741211,44.27000045776367,43.38999938964844,48.814998626708984,40.04499816894531,57.83000183105469,28.3700008392334,17.84600067138672
2021-12-22,23.115880966186523,27.1299991607666,51.15999984741211,22.264999389648438,44.6150016784668,43.57500076293945,48.8650016784668,40.130001068115234,58.88999938964844,28.395000457763672,17.97599983215332
2021-12-23,23.222694396972656,27.399999618530273,51.77000045776367,22.540000915527344,45.029998779296875,44.2599983215332,49.51499938964844,40.404998779296875,59.65999984741211,28.579999923706055,18.1560001373291
2021-12-24,23.26114845275879,27.399999618530273,51.77000045776367,22.540000915527344,45.029998779296875,44.2599983215332,49.51499938964844,40.404998779296875,59.65999984741211,28.579999923706055,18.1560001373291
2021-12-27,23.26114845275879,27.450000762939453,52.33000183105469,22.584999084472656,45.185001373291016,44.41999816894531,49.81999969482422,40.51499938964844,60.290000915527344,28.4950008392334,18.260000228881836
2021-12-28,23.26114845275879,27.684999465942383,52.5099983215332,22.774999618530273,45.470001220703125,44.790000915527344,50.20000076293945,40.92499923706055,60.45000076293945,28.81999969482422,18.29199981689453
2021-12-29,23.615795135498047,27.405000686645508,52.150001525878906,22.655000686645508,45.290000915527344,44.665000915527344,50.209999084472656,40.83000183105469,60.060001373291016,28.795000076293945,18.29199981689453
2021-12-30,23.833709716796875,27.489999771118164,52.400001525878906,22.690000534057617,45.654998779296875,44.7400016784668,50.290000915527344,40.89500045776367,60.529998779296875,28.934999465942383,18.260000228881836
2021-12-31,23.786706924438477,27.489999771118164,52.400001525878906,22.690000534057617,45.654998779296875,44.7400016784668,50.290000915527344,40.89500045776367,60.529998779296875,28.934999465942383,18.260000228881836
2022-01-03,23.786706924438477,27.985000610351562,52.970001220703125,22.815000534057617,44.94499969482422,44.73500061035156,50.33000183105469,40.974998474121094,60.09000015258789,28.889999389648438,18.106000900268555
2022-01-04,23.914892196655273,28.764999389648438,53.08000183105469,23.3700008392334,44.78499984741211,45.32500076293945,50.790000915527344,41.54999923706055,59.34000015258789,29.1200008392334,18.02199935913086
2022-01-05,23.735435485839844,29.209999084472656,53.130001068115234,23.375,44.52000045776367,45.505001068115234,51.29999923706055,41.38999938964844,58.90999984741211,28.885000228881836,17.917999267578125
2022-01-06,23.393611907958984,29.30500030517578,51.75,23.2549991607666,43.869998931884766,44.75,50.220001220703125,41.064998626708984,57.5099983215332,28.584999084472656,17.746000289916992
2022-01-07,23.32524299621582,29.6200008392334,51.130001068115234,23.4950008392334,43.30500030517578,44.564998626708984,50.189998626708984,40.81999969482422,56.61000061035156,28.395000457763672,17.527999877929688
2022-01-10,23.00905418395996,29.56999969482422,50.09000015258789,23.424999237060547,43.095001220703125,43.900001525878906,49.7599983215332,40.54999923706055,55.540000915527344,28.364999771118164,17.253999710083008
2022-01-11,23.068880081176758,30.1299991607666,51.04999923706055,23.549999237060547,43.51499938964844,43.974998474121094,50.02000045776367,40.28499984741211,56.86000061035156,28.094999313354492,17.56399917602539
2022-01-12,23.29533576965332,30.649999618530273,51.060001373291016,23.704999923706055,43.404998779296875,44.314998626708984,50.689998626708984,40.35499954223633,57.0099983215332,28.114999771118164,17.624000549316406
2022-01-13,23.41925048828125,30.71500015258789,51.029998779296875,23.860000610351562,42.94499969482422,44.36000061035156,50.9900016784668,40.29499816894531,56.560001373291016,28.30500030517578,17.59000015258789
2022-01-14,23.01332664489746,30.915000915527344,49.81999969482422,23.489999771118164,42.470001220703125,43.61000061035156,50.040000915527344,40.23500061035156,55.470001220703125,28.104999542236328,17.360000610351562
2022-01-17,23.115880966186523,31.354999542236328,50.290000915527344,23.725000381469727,42.915000915527344,43.91999816894531,50.540000915527344,40.459999084472656,56.04999923706055,28.229999542236328,17.45800018310547
2022-01-18,22.893693923950195,31.5049991607666,49.665000915527344,23.344999313354492,42.55500030517578,43.470001220703125,50.20000076293945,40.154998779296875,55.380001068115234,28.135000228881836,17.29599952697754
2022-01-19,22.932146072387695,31.479999542236328,49.11000061035156,23.21500015258789,42.540000915527344,43.26499938964844,50.599998474121094,40.28499984741211,54.61000061035156,28.225000381469727,17.290000915527344
2022-01-20,22.878612518310547,31.709999084472656,49.584999084472656,23.309999465942383,42.755001068115234,43.58000183105469,50.959999084472656,40.45500183105469,55.25,28.540000915527344,17.483999252319336
2022-01-21,22.560672760009766,30.78499984741211,48.029998779296875,22.790000915527344,42.06999969482422,42.790000915527344,49.60499954223633,40.29499816894531,53.849998474121094,28.19499969482422,16.884000778198242
2022-01-24,21.894723892211914,29.649999618530273,45.77000045776367,21.96500015258789,40.529998779296875,41.41999816894531,47.57500076293945,39.72999954223633,50.81999969482422,27.649999618530273,16.142000198364258
2022-01-25,22.070878982543945,30.834999084472656,46.39500045776367,22.354999542236328,41.095001220703125,41.52000045776367,48.02000045776367,39.724998474121094,51.36000061035156,27.684999465942383,16.326000213623047
2022-01-26,22.509113311767578,31.9950008392334,47.189998626708984,22.915000915527344,41.529998779296875,42.22999954223633,48.779998779296875,39.790000915527344,52.810001373291016,27.78499984741211,16.493999481201172
2022-01-27,22.1868839263916,32.3650016784668,46.77000045776367,23.094999313354492,42.04499816894531,42.060001373291016,48.93000030517578,40.29999923706055,52.68000030517578,28.219999313354492,16.59000015258789
2022-01-28,21.813093185424805,31.96500015258789,46.334999084472656,22.674999237060547,41.8650016784668,41.334999084472656,48.06999969482422,39.810001373291016,52.970001220703125,27.860000610351562,16.554000854492188
2022-01-31,22.30289077758789,31.795000076293945,47.59000015258789,22.885000228881836,42.22999954223633,41.814998626708984,48.345001220703125,40.01499938964844,54.41999816894531,28.2450008392334,16.850000381469727
2022-02-01,22.410301208496094,32.88999938964844,48.10499954223633,23.170000076293945,42.380001068115234,42.35499954223633,48.904998779296875,39.98500061035156,54.93000030517578,28.084999084472656,17.08799934387207
2022-02-02,22.706754684448242,32.55500030517578,47.91999816894531,23.209999084472656,42.665000915527344,42.63999938964844,49.470001220703125,40.41999816894531,54.88999938964844,28.3799991607666,17.503999710083008
2022-02-03,22.62941551208496,32.22999954223633,46.724998474121094,23.15999984741211,42.099998474121094,41.84000015258789,48.724998474121094,39.959999084472656,53.650001525878906,28.065000534057617,16.624000549316406
2022-02-04,22.169700622558594,32.775001525878906,46.68000030517578,22.959999084472656,41.69499969482422,41.04999923706055,47.75,39.474998474121094,52.810001373291016,27.690000534057617,16.27400016784668
2022-02-07,22.247034072875977,33.08000183105469,47.35499954223633,23.239999771118164,41.95500183105469,41.345001220703125,48.15999984741211,39.619998931884766,53.38999938964844,27.645000457763672,16.31800079345703
2022-02-08,22.135324478149414,32.45000076293945,47.53499984741211,23.489999771118164,41.96500015258789,41.599998474121094,48.55500030517578,39.69499969482422,53.5,27.725000381469727,16.20800018310547
2022-02-09,22.444671630859375,32.869998931884766,48.474998474121094,23.78499984741211,42.505001068115234,42.224998474121094,49.25,39.7400016784668,54.599998474121094,27.844999313354492,16.43600082397461
2022-02-10,22.543489456176758,32.93000030517578,48.0099983215332,23.739999771118164,42.15999984741211,42.084999084472656,49.71500015258789,39.459999084472656,54.099998474121094,27.53499984741211,16.441999435424805
2022-02-11,22.264223098754883,33.23500061035156,47.415000915527344,23.704999923706055,41.869998931884766,41.720001220703125,49.290000915527344,39.650001525878906,53.380001068115234,27.5,16.375999450683594
2022-02-14,21.899023056030273,32.98500061035156,47.33000183105469,23.2549991607666,41.220001220703125,41.31999969482422,48.869998931884766,39.26499938964844,52.900001525878906,27.1200008392334,16.27199935913086
2022-02-15,22.01502799987793,32.6349983215332,47.650001525878906,23.440000534057617,41.709999084472656,41.775001525878906,49.04999923706055,39.66999816894531,53.400001525878906,27.270000457763672,16.288000106811523
2022-02-16,22.1439208984375,33.064998626708984,47.53499984741211,23.405000686645508,41.630001068115234,41.73500061035156,49.46500015258789,39.470001220703125,53.0099983215332,27.135000228881836,16.288000106811523
2022-02-17,22.148216247558594,32.81999969482422,47.3650016784668,23.114999771118164,41.5,41.564998626708984,49.47999954223633,39.68000030517578,52.68000030517578,27.200000762939453,16.288000106811523
2022-02-18,22.032211303710938,32.61000061035156,46.404998779296875,22.934999465942383,41.16999816894531,41.10499954223633,49.220001220703125,40.1150016784668,51.439998626708984,27.344999313354492,15.826000213623047
2022-02-21,21.82598114013672,32.619998931884766,45.80500030517578,22.809999465942383,40.76499938964844,40.525001525878906,48.814998626708984,39.8650016784668,50.459999084472656,27.1200008392334,15.597999572753906
2022-02-22,21.899023056030273,32.54499816894531,45.40999984741211,22.809999465942383,41.025001525878906,40.665000915527344,48.79499816894531,39.83000183105469,50.939998626708984,27.229999542236328,15.65999984741211
2022-02-23,21.800199508666992,32.41999816894531,44.71500015258789,22.68000030517578,41.08000183105469,40.209999084472656,48.630001068115234,39.79999923706055,50.61000061035156,27.059999465942383,15.51200008392334
2022-02-24,21.258848190307617,32.54999923706055,43.93000030517578,21.885000228881836,40.89500045776367,39.584999084472656,47.9900016784668,38.900001525878906,50.43000030517578,26.94499969482422,15.51200008392334
2022-02-25,21.984949111938477,32.8849983215332,45.380001068115234,22.545000076293945,42.119998931884766,40.970001220703125,49.029998779296875,39.90999984741211,52.11000061035156,27.790000915527344,16.062000274658203
2022-02-28,22.075178146362305,33.41999816894531,46.01499938964844,22.40999984741211,42.125,41.38999938964844,49.78499984741211,39.84000015258789,52.599998474121094,28.235000610351562,16.166000366210938
2022-03-01,21.791608810424805,34.06999969482422,45.77000045776367,21.795000076293945,42.42499923706055,41.154998779296875,49.619998931884766,39.96500015258789,52.560001373291016,28.0049991607666,16.15399932861328
2022-03-02,21.972061157226562,34.834999084472656,45.98500061035156,22.084999084472656,43.03499984741211,41.71500015258789,50.439998626708984,40.13999938964844,52.86000061035156,28.09000015258789,16.190000534057617
2022-03-03,21.903322219848633,34.89500045776367,45.3650016784668,22.049999237060547,42.915000915527344,41.75,50.56999969482422,40.1150016784668,52.68000030517578,28.084999084472656,16.142000198364258
2022-03-04,21.800199508666992,35.23500061035156,44.34000015258789,21.655000686645508,43.11000061035156,41.2599983215332,50.220001220703125,40.06999969482422,51.790000915527344,28.545000076293945,15.95199966430664
2022-03-07,21.76153564453125,36.60499954223633,43.630001068115234,21.389999389648438,42.970001220703125,41.54999923706055,50.34000015258789,39.81999969482422,51.290000915527344,29.079999923706055,15.784000396728516
2022-03-08,21.475820541381836,37.6150016784668,42.494998931884766,21.030000686645508,42.26499938964844,40.70500183105469,49.18000030517578,38.86000061035156,49.46500015258789,28.940000534057617,15.468000411987305
2022-03-09,22.075178146362305,35.97999954223633,43.400001525878906,21.594999313354492,42.20500183105469,41.07500076293945,49.34000015258789,38.81999969482422,50.56999969482422,28.774999618530273,15.612000465393066
2022-03-10,21.78731346130371,36.11000061035156,43.470001220703125,21.44499969482422,42.18000030517578,40.904998779296875,49.560001373291016,38.40999984741211,49.959999084472656,28.610000610351562,15.557999610900879
2022-03-11,22.032211303710938,36.334999084472656,43.9900016784668,21.829999923706055,42.8849983215332,41.52000045776367,50.33000183105469,38.83000183105469,50.560001373291016,29.075000762939453,15.71399974822998
2022-03-14,21.843168258666992,35.220001220703125,43.07500076293945,21.959999084472656,42.82500076293945,41.40999984741211,49.790000915527344,38.71500015258789,49.185001373291016,28.809999465942383,15.331999778747559
2022-03-15,21.791608810424805,34.584999084472656,43.80500030517578,22.020000457763672,43.220001220703125,41.564998626708984,49.459999084472656,39.15999984741211,50.15999984741211,29.094999313354492,15.527999877929688
2022-03-16,22.135324478149414,34.23500061035156,45.224998474121094,22.614999771118164,43.564998626708984,42.380001068115234,50.349998474121094,39.38999938964844,51.529998779296875,28.920000076293945,15.850000381469727
2022-03-17,22.4489688873291,34.94499969482422,45.415000915527344,22.575000762939453,44.0,42.51499938964844,50.83000183105469,39.3650016784668,51.58000183105469,29.065000534057617,15.894000053405762
2022-03-18,22.55638313293457,35.04999923706055,46.474998474121094,22.844999313354492,44.470001220703125,42.88999938964844,51.22999954223633,39.63999938964844,53.04999923706055,28.93000030517578,15.894000053405762
2022-03-21,22.54778480529785,36.29999923706055,46.86000061035156,22.96500015258789,44.744998931884766,43.33000183105469,52.34000015258789,39.810001373291016,53.52000045776367,29.075000762939453,16.263999938964844
2022-03-22,22.52200698852539,36.14500045776367,47.27000045776367,23.375,44.7599983215332,43.369998931884766,52.36000061035156,40.005001068115234,54.40999984741211,29.1200008392334,16.506000518798828
2022-03-23,22.3200740814209,36.959999084472656,47.6150016784668,23.125,44.43000030517578,43.29499816894531,52.56999969482422,39.779998779296875,54.400001525878906,28.915000915527344,16.489999771118164
2022-03-24,22.234146118164062,37.11000061035156,47.19499969482422,23.084999084472656,44.4900016784668,43.19499969482422,53.06999969482422,39.85499954223633,54.4900016784668,29.15999984741211,16.503999710083008
2022-03-25,22.4704532623291,37.76499938964844,47.27000045776367,23.235000610351562,44.709999084472656,43.2400016784668,53.36000061035156,40.1150016784668,54.63999938964844,29.440000534057617,16.503999710083008
2022-03-28,22.63371467590332,37.119998931884766,48.0099983215332,23.155000686645508,44.939998626708984,43.22999954223633,53.130001068115234,40.255001068115234,55.189998626708984,29.700000762939453,16.649999618530273
2022-03-29,23.076250076293945,35.97999954223633,48.880001068115234,23.315000534057617,44.97999954223633,43.38999938964844,52.7400016784668,40.36000061035156,55.79999923706055,29.719999313354492,16.799999237060547
2022-03-30,23.149290084838867,36.77000045776367,48.15999984741211,23.079999923706055,45.04499816894531,43.119998931884766,52.97999954223633,40.22999954223633,55.45000076293945,29.895000457763672,16.628000259399414
2022-03-31,23.09773063659668,37.02000045776367,47.93000030517578,22.969999313354492,45.16999816894531,43.125,53.279998779296875,40.47999954223633,55.439998626708984,30.239999771118164,16.54800033569336
2022-04-01,23.04187774658203,37.125,47.779998779296875,22.860000610351562,45.1349983215332,42.76499938964844,53.470001220703125,40.70000076293945,54.75,30.174999237060547,16.583999633789062
2022-04-04,23.063358306884766,37.119998931884766,48.59000015258789,22.829999923706055,45.54499816894531,42.810001373291016,53.84000015258789,41.04499816894531,56.0,30.434999465942383,16.98200035095215
2022-04-05,23.09773063659668,37.560001373291016,48.415000915527344,22.979999542236328,46.099998474121094,42.599998474121094,54.040000915527344,41.560001373291016,55.58000183105469,31.03499984741211,16.98200035095215
2022-04-06,22.90868377685547,37.29499816894531,46.73500061035156,22.649999618530273,46.005001068115234,41.810001373291016,53.20000076293945,41.45000076293945,53.75,31.145000457763672,16.639999389648438
2022-04-07,22.73682975769043,37.029998779296875,46.46500015258789,22.375,46.875,41.54999923706055,53.0099983215332,41.71500015258789,53.560001373291016,31.094999313354492,16.48200035095215
2022-04-08,22.870019912719727,38.415000915527344,46.94499969482422,22.844999313354492,47.58000183105469,42.09000015258789,54.099998474121094,42.314998626708984,53.66999816894531,31.559999465942383,16.5939998626709
2022-04-11,22.732534408569336,37.845001220703125,45.900001525878906,22.780000686645508,47.16999816894531,41.625,53.560001373291016,42.20500183105469,52.09000015258789,31.299999237060547,16.326000213623047
2022-04-12,22.72393798828125,38.5099983215332,46.57500076293945,22.7549991607666,46.779998779296875,41.775001525878906,54.11000061035156,42.189998626708984,52.709999084472656,31.2450008392334,16.416000366210938
2022-04-13,22.663793563842773,38.52000045776367,46.470001220703125,22.485000610351562,46.42499923706055,41.724998474121094,53.9900016784668,42.025001525878906,52.70000076293945,31.024999618530273,16.378000259399414
2022-04-14,22.77120018005371,38.915000915527344,46.904998779296875,22.655000686645508,46.845001220703125,42.209999084472656,54.83000183105469,42.53499984741211,52.619998931884766,31.295000076293945,16.408000946044922
2022-04-19,22.792680740356445,39.189998626708984,47.494998931884766,22.704999923706055,46.42499923706055,42.20500183105469,54.68000030517578,42.16999816894531,52.65999984741211,31.21500015258789,16.423999786376953
2022-04-20,23.059062957763672,39.20500183105469,47.23500061035156,22.9950008392334,46.584999084472656,42.599998474121094,54.52000045776367,42.630001068115234,52.560001373291016,31.434999465942383,15.881999969482422
2022-04-21,23.187255859375,39.244998931884766,47.52000045776367,22.90999984741211,46.529998779296875,42.78499984741211,54.22999954223633,42.98500061035156,52.81999969482422,31.25,15.72599983215332
2022-04-22,22.79827880859375,37.915000915527344,46.369998931884766,22.354999542236328,45.39500045776367,42.78499984741211,52.52000045776367,42.744998931884766,51.38999938964844,30.940000534057617,15.303999900817871
2022-04-25,22.314220428466797,35.79499816894531,45.54499816894531,21.815000534057617,44.845001220703125,42.78499984741211,50.7400016784668,42.45000076293945,50.599998474121094,30.6200008392334,15.185999870300293
2022-04-26,22.461170196533203,37.154998779296875,44.86000061035156,21.850000381469727,45.150001525878906,41.23500061035156,51.11000061035156,42.814998626708984,50.20000076293945,30.969999313354492,15.11400032043457
2022-04-27,22.25803565979004,37.290000915527344,45.125,21.94499969482422,45.36000061035156,41.5099983215332,52.099998474121094,43.11000061035156,51.189998626708984,31.084999084472656,14.932000160217285
2022-04-28,22.106767654418945,38.0,45.165000915527344,21.9950008392334,45.35499954223633,41.56999969482422,52.29999923706055,43.209999084472656,51.900001525878906,31.200000762939453,15.152000427246094
2022-04-29,22.00303840637207,38.55500030517578,44.775001525878906,22.1299991607666,45.375,41.915000915527344,53.06999969482422,43.23500061035156,52.08000183105469,30.924999237060547,15.22599983215332
2022-05-02,22.00303840637207,37.75,43.599998474121094,21.625,44.709999084472656,41.01499938964844,52.040000915527344,42.5099983215332,50.720001220703125,30.364999771118164,15.053999900817871
2022-05-03,21.35906982421875,39.25,44.290000915527344,22.05500030517578,44.994998931884766,41.3849983215332,52.59000015258789,42.494998931884766,51.599998474121094,30.610000610351562,15.270000457763672
2022-05-04,21.069496154785156,39.44499969482422,43.404998779296875,21.875,44.42499923706055,41.1349983215332,52.310001373291016,42.19499969482422,50.75,30.489999771118164,15.065999984741211
2022-05-05,21.04789161682129,40.03499984741211,43.060001373291016,21.764999389648438,44.7400016784668,41.224998474121094,52.189998626708984,42.32500076293945,51.04999923706055,30.55500030517578,15.065999984741211
2022-05-06,20.782089233398438,40.334999084472656,42.59000015258789,21.440000534057617,44.125,40.60499954223633,51.18000030517578,41.80500030517578,50.5099983215332,30.420000076293945,15.02400016784668
2022-05-09,20.084096908569336,38.474998474121094,40.875,21.024999618530273,43.32500076293945,39.720001220703125,49.6349983215332,41.57500076293945,48.14500045776367,30.229999542236328,14.61400032043457
2022-05-10,19.71023941040039,38.125,40.17499923706055,20.90999984741211,43.220001220703125,39.41999816894531,49.30500030517578,41.53499984741211,48.07500076293945,30.114999771118164,14.583999633789062
2022-05-11,20.001977920532227,39.65999984741211,40.47999954223633,21.225000381469727,43.63999938964844,39.869998931884766,50.36000061035156,41.900001525878906,48.43000030517578,30.600000381469727,14.708000183105469
2022-05-12,19.753463745117188,38.814998626708984,40.599998474121094,21.0,43.38999938964844,39.79499816894531,49.70500183105469,41.89500045776367,47.6150016784668,30.229999542236328,14.736000061035156
2022-05-13,20.12731170654297,40.31999969482422,41.54499816894531,21.40999984741211,44.32500076293945,40.54499816894531,50.61000061035156,42.41999816894531,49.060001373291016,30.604999542236328,15.03600025177002
2022-05-16,20.244007110595703,40.97999954223633,40.9900016784668,21.190000534057617,44.540000915527344,40.29999923706055,50.400001525878906,42.654998779296875,48.439998626708984,30.895000457763672,14.998000144958496
2022-05-17,20.388792037963867,41.39500045776367,40.96500015258789,21.46500015258789,44.61000061035156,40.59000015258789,51.290000915527344,42.04499816894531,48.849998474121094,30.78499984741211,15.013999938964844
2022-05-18,20.272096633911133,40.91999816894531,39.98500061035156,21.274999618530273,44.15999984741211,40.2599983215332,50.72999954223633,40.685001373291016,48.064998626708984,30.969999313354492,14.85200023651123
2022-05-19,19.958759307861328,40.279998779296875,39.369998931884766,20.90999984741211,43.380001068115234,39.13999938964844,50.220001220703125,39.11000061035156,46.814998626708984,30.315000534057617,14.60200023651123
2022-05-20,19.91769790649414,40.474998474121094,38.790000915527344,20.93000030517578,43.915000915527344,39.150001525878906,50.4900016784668,39.03499984741211,46.505001068115234,30.645000457763672,14.562000274658203
2022-05-23,20.226716995239258,41.119998931884766,38.52000045776367,21.385000228881836,44.27000045776367,39.51499938964844,51.130001068115234,39.60499954223633,47.03499984741211,30.985000610351562,14.618000030517578
2022-05-24,19.941465377807617,40.400001525878906,37.650001525878906,20.950000762939453,43.80500030517578,38.7400016784668,50.27000045776367,39.31999969482422,45.78499984741211,30.600000381469727,14.618000030517578
2022-05-25,20.317480087280273,41.6349983215332,38.584999084472656,21.360000610351562,44.369998931884766,39.45500183105469,51.04999923706055,40.0,46.6349983215332,31.31999969482422,14.276000022888184
2022-05-26,20.54654312133789,42.33000183105469,39.970001220703125,21.700000762939453,44.30500030517578,39.96500015258789,51.31999969482422,40.150001525878906,47.4900016784668,31.204999923706055,14.482000350952148
2022-05-27,20.80586051940918,42.6150016784668,41.005001068115234,21.9950008392334,44.72999954223633,40.51499938964844,52.189998626708984,40.474998474121094,49.150001525878906,31.2450008392334,14.482000350952148
2022-05-30,20.952804565429688,42.790000915527344,41.65999984741211,22.125,44.86000061035156,40.755001068115234,52.52000045776367,40.46500015258789,49.73500061035156,31.225000381469727,14.881999969482422
2022-05-31,20.637304306030273,42.88999938964844,41.375,21.940000534057617,44.32500076293945,40.255001068115234,52.06999969482422,40.40999984741211,49.02000045776367,30.969999313354492,14.826000213623047
2022-06-01,20.38014793395996,42.57500076293945,41.6150016784668,21.799999237060547,43.96500015258789,40.29999923706055,51.83000183105469,40.119998931884766,49.279998779296875,30.81999969482422,14.880000114440918
2022-06-02,20.38014793395996,42.76499938964844,41.97999954223633,21.854999542236328,43.689998626708984,40.66999816894531,52.72999954223633,40.01499938964844,49.39500045776367,30.7450008392334,14.880000114440918
2022-06-03,20.38014793395996,43.040000915527344,41.39500045776367,21.790000915527344,43.79999923706055,40.59000015258789,52.43000030517578,40.10499954223633,48.849998474121094,30.969999313354492,14.718000411987305
2022-06-06,20.53573989868164,43.380001068115234,42.125,22.0049991607666,43.959999084472656,41.14500045776367,52.95000076293945,40.375,49.474998474121094,31.280000686645508,14.718000411987305
2022-06-07,20.39743423461914,43.94499969482422,41.48500061035156,21.885000228881836,43.935001373291016,40.994998931884766,53.06999969482422,39.9900016784668,49.28499984741211,31.049999237060547,14.718000411987305
2022-06-08,20.41472625732422,44.68000030517578,41.85499954223633,21.690000534057617,44.130001068115234,40.86000061035156,52.689998626708984,39.775001525878906,49.439998626708984,30.90999984741211,14.718000411987305
2022-06-09,20.053842544555664,44.02000045776367,41.619998931884766,21.434999465942383,43.744998931884766,40.48500061035156,51.79999923706055,39.724998474121094,49.02000045776367,30.674999237060547,14.907999992370605
2022-06-10,19.459569931030273,43.05500030517578,39.875,20.69499969482422,42.97999954223633,39.435001373291016,50.33000183105469,39.439998626708984,46.7599983215332,30.19499969482422,14.390000343322754
2022-06-13,18.68161964416504,41.685001373291016,38.3849983215332,20.350000381469727,42.314998626708984,38.540000915527344,48.90999984741211,39.22999954223633,45.369998931884766,29.6200008392334,14.02400016784668
2022-06-14,18.422300338745117,42.334999084472656,38.275001525878906,20.2450008392334,41.66999816894531,38.27000045776367,48.29999923706055,38.55500030517578,45.060001373291016,28.68000030517578,13.855999946594238
2022-06-15,18.62111473083496,41.369998931884766,38.92499923706055,20.440000534057617,41.959999084472656,38.58000183105469,48.60499954223633,38.63999938964844,45.790000915527344,28.704999923706055,14.043999671936035
2022-06-16,18.480648040771484,39.095001220703125,37.625,19.809999465942383,41.03499984741211,37.470001220703125,47.099998474121094,38.224998474121094,44.11000061035156,28.165000915527344,13.657999992370605
2022-06-17,18.560604095458984,36.70500183105469,37.86000061035156,19.881999969482422,41.494998931884766,37.35499954223633,46.380001068115234,38.38999938964844,44.494998931884766,28.0,13.763999938964844
2022-06-20,18.66433334350586,37.10499954223633,38.05500030517578,20.125,41.44499969482422,37.3650016784668,46.375,38.38999938964844,44.61000061035156,28.045000076293945,13.763999938964844
2022-06-21,18.83072853088379,38.26499938964844,38.72999954223633,20.184999465942383,41.80500030517578,37.54499816894531,46.744998931884766,38.584999084472656,45.375,28.1200008392334,14.017999649047852
2022-06-22,18.835054397583008,37.060001373291016,38.665000915527344,20.094999313354492,42.400001525878906,37.29999923706055,45.72999954223633,38.78499984741211,45.275001525878906,28.184999465942383,14.017999649047852
2022-06-23,18.925813674926758,35.96500015258789,38.974998474121094,19.922000885009766,43.08000183105469,37.165000915527344,45.125,39.3849983215332,45.7599983215332,28.69499969482422,14.109999656677246
2022-06-24,19.252120971679688,36.744998931884766,39.93000030517578,20.469999313354492,43.849998474121094,38.119998931884766,45.98500061035156,40.11000061035156,46.88999938964844,28.69499969482422,14.491999626159668
2022-06-27,19.470375061035156,37.18000030517578,40.040000915527344,20.485000610351562,44.220001220703125,38.275001525878906,46.22999954223633,40.05500030517578,47.220001220703125,29.229999542236328,14.491999626159668
2022-06-28,19.459569931030273,38.150001525878906,39.44499969482422,20.6200008392334,44.15999984741211,38.375,46.4900016784668,40.20500183105469,46.47999954223633,29.645000457763672,14.390000343322754
2022-06-29,19.046825408935547,37.76499938964844,38.86000061035156,20.4950008392334,44.18000030517578,37.814998626708984,45.73500061035156,40.19499969482422,46.05500030517578,29.434999465942383,14.197999954223633
2022-06-30,18.891233444213867,36.875,38.459999084472656,20.184999465942383,43.959999084472656,37.77000045776367,45.08000183105469,40.0,45.54999923706055,29.469999313354492,14.100000381469727
2022-07-01,18.98415756225586,36.744998931884766,38.70000076293945,20.30500030517578,44.23500061035156,38.005001068115234,44.75,40.38999938964844,45.290000915527344,30.2549991607666,14.069999694824219
2022-07-04,19.053308486938477,37.970001220703125,38.869998931884766,20.475000381469727,44.68000030517578,38.20500183105469,45.209999084472656,40.665000915527344,45.400001525878906,30.280000686645508,14.156000137329102
2022-07-05,18.69675064086914,35.79499816894531,39.209999084472656,20.235000610351562,44.60499954223633,37.849998474121094,44.119998931884766,40.63999938964844,45.89500045776367,29.684999465942383,14.354000091552734
2022-07-06,19.02089500427246,35.275001525878906,40.17499923706055,20.514999389648438,45.77000045776367,38.5,44.4900016784668,41.61000061035156,47.36000061035156,30.1299991607666,14.354000091552734
2022-07-07,19.213224411010742,37.255001068115234,41.154998779296875,21.0049991607666,46.03499984741211,39.2400016784668,45.970001220703125,41.595001220703125,48.45500183105469,30.55500030517578,15.04800033569336
2022-07-08,19.107330322265625,37.1349983215332,41.665000915527344,21.075000762939453,46.345001220703125,39.459999084472656,46.095001220703125,41.709999084472656,48.900001525878906,30.329999923706055,15.04800033569336
2022-07-11,18.912843704223633,36.93000030517578,41.005001068115234,20.985000610351562,46.564998626708984,39.400001525878906,45.4900016784668,41.88999938964844,48.59000015258789,30.5,15.04800033569336
2022-07-12,18.98415756225586,36.44499969482422,41.03499984741211,21.18000030517578,46.38999938964844,39.619998931884766,45.70500183105469,42.17499923706055,48.46500015258789,30.825000762939453,15.04800033569336
2022-07-13,18.811281204223633,36.275001525878906,40.775001525878906,20.674999237060547,45.720001220703125,38.93000030517578,45.084999084472656,41.779998779296875,47.59000015258789,30.53499984741211,14.760000228881836
2022-07-14,18.575733184814453,35.1349983215332,40.57500076293945,20.274999618530273,45.40999984741211,38.63999938964844,44.06999969482422,41.63999938964844,47.654998779296875,30.354999542236328,14.63599967956543
2022-07-15,18.904203414916992,36.02000045776367,41.35499954223633,20.604999542236328,46.349998474121094,39.21500015258789,44.625,41.95000076293945,48.685001373291016,30.520000457763672,14.795999526977539
2022-07-18,19.04034423828125,37.0,41.900001525878906,20.815000534057617,45.94499969482422,39.34000015258789,45.125,41.79499816894531,49.04999923706055,30.239999771118164,14.824000358581543
2022-07-19,19.13542366027832,37.095001220703125,41.849998474121094,21.0,45.73500061035156,39.68000030517578,45.53499984741211,41.70000076293945,48.82500076293945,30.274999618530273,14.847999572753906
2022-07-20,19.370969772338867,37.584999084472656,42.875,21.139999389648438,45.720001220703125,40.22999954223633,45.78499984741211,41.58000183105469,50.279998779296875,30.1299991607666,15.197999954223633
2022-07-21,19.2829532623291,37.005001068115234,43.279998779296875,21.149999618530273,45.90999984741211,40.44499969482422,45.720001220703125,41.48500061035156,50.4900016784668,29.80500030517578,15.04800033569336
2022-07-22,19.660236358642578,37.349998474121094,43.630001068115234,21.174999237060547,46.025001525878906,40.68000030517578,46.22999954223633,41.8849983215332,50.5,30.200000762939453,14.656000137329102
2022-07-25,19.684226989746094,38.04999923706055,43.27000045776367,21.325000762939453,46.029998779296875,40.6349983215332,46.05500030517578,42.16999816894531,49.959999084472656,30.454999923706055,14.588000297546387
2022-07-26,19.59263038635254,38.35499954223633,42.5099983215332,21.290000915527344,46.619998931884766,40.71500015258789,46.23500061035156,42.095001220703125,49.595001220703125,30.799999237060547,14.446000099182129
2022-07-27,19.649333953857422,38.77000045776367,42.9900016784668,21.31999969482422,46.53499984741211,40.93000030517578,46.255001068115234,42.349998474121094,50.7400016784668,30.864999771118164,14.821999549865723
2022-07-28,20.174917221069336,39.005001068115234,43.91999816894531,21.469999313354492,46.94499969482422,41.75,47.400001525878906,42.744998931884766,51.7599983215332,31.540000915527344,14.776000022888184
2022-07-29,20.371192932128906,40.17499923706055,43.91999816894531,21.780000686645508,46.494998931884766,42.34000015258789,48.025001525878906,42.68000030517578,52.060001373291016,31.940000534057617,14.67199993133545
2022-08-01,20.406084060668945,39.2400016784668,45.8849983215332,21.6299991607666,46.3650016784668,42.470001220703125,47.720001220703125,42.91999816894531,52.7400016784668,31.635000228881836,14.850000381469727
2022-08-02,20.216352462768555,39.70500183105469,45.81999969482422,21.649999618530273,46.6150016784668,42.52000045776367,47.584999084472656,43.02000045776367,52.45000076293945,32.11000061035156,14.85200023651123
2022-08-03,20.159648895263672,39.34000015258789,46.349998474121094,21.770000457763672,46.67499923706055,42.71500015258789,47.31999969482422,43.07500076293945,53.720001220703125,31.84000015258789,15.161999702453613
2022-08-04,20.09858512878418,38.03499984741211,46.39500045776367,21.739999771118164,46.26499938964844,42.78499984741211,47.560001373291016,42.70000076293945,53.47999954223633,32.040000915527344,15.161999702453613
2022-08-05,19.799816131591797,38.119998931884766,46.01499938964844,21.834999084472656,46.25,42.60499954223633,47.48500061035156,42.5099983215332,53.459999084472656,31.860000610351562,14.979999542236328
2022-08-08,20.209806442260742,38.58000183105469,46.654998779296875,21.94499969482422,46.5099983215332,42.880001068115234,48.209999084472656,42.78499984741211,53.650001525878906,32.22999954223633,15.208000183105469
2022-08-09,20.150928497314453,38.880001068115234,45.45500183105469,21.815000534057617,46.345001220703125,42.52000045776367,47.71500015258789,42.58000183105469,52.81999969482422,32.28499984741211,14.923999786376953
2022-08-10,20.576189041137695,38.70000076293945,46.130001068115234,22.114999771118164,46.005001068115234,43.0,48.540000915527344,42.439998626708984,53.47999954223633,32.13999938964844,15.130000114440918
2022-08-11,20.70921516418457,39.724998474121094,46.35499954223633,22.309999465942383,46.14500045776367,43.34000015258789,48.904998779296875,42.63999938964844,53.869998931884766,32.345001220703125,15.244000434875488
2022-08-12,20.737567901611328,40.064998626708984,46.779998779296875,22.579999923706055,46.334999084472656,43.63999938964844,49.2400016784668,42.755001068115234,54.5099983215332,32.60499954223633,15.244000434875488
2022-08-15,20.809541702270508,39.689998626708984,46.779998779296875,22.71500015258789,46.334999084472656,43.63999938964844,49.2400016784668,42.755001068115234,54.5099983215332,32.60499954223633,15.244000434875488
2022-08-16,20.826980590820312,39.94499969482422,48.0099983215332,22.889999389648438,46.994998931884766,44.209999084472656,50.02000045776367,43.84000015258789,55.33000183105469,33.380001068115234,15.654000282287598
2022-08-17,20.565290451049805,39.904998779296875,47.525001525878906,22.709999084472656,46.77000045776367,43.8849983215332,49.380001068115234,43.92499923706055,54.810001373291016,33.275001525878906,15.461999893188477
2022-08-18,20.595815658569336,41.060001373291016,47.790000915527344,22.829999923706055,46.6349983215332,44.095001220703125,49.77000045776367,44.01499938964844,55.459999084472656,33.435001373291016,15.461999893188477
2022-08-19,20.227252960205078,41.560001373291016,47.1349983215332,22.584999084472656,47.01499938964844,43.84000015258789,49.290000915527344,44.25,54.84000015258789,33.5,15.461999893188477
2022-08-22,19.919754028320312,41.91999816894531,46.439998626708984,22.454999923706055,47.255001068115234,43.599998474121094,49.165000915527344,44.39500045776367,54.060001373291016,33.57500076293945,15.461999893188477
2022-08-23,19.68204689025879,43.290000915527344,46.189998626708984,22.299999237060547,46.310001373291016,43.2599983215332,49.52000045776367,43.779998779296875,53.599998474121094,33.150001525878906,15.461999893188477
2022-08-24,19.760557174682617,43.28499984741211,46.755001068115234,22.344999313354492,46.54499816894531,43.4900016784668,49.619998931884766,44.025001525878906,53.779998779296875,33.150001525878906,15.064000129699707
2022-08-25,19.79762840270996,43.810001373291016,46.66999816894531,22.524999618530273,46.57500076293945,43.68000030517578,50.11000061035156,43.939998626708984,54.0099983215332,33.26499938964844,15.133999824523926
2022-08-26,19.640607833862305,43.459999084472656,45.70500183105469,22.184999465942383,46.209999084472656,43.040000915527344,49.40999984741211,43.43000030517578,53.040000915527344,33.08000183105469,14.824000358581543
2022-08-29,19.640607833862305,44.11000061035156,44.84000015258789,21.889999389648438,45.279998779296875,42.28499984741211,48.80500030517578,42.904998779296875,51.380001068115234,32.814998626708984,14.824000358581543
2022-08-30,19.34619903564453,42.42499923706055,44.4900016784668,21.735000610351562,44.9900016784668,41.8650016784668,47.834999084472656,42.6349983215332,50.75,32.45500183105469,14.46399974822998
2022-08-31,19.213167190551758,41.93000030517578,44.02000045776367,21.6299991607666,44.63999938964844,41.47999954223633,47.2599983215332,42.32500076293945,50.45000076293945,32.064998626708984,14.489999771118164
2022-09-01,18.777002334594727,41.334999084472656,43.540000915527344,21.485000610351562,44.880001068115234,41.130001068115234,46.29499816894531,42.380001068115234,49.44499969482422,32.279998779296875,14.460000038146973
2022-09-02,19.121572494506836,42.084999084472656,44.6349983215332,21.875,45.2599983215332,41.654998779296875,47.165000915527344,42.55500030517578,50.56999969482422,32.44499969482422,14.616000175476074
2022-09-05,18.831520080566406,42.959999084472656,44.17499923706055,21.68000030517578,44.9900016784668,41.40999984741211,46.95000076293945,42.29999923706055,50.0099983215332,32.310001373291016,14.616000175476074
2022-09-06,18.866411209106445,42.04499816894531,44.0099983215332,21.639999389648438,45.19499969482422,41.279998779296875,46.939998626708984,42.279998779296875,49.86000061035156,32.3849983215332,14.319999694824219
2022-09-07,19.001625061035156,40.8849983215332,44.34000015258789,21.575000762939453,45.060001373291016,41.29999923706055,46.880001068115234,42.125,49.65999984741211,32.810001373291016,14.357999801635742
2022-09-08,19.176090240478516,41.06999969482422,45.1150016784668,21.9950008392334,45.900001525878906,41.73500061035156,47.52000045776367,42.279998779296875,50.4900016784668,33.064998626708984,14.357999801635742
2022-09-09,19.39199447631836,41.505001068115234,45.59000015258789,22.19499969482422,46.20500183105469,42.084999084472656,48.375,42.3650016784668,50.939998626708984,32.96500015258789,14.607999801635742
2022-09-12,19.634069442749023,42.275001525878906,46.07500076293945,22.350000381469727,46.29999923706055,42.314998626708984,48.81999969482422,42.584999084472656,51.31999969482422,32.98500061035156,14.621999740600586
2022-09-13,19.069232940673828,42.04999923706055,46.07500076293945,22.06999969482422,46.29999923706055,42.314998626708984,48.81999969482422,42.584999084472656,51.31999969482422,32.98500061035156,14.621999740600586
2022-09-14,18.755191802978516,42.8650016784668,46.07500076293945,21.875,46.29999923706055,42.314998626708984,48.81999969482422,42.584999084472656,51.31999969482422,32.98500061035156,14.621999740600586
2022-09-15,18.694128036499023,42.025001525878906,46.07500076293945,21.959999084472656,46.29999923706055,42.314998626708984,48.81999969482422,42.584999084472656,51.31999969482422,32.98500061035156,14.621999740600586
2022-09-16,18.38226890563965,40.904998779296875,46.07500076293945,21.625,46.29999923706055,42.314998626708984,48.81999969482422,42.584999084472656,51.31999969482422,32.98500061035156,14.621999740600586
2022-09-19,18.38226890563965,40.72999954223633,46.07500076293945,21.735000610351562,46.29999923706055,42.314998626708984,48.81999969482422,42.584999084472656,51.31999969482422,32.98500061035156,14.621999740600586
2022-09-20,18.103126525878906,40.529998779296875,46.07500076293945,21.6299991607666,46.29999923706055,42.314998626708984,48.81999969482422,42.584999084472656,51.31999969482422,32.98500061035156,14.621999740600586
2022-09-21,18.131471633911133,41.41999816894531,44.54499816894531,21.84000015258789,44.900001525878906,40.474998474121094,46.28499984741211,41.90999984741211,49.060001373291016,32.31999969482422,13.843999862670898
2022-09-22,17.597169876098633,41.10499954223633,43.029998779296875,21.295000076293945,44.290000915527344,39.53499984741211,45.45500183105469,41.55500030517578,47.61000061035156,31.774999618530273,13.644000053405762
2022-09-23,17.291851043701172,38.54999923706055,42.345001220703125,20.950000762939453,44.255001068115234,39.04999923706055,44.32500076293945,41.26499938964844,47.46500015258789,31.5049991607666,13.539999961853027
2022-09-26,16.873130798339844,38.28499984741211,42.70000076293945,20.920000076293945,44.404998779296875,39.04999923706055,44.15999984741211,41.474998474121094,47.869998931884766,31.225000381469727,13.508000373840332
2022-09-27,16.620149612426758,38.564998626708984,42.91999816894531,20.799999237060547,44.584999084472656,39.05500030517578,44.41999816894531,41.375,48.0099983215332,30.68000030517578,13.534000396728516
2022-09-28,16.709564208984375,38.96500015258789,43.220001220703125,20.81999969482422,45.1349983215332,39.19499969482422,44.85499954223633,41.07500076293945,47.67499923706055,30.725000381469727,13.60200023651123
2022-09-29,16.49802589416504,38.72999954223633,41.845001220703125,20.375,44.29499816894531,38.375,44.125,40.415000915527344,46.25,29.684999465942383,13.241999626159668
2022-09-30,16.78153419494629,39.2400016784668,41.880001068115234,20.56999969482422,44.599998474121094,38.595001220703125,44.915000915527344,40.32500076293945,46.630001068115234,29.34000015258789,13.359999656677246
2022-10-03,16.997434616088867,40.435001373291016,41.20500183105469,20.610000610351562,44.334999084472656,38.875,45.52000045776367,39.97999954223633,46.290000915527344,29.65999984741211,13.300000190734863
2022-10-04,17.29839515686035,41.439998626708984,42.494998931884766,21.145000457763672,44.900001525878906,39.779998779296875,46.61000061035156,40.29499816894531,47.540000915527344,29.700000762939453,13.505999565124512
2022-10-05,16.792436599731445,42.505001068115234,41.790000915527344,21.104999542236328,45.154998779296875,39.7599983215332,46.275001525878906,40.2400016784668,47.525001525878906,29.415000915527344,13.380000114440918
2022-10-06,16.814247131347656,42.959999084472656,42.45000076293945,21.075000762939453,45.345001220703125,39.8849983215332,46.27000045776367,40.29499816894531,48.47999954223633,29.065000534057617,13.654000282287598
2022-10-07,16.441322326660156,43.7599983215332,41.30500030517578,20.709999084472656,44.744998931884766,39.10499954223633,45.564998626708984,39.84000015258789,46.685001373291016,28.575000762939453,13.345999717712402
2022-10-10,16.251588821411133,42.630001068115234,41.099998474121094,20.690000534057617,44.5099983215332,39.369998931884766,45.85499954223633,39.92499923706055,45.935001373291016,28.6299991607666,13.326000213623047
2022-10-11,16.205793380737305,42.29999923706055,40.994998931884766,20.469999313354492,44.66999816894531,39.18000030517578,45.345001220703125,40.189998626708984,45.275001525878906,28.28499984741211,13.173999786376953
2022-10-12,16.16217803955078,42.01499938964844,40.82500076293945,20.385000228881836,44.77000045776367,39.09000015258789,44.974998474121094,40.53499984741211,45.16999816894531,27.895000457763672,13.173999786376953
2022-10-13,16.112016677856445,43.415000915527344,40.58000183105469,20.584999084472656,44.52000045776367,39.005001068115234,45.30500030517578,40.1150016784668,45.220001220703125,27.424999237060547,13.083999633789062
2022-10-14,16.24504852294922,42.845001220703125,40.56999969482422,20.799999237060547,45.03499984741211,39.04499816894531,44.970001220703125,40.369998931884766,45.38999938964844,27.850000381469727,13.206000328063965
2022-10-17,16.561267852783203,42.78499984741211,41.0,21.024999618530273,45.209999084472656,39.415000915527344,45.369998931884766,40.3849983215332,45.73500061035156,28.360000610351562,13.345999717712402
2022-10-18,16.64414405822754,42.1349983215332,41.28499984741211,21.079999923706055,45.41999816894531,39.77000045776367,45.46500015258789,40.470001220703125,45.915000915527344,28.360000610351562,13.343999862670898
2022-10-19,16.360631942749023,43.5,41.26499938964844,21.15999984741211,45.029998779296875,39.95500183105469,45.564998626708984,40.54499816894531,46.29499816894531,28.31999969482422,13.513999938964844
2022-10-20,16.43498992919922,44.20500183105469,41.150001525878906,21.05500030517578,44.880001068115234,39.6349983215332,45.63999938964844,40.185001373291016,46.755001068115234,27.8799991607666,13.513999938964844
2022-10-21,16.21227264404297,44.529998779296875,40.77000045776367,20.989999771118164,44.875,39.4900016784668,45.849998474121094,40.084999084472656,46.42499923706055,27.8700008392334,13.260000228881836
2022-10-24,16.35560417175293,44.744998931884766,40.900001525878906,21.229999542236328,45.709999084472656,40.099998474121094,46.125,40.494998931884766,47.244998931884766,28.09000015258789,13.458000183105469
2022-10-25,16.8649959564209,44.29499816894531,41.900001525878906,21.334999084472656,45.744998931884766,40.43000030517578,46.33000183105469,40.709999084472656,48.04499816894531,28.5049991607666,13.637999534606934
2022-10-26,17.105358123779297,44.80500030517578,41.97999954223633,21.459999084472656,46.224998474121094,40.8650016784668,46.95000076293945,40.81999969482422,47.689998626708984,28.405000686645508,13.416000366210938
2022-10-27,17.140640258789062,45.81999969482422,41.97999954223633,21.635000228881836,46.095001220703125,41.10499954223633,46.849998474121094,41.0099983215332,46.959999084472656,28.915000915527344,12.986000061035156
2022-10-28,17.129615783691406,45.349998474121094,40.810001373291016,21.760000228881836,46.650001525878906,41.375,46.369998931884766,41.54999923706055,48.380001068115234,29.204999923706055,13.050000190734863
2022-10-31,17.22002410888672,46.04999923706055,41.400001525878906,22.020000457763672,47.15999984741211,41.77000045776367,46.584999084472656,41.88999938964844,48.58000183105469,29.3799991607666,13.118000030517578
2022-11-01,17.303821563720703,46.98500061035156,41.255001068115234,22.1200008392334,47.07500076293945,41.84000015258789,47.040000915527344,41.849998474121094,48.095001220703125,29.635000228881836,13.052000045776367
2022-11-02,17.142845153808594,46.689998626708984,40.76499938964844,22.06999969482422,47.22999954223633,41.849998474121094,46.68000030517578,41.630001068115234,47.54499816894531,29.665000915527344,12.857999801635742
2022-11-03,16.80104637145996,47.33000183105469,40.20000076293945,21.969999313354492,46.93000030517578,41.915000915527344,46.16999816894531,41.459999084472656,46.154998779296875,29.6299991607666,12.588000297546387
2022-11-04,16.99509620666504,46.849998474121094,40.03499984741211,22.03499984741211,46.279998779296875,41.709999084472656,47.22999954223633,41.28499984741211,45.14500045776367,29.264999389648438,12.378000259399414
2022-11-07,17.147258758544922,47.61000061035156,39.654998779296875,22.079999923706055,46.439998626708984,41.95500183105469,47.564998626708984,41.334999084472656,45.54499816894531,28.959999084472656,12.503999710083008
2022-11-08,17.347923278808594,46.96500015258789,39.849998474121094,22.264999389648438,46.685001373291016,42.38999938964844,48.4900016784668,41.540000915527344,46.47999954223633,29.030000686645508,12.63599967956543
2022-11-09,17.31484603881836,45.94499969482422,39.244998931884766,22.06999969482422,46.7599983215332,42.20000076293945,48.07500076293945,41.494998931884766,45.564998626708984,29.165000915527344,12.447999954223633
2022-11-10,18.128549575805664,45.57500076293945,40.744998931884766,22.540000915527344,46.79499816894531,43.18000030517578,49.38999938964844,41.630001068115234,47.494998931884766,29.815000534057617,12.78600025177002
2022-11-11,18.280704498291016,45.89500045776367,40.92499923706055,22.510000228881836,45.5,42.849998474121094,49.959999084472656,40.935001373291016,47.959999084472656,29.19499969482422,12.807999610900879
2022-11-14,18.09546661376953,46.41999816894531,40.75,22.479999542236328,45.970001220703125,42.76499938964844,50.02000045776367,41.220001220703125,48.095001220703125,29.190000534057617,12.890000343322754
2022-11-15,18.14398193359375,46.02000045776367,41.36000061035156,22.5,45.8849983215332,42.79499816894531,50.0099983215332,41.16999816894531,49.165000915527344,29.125,13.095999717712402
2022-11-16,18.02490234375,45.76499938964844,40.5,22.19499969482422,45.60499954223633,42.43000030517578,49.369998931884766,41.244998931884766,47.81999969482422,29.389999389648438,12.925999641418457
2022-11-17,17.79115867614746,45.029998779296875,40.0099983215332,22.165000915527344,45.505001068115234,42.11000061035156,48.61000061035156,41.28499984741211,47.744998931884766,29.06999969482422,12.847999572753906
2022-11-18,17.996240615844727,45.154998779296875,40.130001068115234,22.395000457763672,46.029998779296875,42.72999954223633,49.18000030517578,41.71500015258789,47.95000076293945,29.459999084472656,12.87399959564209
2022-11-21,17.932289123535156,43.849998474121094,40.04499816894531,22.479999542236328,46.650001525878906,43.005001068115234,49.03499984741211,42.415000915527344,48.025001525878906,29.80500030517578,12.949999809265137
2022-11-22,18.082242965698242,46.040000915527344,40.2599983215332,22.655000686645508,46.70000076293945,43.32500076293945,49.97999954223633,42.58000183105469,48.14500045776367,29.985000610351562,12.88599967956543
2022-11-23,18.152801513671875,45.59000015258789,40.6349983215332,22.670000076293945,46.65999984741211,43.44499969482422,50.25,42.650001525878906,48.73500061035156,29.90999984741211,13.01200008392334
2022-11-24,18.32040023803711,45.529998779296875,40.720001220703125,22.684999465942383,46.63999938964844,43.40999984741211,50.540000915527344,42.599998474121094,48.7400016784668,30.135000228881836,13.01200008392334
2022-11-25,18.29172706604004,45.779998779296875,40.53499984741211,22.7450008392334,46.8849983215332,43.51499938964844,50.36000061035156,42.58000183105469,48.314998626708984,30.2549991607666,12.986000061035156
2022-11-28,18.14177703857422,44.81999969482422,40.53499984741211,22.530000686645508,46.80500030517578,43.150001525878906,49.84000015258789,42.65999984741211,47.69499969482422,30.020000457763672,12.86400032043457
2022-11-29,18.060190200805664,45.19499969482422,40.310001373291016,22.545000076293945,46.54999923706055,42.90999984741211,49.939998626708984,42.349998474121094,46.994998931884766,29.770000457763672,12.746000289916992
2022-11-30,18.069011688232422,45.56999969482422,40.595001220703125,22.55500030517578,46.875,43.08000183105469,50.38999938964844,42.53499984741211,47.31999969482422,30.014999389648438,12.88599967956543
2022-12-01,18.463727951049805,45.064998626708984,41.10499954223633,22.575000762939453,47.255001068115234,43.23500061035156,50.7400016784668,42.57500076293945,48.560001373291016,30.260000228881836,13.185999870300293
2022-12-02,18.36669921875,44.529998779296875,40.88999938964844,22.44499969482422,47.224998474121094,43.310001373291016,50.86000061035156,42.68000030517578,48.189998626708984,29.989999771118164,13.131999969482422
2022-12-05,18.302757263183594,43.95000076293945,40.29999923706055,22.149999618530273,47.040000915527344,42.974998474121094,50.5,42.29499816894531,47.78499984741211,29.969999313354492,13.088000297546387
2022-12-06,18.15059471130371,42.90999984741211,39.59000015258789,21.96500015258789,46.51499938964844,42.439998626708984,50.08000183105469,42.13999938964844,46.834999084472656,29.8799991607666,12.736000061035156
2022-12-07,18.121932983398438,42.150001525878906,39.345001220703125,21.875,46.779998779296875,42.415000915527344,49.959999084472656,42.07500076293945,46.23500061035156,30.09000015258789,12.60200023651123
2022-12-08,18.29172706604004,41.935001373291016,39.345001220703125,21.795000076293945,46.9900016784668,42.38999938964844,49.97999954223633,42.0,46.79499816894531,29.8799991607666,12.60200023651123
2022-12-09,18.34023666381836,41.69499969482422,39.67499923706055,21.895000457763672,47.04999923706055,42.595001220703125,50.380001068115234,42.07500076293945,47.19499969482422,30.03499984741211,12.642000198364258
2022-12-12,18.166032791137695,41.79999923706055,39.369998931884766,21.850000381469727,46.935001373291016,42.53499984741211,49.619998931884766,41.91999816894531,47.1150016784668,30.1200008392334,12.642000198364258
2022-12-13,18.61808967590332,42.529998779296875,39.630001068115234,22.010000228881836,47.03499984741211,42.8650016784668,50.209999084472656,41.92499923706055,48.23500061035156,30.219999313354492,12.642000198364258
2022-12-14,18.774658203125,42.290000915527344,39.54999923706055,21.94499969482422,47.310001373291016,42.98500061035156,50.02000045776367,42.09000015258789,48.119998931884766,30.559999465942383,12.751999855041504
2022-12-15,18.256446838378906,41.15999984741211,38.220001220703125,21.2450008392334,46.20000076293945,41.53499984741211,48.275001525878906,40.959999084472656,45.810001373291016,29.770000457763672,12.211999893188477
2022-12-16,17.901416778564453,40.974998474121094,37.915000915527344,21.18000030517578,45.64500045776367,41.310001373291016,47.98500061035156,40.95500183105469,45.060001373291016,29.260000228881836,12.13599967956543
2022-12-19,17.79998207092285,41.439998626708984,37.58000183105469,21.18000030517578,45.564998626708984,41.415000915527344,47.98500061035156,41.15999984741211,44.584999084472656,29.440000534057617,12.03600025177002
2022-12-20,17.636798858642578,41.709999084472656,37.064998626708984,21.315000534057617,45.310001373291016,41.154998779296875,47.84000015258789,40.88999938964844,44.23500061035156,29.260000228881836,11.904000282287598
2022-12-21,17.892595291137695,42.459999084472656,37.625,21.674999237060547,46.07500076293945,41.76499938964844,48.665000915527344,41.53499984741211,45.31999969482422,29.68000030517578,12.163999557495117
2022-12-22,17.6853084564209,42.10499954223633,36.81999969482422,21.434999465942383,45.82500076293945,41.290000915527344,47.869998931884766,41.209999084472656,43.935001373291016,29.540000915527344,11.97599983215332
2022-12-23,17.76469612121582,42.66999816894531,36.72999954223633,21.584999084472656,45.790000915527344,41.349998474121094,48.18000030517578,41.21500015258789,43.84000015258789,29.6200008392334,11.97599983215332
2022-12-27,17.76469612121582,43.165000915527344,36.755001068115234,21.614999771118164,45.67499923706055,41.595001220703125,48.45000076293945,41.39500045776367,43.625,29.709999084472656,11.97599983215332
2022-12-28,17.769105911254883,42.564998626708984,36.43000030517578,21.565000534057617,45.685001373291016,41.42499923706055,48.18000030517578,41.345001220703125,43.29499816894531,29.774999618530273,11.911999702453613
2022-12-29,17.899208068847656,42.46500015258789,36.94499969482422,21.65999984741211,45.86000061035156,41.474998474121094,48.224998474121094,41.19499969482422,43.904998779296875,29.799999237060547,12.097999572753906
2022-12-30,17.897003173828125,42.31999969482422,36.5,21.584999084472656,45.2400016784668,41.029998779296875,47.58000183105469,40.744998931884766,43.35499954223633,29.4950008392334,12.097999572753906
2023-01-02,17.897003173828125,43.380001068115234,37.59000015258789,21.9950008392334,46.27000045776367,41.9900016784668,48.67499923706055,41.40999984741211,44.79999923706055,29.959999084472656,12.3100004196167
2023-01-03,17.868335723876953,42.334999084472656,37.165000915527344,21.94499969482422,45.904998779296875,41.790000915527344,48.404998779296875,41.14500045776367,43.85499954223633,29.625,12.300000190734863
2023-01-04,18.223369598388672,41.560001373291016,37.654998779296875,22.334999084472656,45.994998931884766,41.96500015258789,48.78499984741211,41.400001525878906,44.084999084472656,30.05500030517578,12.442000389099121
2023-01-05,17.813209533691406,42.165000915527344,37.53499984741211,22.184999465942383,45.77000045776367,41.875,48.75,41.2599983215332,43.665000915527344,29.690000534057617,12.418000221252441
2023-01-06,18.04254722595215,43.005001068115234,37.935001373291016,22.405000686645508,45.875,41.875,50.029998779296875,41.790000915527344,43.849998474121094,30.010000228881836,12.494000434875488
2023-01-09,18.35126495361328,42.68000030517578,38.540000915527344,22.424999237060547,45.435001373291016,42.67499923706055,50.58000183105469,41.71500015258789,45.07500076293945,29.899999618530273,12.60200023651123
2023-01-10,18.126338958740234,42.1150016784668,38.154998779296875,22.264999389648438,45.1349983215332,42.13999938964844,49.9900016784668,41.15999984741211,44.30500030517578,29.645000457763672,12.510000228881836
2023-01-11,18.56296157836914,42.650001525878906,39.0099983215332,22.389999389648438,44.9900016784668,42.380001068115234,50.58000183105469,41.05500030517578,44.95500183105469,29.93000030517578,12.510000228881836
2023-01-12,18.847421646118164,43.2400016784668,39.04999923706055,22.524999618530273,44.94499969482422,42.630001068115234,50.83000183105469,40.915000915527344,45.125,29.9950008392334,12.723999977111816
2023-01-13,18.865066528320312,43.30500030517578,39.18000030517578,22.635000228881836,45.32500076293945,42.65999984741211,50.97999954223633,40.94499969482422,45.22999954223633,29.71500015258789,12.71399974822998
2023-01-16,18.968708038330078,43.20000076293945,39.540000915527344,22.729999542236328,45.404998779296875,42.869998931884766,51.11000061035156,41.20000076293945,45.54999923706055,29.799999237060547,12.71399974822998
2023-01-17,19.015018463134766,43.494998931884766,39.665000915527344,22.69499969482422,45.39500045776367,42.935001373291016,51.150001525878906,41.43000030517578,45.7599983215332,29.915000915527344,12.729999542236328
2023-01-18,18.920194625854492,43.564998626708984,39.66999816894531,22.540000915527344,45.07500076293945,42.79499816894531,51.40999984741211,40.709999084472656,45.744998931884766,29.514999389648438,12.699999809265137
2023-01-19,18.760671615600586,42.654998779296875,38.75,22.170000076293945,44.8650016784668,41.8849983215332,50.459999084472656,40.48500061035156,44.83000183105469,29.094999313354492,12.675999641418457
2023-01-20,18.796222686767578,43.41999816894531,39.13999938964844,22.350000381469727,44.69499969482422,42.0099983215332,51.08000183105469,40.20000076293945,45.244998931884766,28.924999237060547,13.013999938964844
2023-01-23,19.098384857177734,43.70000076293945,39.72999954223633,22.594999313354492,45.029998779296875,42.505001068115234,51.29999923706055,40.44499969482422,46.79499816894531,29.165000915527344,13.260000228881836
2023-01-24,19.22280502319336,42.9900016784668,39.92499923706055,22.655000686645508,44.52000045776367,42.619998931884766,51.290000915527344,40.31999969482422,46.70000076293945,29.104999542236328,13.260000228881836
2023-01-25,19.133934020996094,42.7599983215332,39.54499816894531,22.59000015258789,44.349998474121094,42.22999954223633,51.290000915527344,40.150001525878906,46.005001068115234,28.850000381469727,13.052000045776367
2023-01-26,19.240575790405273,43.630001068115234,40.369998931884766,22.854999542236328,44.505001068115234,42.4900016784668,51.560001373291016,40.185001373291016,46.81999969482422,29.030000686645508,13.234000205993652
2023-01-27,19.384992599487305,43.939998626708984,41.125,23.030000686645508,44.505001068115234,42.81999969482422,51.709999084472656,40.084999084472656,47.5099983215332,29.0049991607666,13.446000099182129
2023-01-30,19.460529327392578,43.244998931884766,41.040000915527344,22.975000381469727,44.34000015258789,42.71500015258789,51.75,40.290000915527344,47.05500030517578,29.06999969482422,13.446000099182129
2023-01-31,19.360551834106445,43.06999969482422,41.26499938964844,22.924999237060547,44.189998626708984,42.630001068115234,51.720001220703125,40.38999938964844,47.095001220703125,28.78499984741211,13.345999717712402
2023-02-01,19.413877487182617,42.404998779296875,41.02000045776367,22.940000534057617,44.16999816894531,42.7400016784668,51.54999923706055,40.404998779296875,47.23500061035156,28.889999389648438,13.3100004196167
2023-02-02,20.127063751220703,41.61000061035156,43.029998779296875,23.100000381469727,44.01499938964844,43.54499816894531,51.849998474121094,40.404998779296875,49.459999084472656,29.270000457763672,13.3100004196167
2023-02-03,19.738250732421875,41.8650016784668,42.89500045776367,23.225000381469727,44.61000061035156,43.71500015258789,51.7599983215332,40.42499923706055,50.22999954223633,28.68000030517578,14.251999855041504
2023-02-06,19.527185440063477,41.78499984741211,42.435001373291016,23.145000457763672,44.71500015258789,43.709999084472656,51.279998779296875,40.73500061035156,49.665000915527344,28.68000030517578,14.043999671936035
2023-02-07,19.338333129882812,42.60499954223633,42.08000183105469,23.350000381469727,44.630001068115234,43.46500015258789,51.459999084472656,40.525001525878906,49.78499984741211,28.979999542236328,14.133999824523926
2023-02-08,19.447202682495117,42.814998626708984,42.06999969482422,23.459999084472656,44.93000030517578,43.54999923706055,51.5099983215332,40.44499969482422,49.96500015258789,28.825000762939453,13.748000144958496
2023-02-09,19.442758560180664,42.9900016784668,42.494998931884766,23.399999618530273,44.86000061035156,43.75,51.279998779296875,40.369998931884766,50.13999938964844,28.684999465942383,13.619999885559082
2023-02-10,19.231689453125,44.084999084472656,41.775001525878906,23.315000534057617,44.900001525878906,43.71500015258789,50.689998626708984,40.52000045776367,49.380001068115234,28.8799991607666,13.522000312805176
2023-02-13,19.360551834106445,43.95000076293945,42.04499816894531,23.450000762939453,45.08000183105469,44.01499938964844,50.97999954223633,40.96500015258789,50.060001373291016,29.05500030517578,13.505999565124512
2023-02-14,19.253910064697266,44.029998779296875,42.04999923706055,23.364999771118164,44.84000015258789,43.685001373291016,50.75,40.834999084472656,49.91999816894531,28.934999465942383,13.446000099182129
2023-02-15,19.125043869018555,43.625,42.89500045776367,23.399999618530273,45.060001373291016,44.1349983215332,51.029998779296875,40.939998626708984,50.459999084472656,29.06999969482422,13.704000473022461
2023-02-16,19.16725730895996,43.720001220703125,43.084999084472656,23.40999984741211,44.71500015258789,44.095001220703125,51.310001373291016,40.82500076293945,50.45000076293945,29.014999389648438,13.72599983215332
2023-02-17,18.991737365722656,42.45000076293945,42.095001220703125,23.2450008392334,44.7400016784668,43.92499923706055,50.689998626708984,40.92499923706055,49.20000076293945,29.219999313354492,13.477999687194824
2023-02-20,19.049503326416016,42.06999969482422,42.345001220703125,23.280000686645508,44.79499816894531,43.939998626708984,51.09000015258789,41.05500030517578,49.209999084472656,29.209999084472656,13.581999778747559
2023-02-21,18.831769943237305,42.11000061035156,41.61000061035156,23.045000076293945,44.665000915527344,43.474998474121094,50.70000076293945,41.08000183105469,48.43000030517578,29.1299991607666,13.355999946594238
2023-02-22,18.756229400634766,41.79499816894531,41.584999084472656,23.03499984741211,44.625,43.529998779296875,50.33000183105469,41.39500045776367,48.345001220703125,29.09000015258789,13.350000381469727
2023-02-23,18.711795806884766,42.23500061035156,41.38999938964844,23.030000686645508,44.599998474121094,43.54999923706055,50.08000183105469,41.150001525878906,48.720001220703125,28.924999237060547,13.241999626159668
2023-02-24,18.569597244262695,42.314998626708984,41.10499954223633,23.014999389648438,44.369998931884766,43.380001068115234,49.44499969482422,40.97999954223633,48.5,28.795000076293945,13.154000282287598
2023-02-27,18.665138244628906,42.65999984741211,41.529998779296875,23.19499969482422,44.21500015258789,43.790000915527344,50.099998474121094,41.05500030517578,48.73500061035156,29.014999389648438,13.199999809265137
2023-02-28,18.776222229003906,42.39500045776367,41.51499938964844,23.204999923706055,43.755001068115234,43.689998626708984,50.290000915527344,40.68000030517578,48.6349983215332,28.610000610351562,13.229999542236328
2023-03-01,18.267436981201172,42.39500045776367,40.834999084472656,22.96500015258789,43.224998474121094,43.540000915527344,50.619998931884766,40.01499938964844,47.900001525878906,27.709999084472656,13.0600004196167
2023-03-02,18.338537216186523,43.025001525878906,40.82500076293945,22.860000610351562,43.61000061035156,43.79499816894531,51.130001068115234,40.63999938964844,48.08000183105469,28.010000228881836,13.105999946594238
2023-03-03,18.649587631225586,43.36000061035156,40.82500076293945,23.155000686645508,44.025001525878906,44.46500015258789,51.97999954223633,40.790000915527344,49.279998779296875,28.475000381469727,13.105999946594238
2023-03-06,18.802885055541992,43.2400016784668,41.904998779296875,23.2450008392334,43.974998474121094,44.4900016784668,51.2400016784668,40.56999969482422,50.119998931884766,28.559999465942383,13.586000442504883
2023-03-07,18.43629264831543,43.1349983215332,41.63999938964844,23.014999389648438,43.849998474121094,44.404998779296875,50.529998779296875,40.57500076293945,49.6150016784668,28.475000381469727,13.515999794006348
2023-03-08,18.49628257751465,42.720001220703125,41.415000915527344,22.94499969482422,43.57500076293945,44.35499954223633,50.7599983215332,40.63999938964844,49.779998779296875,28.674999237060547,13.550000190734863
2023-03-09,18.32742691040039,42.89500045776367,41.435001373291016,22.600000381469727,43.584999084472656,44.5099983215332,50.369998931884766,40.685001373291016,50.22999954223633,28.690000534057617,13.491999626159668
2023-03-10,17.951948165893555,42.23500061035156,40.58000183105469,21.940000534057617,42.90999984741211,43.46500015258789,49.435001373291016,40.185001373291016,48.6349983215332,28.270000457763672,13.131999969482422
2023-03-13,17.76976203918457,40.435001373291016,39.724998474121094,20.764999389648438,42.78499984741211,42.33000183105469,48.25,40.084999084472656,48.07500076293945,28.344999313354492,12.973999977111816
2023-03-14,18.02082061767578,41.10499954223633,40.15999984741211,21.059999465942383,42.845001220703125,42.959999084472656,48.88999938964844,40.150001525878906,48.86000061035156,28.540000915527344,13.184000015258789
2023-03-15,17.629789352416992,38.52000045776367,39.96500015258789,20.479999542236328,43.15999984741211,41.94499969482422,47.42499923706055,40.47999954223633,49.04499816894531,28.93000030517578,13.37600040435791
2023-03-16,17.72754669189453,38.3849983215332,40.790000915527344,20.729999542236328,43.45500183105469,42.56999969482422,47.709999084472656,40.73500061035156,50.209999084472656,29.09000015258789,13.37600040435791
2023-03-17,17.509811401367188,38.29999923706055,40.11000061035156,20.274999618530273,43.150001525878906,41.900001525878906,47.46500015258789,40.45500183105469,50.22999954223633,28.704999923706055,13.657999992370605
2023-03-20,17.552024841308594,38.71500015258789,40.14500045776367,20.34000015258789,43.185001373291016,42.16999816894531,48.06999969482422,40.56999969482422,49.915000915527344,28.825000762939453,13.616000175476074
2023-03-21,17.578689575195312,39.599998474121094,40.814998626708984,20.809999465942383,43.21500015258789,42.57500076293945,48.119998931884766,40.415000915527344,50.09000015258789,28.260000228881836,13.802000045776367
2023-03-22,17.307636260986328,39.6349983215332,40.86000061035156,20.700000762939453,43.34000015258789,42.5099983215332,48.150001525878906,40.755001068115234,50.52000045776367,28.2450008392334,13.802000045776367
2023-03-23,17.240976333618164,38.810001373291016,40.525001525878906,20.309999465942383,42.834999084472656,42.095001220703125,47.935001373291016,40.314998626708984,50.650001525878906,27.954999923706055,13.855999946594238
2023-03-24,17.021018981933594,38.40999984741211,40.09000015258789,20.100000381469727,43.17499923706055,41.724998474121094,47.72999954223633,40.814998626708984,50.31999969482422,28.06999969482422,13.854000091552734
2023-03-27,17.32096290588379,38.88999938964844,40.435001373291016,20.389999389648438,43.7400016784668,42.17499923706055,47.970001220703125,41.1349983215332,50.540000915527344,28.485000610351562,13.845999717712402
2023-03-28,17.25208854675293,39.654998779296875,40.255001068115234,20.395000457763672,43.494998931884766,42.279998779296875,48.27000045776367,41.084999084472656,49.724998474121094,28.56999969482422,13.628000259399414
2023-03-29,17.44538116455078,40.084999084472656,40.71500015258789,20.6200008392334,43.369998931884766,42.63999938964844,48.810001373291016,41.25,50.61000061035156,28.729999542236328,13.741999626159668
2023-03-30,17.78087043762207,40.17499923706055,41.17499923706055,20.690000534057617,43.38999938964844,42.88999938964844,49.1349983215332,41.16999816894531,51.18000030517578,28.915000915527344,13.71399974822998
2023-03-31,17.898622512817383,40.505001068115234,41.834999084472656,20.81999969482422,43.91999816894531,43.3650016784668,49.775001525878906,41.560001373291016,51.720001220703125,29.049999237060547,13.946000099182129
2023-04-03,18.06525421142578,42.13999938964844,41.69499969482422,20.84000015258789,44.17499923706055,43.25,49.73500061035156,41.69499969482422,51.63999938964844,28.975000381469727,13.97599983215332
2023-04-04,17.978607177734375,41.3650016784668,41.46500015258789,20.639999389648438,44.15999984741211,42.73500061035156,49.19499969482422,41.53499984741211,51.529998779296875,28.8799991607666,14.027999877929688
2023-04-05,17.916397094726562,41.6349983215332,41.005001068115234,20.645000457763672,44.8650016784668,42.19499969482422,48.814998626708984,41.94499969482422,50.75,29.540000915527344,14.01200008392334
2023-04-06,17.907508850097656,41.744998931884766,40.71500015258789,20.764999389648438,45.064998626708984,41.98500061035156,48.69499969482422,41.90999984741211,50.7599983215332,29.729999542236328,14.119999885559082
2023-04-11,18.063034057617188,42.17499923706055,41.20500183105469,20.985000610351562,45.290000915527344,42.599998474121094,49.810001373291016,42.005001068115234,50.72999954223633,29.854999542236328,14.157999992370605
2023-04-12,18.158573150634766,42.099998474121094,40.724998474121094,20.899999618530273,45.165000915527344,42.650001525878906,49.66999816894531,41.7400016784668,50.470001220703125,29.844999313354492,14.02400016784668
2023-04-13,17.938615798950195,42.029998779296875,40.915000915527344,20.8700008392334,45.2400016784668,42.43000030517578,49.630001068115234,41.45000076293945,50.5099983215332,29.290000915527344,14.097999572753906
2023-04-14,17.898622512817383,42.27000045776367,41.275001525878906,21.19499969482422,45.25,42.79499816894531,49.709999084472656,41.66999816894531,50.81999969482422,29.350000381469727,14.182000160217285
2023-04-17,18.029708862304688,42.189998626708984,41.584999084472656,21.264999389648438,45.439998626708984,43.23500061035156,50.11000061035156,42.09000015258789,51.13999938964844,29.625,14.13599967956543
2023-04-18,18.089696884155273,42.084999084472656,41.744998931884766,21.420000076293945,45.20000076293945,43.349998474121094,50.43000030517578,41.93000030517578,51.25,29.399999618530273,14.104000091552734
2023-04-19,18.087474822998047,41.790000915527344,41.665000915527344,21.540000915527344,45.22999954223633,43.20000076293945,50.25,42.165000915527344,51.02000045776367,29.649999618530273,13.998000144958496
2023-04-20,18.058591842651367,41.310001373291016,41.41999816894531,21.469999313354492,45.04499816894531,43.33000183105469,50.13999938964844,42.26499938964844,50.93000030517578,29.610000610351562,13.923999786376953
2023-04-21,18.034149169921875,41.349998474121094,41.564998626708984,21.315000534057617,45.34000015258789,43.189998626708984,49.310001373291016,42.48500061035156,50.630001068115234,29.700000762939453,13.902000427246094
2023-04-24,17.985271453857422,41.6150016784668,41.26499938964844,21.25,45.470001220703125,43.18000030517578,49.21500015258789,42.525001525878906,50.11000061035156,29.709999084472656,13.817999839782715
2023-04-25,17.960834503173828,41.095001220703125,41.349998474121094,21.125,45.58000183105469,43.0,48.724998474121094,42.79999923706055,49.95000076293945,29.81999969482422,13.842000007629395
2023-04-26,18.00971221923828,40.98500061035156,40.845001220703125,20.854999542236328,44.459999084472656,42.220001220703125,48.2599983215332,42.334999084472656,50.060001373291016,29.395000457763672,13.723999977111816
2023-04-27,18.021474838256836,40.560001373291016,41.255001068115234,20.979999542236328,44.275001525878906,42.39500045776367,48.244998931884766,42.375,50.41999816894531,29.44499969482422,14.163999557495117
2023-04-28,18.35146713256836,41.415000915527344,41.279998779296875,21.139999389648438,44.779998779296875,42.95500183105469,48.7599983215332,42.584999084472656,50.81999969482422,29.6200008392334,14.131999969482422
2023-05-02,17.880050659179688,39.29499816894531,40.96500015258789,20.709999084472656,44.8650016784668,42.63999938964844,48.04499816894531,42.415000915527344,50.849998474121094,29.290000915527344,14.022000312805176
2023-05-03,18.057395935058594,38.650001525878906,41.17499923706055,20.684999465942383,45.005001068115234,42.93000030517578,48.43000030517578,42.52000045776367,50.68000030517578,29.299999237060547,14.026000022888184
2023-05-04,18.043922424316406,38.540000915527344,40.994998931884766,20.280000686645508,44.810001373291016,42.54499816894531,48.20500183105469,42.44499969482422,50.5099983215332,29.469999313354492,13.92199993133545
2023-05-05,18.337997436523438,39.54999923706055,41.415000915527344,20.725000381469727,45.10499954223633,42.904998779296875,48.92499923706055,42.70000076293945,51.529998779296875,29.575000762939453,13.904000282287598
2023-05-08,18.337997436523438,39.8650016784668,41.505001068115234,20.8799991607666,45.150001525878906,43.029998779296875,49.125,42.650001525878906,51.59000015258789,29.635000228881836,14.064000129699707
2023-05-09,18.140451431274414,39.720001220703125,41.76499938964844,20.889999389648438,45.209999084472656,43.334999084472656,48.96500015258789,42.790000915527344,51.720001220703125,29.68000030517578,14.175999641418457
2023-05-10,18.302078247070312,39.46500015258789,41.869998931884766,20.780000686645508,44.98500061035156,43.19499969482422,48.650001525878906,42.38999938964844,52.02000045776367,29.799999237060547,14.15999984741211
2023-05-11,18.08657455444336,39.19499969482422,42.209999084472656,20.795000076293945,45.040000915527344,43.16999816894531,48.32500076293945,42.59000015258789,52.06999969482422,29.739999771118164,14.609999656677246
2023-05-12,18.00351333618164,39.40999984741211,42.334999084472656,20.850000381469727,45.32500076293945,43.43000030517578,48.51499938964844,42.845001220703125,52.20000076293945,29.959999084472656,14.621999740600586
2023-05-15,18.124736785888672,39.47999954223633,42.290000915527344,21.0049991607666,45.26499938964844,43.56999969482422,48.875,42.8849983215332,52.47999954223633,29.735000610351562,14.680000305175781
2023-05-16,17.918209075927734,38.79999923706055,42.369998931884766,20.899999618530273,45.084999084472656,43.36000061035156,48.540000915527344,42.779998779296875,52.91999816894531,29.4950008392334,14.708000183105469
2023-05-17,17.78801155090332,39.125,42.810001373291016,21.06999969482422,44.790000915527344,43.665000915527344,48.564998626708984,42.439998626708984,53.119998931884766,29.21500015258789,14.78600025177002
2023-05-18,17.75433921813965,39.470001220703125,43.44499969482422,21.2549991607666,45.14500045776367,44.19499969482422,48.814998626708984,42.52000045776367,54.70000076293945,29.065000534057617,15.076000213623047
2023-05-19,17.734134674072266,39.77000045776367,43.209999084472656,21.25,45.42499923706055,44.23500061035156,49.02000045776367,42.494998931884766,54.58000183105469,29.149999618530273,15.116000175476074
2023-05-22,17.78127670288086,39.93000030517578,43.244998931884766,21.350000381469727,45.51499938964844,44.314998626708984,48.93000030517578,42.21500015258789,54.86000061035156,29.104999542236328,15.241999626159668
2023-05-23,17.855356216430664,40.47999954223633,43.09000015258789,21.469999313354492,45.290000915527344,44.05500030517578,48.470001220703125,42.05500030517578,54.63999938964844,29.184999465942383,15.199999809265137
2023-05-24,17.475982666015625,40.44499969482422,42.31999969482422,21.014999389648438,44.779998779296875,43.29999923706055,47.57500076293945,41.70500183105469,53.619998931884766,28.94499969482422,14.934000015258789
2023-05-25,17.233539581298828,39.5099983215332,42.3650016784668,20.920000076293945,44.3650016784668,43.2400016784668,47.2400016784668,41.529998779296875,55.630001068115234,28.53499984741211,15.071999549865723
2023-05-26,17.37496566772461,39.61000061035156,43.22999954223633,21.165000915527344,44.6150016784668,43.779998779296875,47.75,41.72999954223633,57.099998474121094,28.514999389648438,15.140000343322754
2023-05-29,17.37496566772461,39.68000030517578,43.23500061035156,21.239999771118164,44.61000061035156,43.8650016784668,47.82500076293945,41.779998779296875,57.45000076293945,28.690000534057617,15.276000022888184
2023-05-30,17.516386032104492,38.939998626708984,43.16999816894531,21.06999969482422,44.1349983215332,43.625,47.25,41.06999969482422,57.77000045776367,28.68000030517578,15.23799991607666
2023-05-31,17.460269927978516,38.654998779296875,42.56999969482422,20.899999618530273,44.244998931884766,43.185001373291016,46.869998931884766,41.189998626708984,57.38999938964844,28.665000915527344,15.23799991607666
2023-06-01,17.594955444335938,38.95500183105469,42.56999969482422,21.084999084472656,44.244998931884766,43.185001373291016,46.869998931884766,41.189998626708984,57.38999938964844,28.665000915527344,15.23799991607666
2023-06-02,18.016984939575195,39.84000015258789,44.2599983215332,21.565000534057617,45.119998931884766,44.619998931884766,48.8650016784668,41.564998626708984,58.130001068115234,28.920000076293945,15.362000465393066
2023-06-05,17.965354919433594,39.915000915527344,44.35499954223633,21.485000610351562,45.32500076293945,44.63999938964844,48.83000183105469,41.564998626708984,58.36000061035156,29.05500030517578,15.565999984741211
2023-06-06,18.050657272338867,40.09000015258789,44.58000183105469,21.709999084472656,45.29499816894531,44.959999084472656,49.15999984741211,41.470001220703125,57.869998931884766,29.149999618530273,15.581999778747559
2023-06-07,18.1539249420166,40.90999984741211,44.625,21.719999313354492,44.95000076293945,45.064998626708984,49.36000061035156,41.28499984741211,57.56999969482422,29.15999984741211,15.434000015258789
2023-06-08,18.135961532592773,40.56999969482422,44.54499816894531,21.579999923706055,44.814998626708984,44.994998931884766,49.07500076293945,41.064998626708984,57.13999938964844,29.114999771118164,15.263999938964844
2023-06-09,18.131471633911133,40.57500076293945,44.89500045776367,21.670000076293945,45.06999969482422,45.02000045776367,48.959999084472656,41.209999084472656,57.63999938964844,29.270000457763672,15.3100004196167
2023-06-12,18.06637191772461,40.095001220703125,45.27000045776367,21.579999923706055,45.01499938964844,45.25,48.95500183105469,41.14500045776367,58.290000915527344,29.280000686645508,15.333999633789062
2023-06-13,18.144943237304688,40.64500045776367,45.900001525878906,21.799999237060547,45.16999816894531,45.834999084472656,49.869998931884766,41.2400016784668,59.06999969482422,29.075000762939453,15.496000289916992
2023-06-14,18.26167106628418,40.0099983215332,45.994998931884766,21.81999969482422,44.7400016784668,45.904998779296875,50.279998779296875,41.400001525878906,59.2599983215332,29.219999313354492,15.472000122070312
2023-06-15,18.227998733520508,40.095001220703125,45.595001220703125,21.639999389648438,44.70500183105469,45.69499969482422,49.939998626708984,41.31999969482422,59.34000015258789,28.979999542236328,15.411999702453613
2023-06-16,18.320035934448242,39.904998779296875,45.8650016784668,21.739999771118164,45.11000061035156,45.869998931884766,50.040000915527344,41.65999984741211,59.400001525878906,29.34000015258789,15.460000038146973
2023-06-19,18.189836502075195,39.880001068115234,45.5,21.684999465942383,44.63999938964844,45.599998474121094,49.54499816894531,41.3650016784668,58.93000030517578,29.110000610351562,15.357999801635742
2023-06-20,18.025964736938477,39.064998626708984,45.4900016784668,21.545000076293945,44.724998474121094,45.35499954223633,48.90999984741211,41.279998779296875,58.720001220703125,29.19499969482422,15.291999816894531
2023-06-21,17.94739532470703,39.630001068115234,45.2400016784668,21.524999618530273,44.72999954223633,45.435001373291016,48.845001220703125,41.22999954223633,57.7400016784668,28.979999542236328,15.107999801635742
2023-06-22,17.644346237182617,38.96500015258789,45.38999938964844,21.274999618530273,44.67499923706055,45.22999954223633,48.400001525878906,41.255001068115234,57.970001220703125,28.850000381469727,15.074000358581543
2023-06-23,17.44904327392578,38.720001220703125,45.21500015258789,21.25,44.900001525878906,44.935001373291016,48.18000030517578,41.46500015258789,57.79999923706055,28.854999542236328,15.196000099182129
2023-06-26,17.5725040435791,39.185001373291016,45.08000183105469,21.200000762939453,44.43000030517578,44.92499923706055,48.470001220703125,41.16999816894531,57.709999084472656,28.684999465942383,15.156000137329102
2023-06-27,17.846378326416016,39.040000915527344,45.09000015258789,21.280000686645508,44.060001373291016,45.20000076293945,48.685001373291016,41.119998931884766,57.56999969482422,28.760000228881836,15.104000091552734
2023-06-28,17.9069881439209,39.28499984741211,45.79999923706055,21.364999771118164,44.29499816894531,45.52000045776367,48.810001373291016,41.18000030517578,58.4900016784668,28.735000610351562,15.29800033569336
2023-06-29,17.814952850341797,39.55500030517578,45.82500076293945,21.635000228881836,44.505001068115234,45.67499923706055,48.974998474121094,41.244998931884766,58.7599983215332,28.65999984741211,15.314000129699707
2023-06-30,17.94964027404785,40.14500045776367,46.36000061035156,21.809999465942383,44.869998931884766,46.060001373291016,49.459999084472656,41.5,59.43000030517578,28.71500015258789,15.392000198364258
2023-07-03,18.31330108642578,40.564998626708984,46.709999084472656,21.975000381469727,44.3650016784668,46.10499954223633,49.994998931884766,41.72999954223633,59.2400016784668,29.049999237060547,15.368000030517578
2023-07-04,18.436767578125,40.58000183105469,46.66999816894531,22.010000228881836,44.474998474121094,46.01499938964844,49.915000915527344,41.744998931884766,59.45000076293945,29.100000381469727,15.418000221252441
2023-07-05,18.40085220336914,40.2400016784668,46.625,21.969999313354492,44.630001068115234,45.88999938964844,49.38999938964844,41.724998474121094,59.29999923706055,29.225000381469727,15.604000091552734
2023-07-06,17.963109970092773,39.05500030517578,45.744998931884766,21.5049991607666,44.084999084472656,45.11000061035156,48.0,41.459999084472656,58.5099983215332,28.875,15.345999717712402
2023-07-07,18.106779098510742,39.56999969482422,45.88999938964844,21.594999313354492,43.46500015258789,45.22999954223633,48.60499954223633,41.029998779296875,58.5,28.559999465942383,15.34000015258789
2023-07-10,18.06861686706543,39.66999816894531,45.619998931884766,21.584999084472656,43.5,45.334999084472656,48.349998474121094,40.880001068115234,58.08000183105469,28.190000534057617,15.152000427246094
2023-07-11,18.30881118774414,40.314998626708984,45.95000076293945,21.719999313354492,43.494998931884766,45.724998474121094,48.81999969482422,40.790000915527344,58.06999969482422,28.329999923706055,15.255999565124512
2023-07-12,18.703903198242188,40.474998474121094,46.2599983215332,21.885000228881836,43.310001373291016,45.8849983215332,49.60499954223633,40.7599983215332,58.43000030517578,28.524999618530273,15.378000259399414
2023-07-13,18.712881088256836,40.29499816894531,46.279998779296875,21.854999542236328,43.04999923706055,45.68000030517578,49.935001373291016,40.54999923706055,58.720001220703125,28.655000686645508,15.557999610900879
2023-07-14,18.726350784301758,39.369998931884766,46.380001068115234,21.704999923706055,43.275001525878906,45.380001068115234,49.55500030517578,40.55500030517578,59.20000076293945,28.514999389648438,15.498000144958496
2023-07-17,18.72410774230957,39.095001220703125,46.275001525878906,21.84000015258789,43.25,45.5099983215332,49.255001068115234,40.54499816894531,59.15999984741211,28.395000457763672,15.329999923706055
2023-07-18,18.616355895996094,39.685001373291016,46.3650016784668,22.065000534057617,43.70000076293945,45.90999984741211,49.810001373291016,40.69499969482422,59.279998779296875,28.274999618530273,15.357999801635742
2023-07-19,18.798187255859375,39.939998626708984,46.88999938964844,22.21500015258789,43.88999938964844,45.834999084472656,49.67499923706055,40.755001068115234,60.36000061035156,28.354999542236328,15.592000007629395
2023-07-20,18.77798080444336,40.28499984741211,46.189998626708984,22.344999313354492,44.724998474121094,46.189998626708984,49.97999954223633,41.154998779296875,59.650001525878906,28.709999084472656,15.355999946594238
2023-07-21,18.930633544921875,40.814998626708984,46.130001068115234,22.434999465942383,45.15999984741211,46.275001525878906,49.75,41.42499923706055,59.369998931884766,29.260000228881836,15.251999855041504
2023-07-24,18.93736457824707,41.7400016784668,46.26499938964844,22.600000381469727,45.310001373291016,46.470001220703125,50.11000061035156,41.56999969482422,59.380001068115234,29.3799991607666,15.333999633789062
2023-07-25,18.966541290283203,41.72999954223633,46.345001220703125,22.649999618530273,45.25,46.494998931884766,51.279998779296875,41.744998931884766,60.02000045776367,29.43000030517578,15.324000358581543
2023-07-26,18.9957332611084,41.619998931884766,45.994998931884766,22.6299991607666,45.01499938964844,46.56999969482422,50.849998474121094,41.81999969482422,59.13999938964844,29.540000915527344,15.586000442504883
2023-07-27,18.798433303833008,41.880001068115234,47.099998474121094,22.799999237060547,45.41999816894531,47.01499938964844,51.400001525878906,42.15999984741211,60.560001373291016,29.375,16.121999740600586
2023-07-28,18.725934982299805,41.4900016784668,46.915000915527344,22.739999771118164,45.1349983215332,47.005001068115234,51.16999816894531,42.185001373291016,60.36000061035156,29.174999237060547,16.166000366210938
2023-07-31,18.780303955078125,42.29999923706055,47.05500030517578,22.7450008392334,44.97999954223633,47.025001525878906,51.380001068115234,41.8650016784668,60.43000030517578,29.075000762939453,16.18600082397461
2023-08-01,18.578664779663086,41.970001220703125,46.875,22.649999618530273,44.959999084472656,46.92499923706055,51.04999923706055,41.7599983215332,60.81999969482422,28.985000610351562,16.163999557495117
2023-08-02,18.411001205444336,41.47999954223633,46.13999938964844,22.434999465942383,45.04499816894531,46.724998474121094,50.369998931884766,41.88999938964844,59.560001373291016,28.655000686645508,15.857999801635742
2023-08-03,18.18669319152832,42.189998626708984,45.95000076293945,22.420000076293945,44.654998779296875,46.30500030517578,50.15999984741211,41.63999938964844,59.18000030517578,28.15999984741211,15.831999778747559
2023-08-04,18.424596786499023,42.39500045776367,46.8849983215332,22.43000030517578,44.38999938964844,46.20000076293945,50.20000076293945,41.31999969482422,58.470001220703125,27.985000610351562,15.777999877929688
2023-08-07,18.433656692504883,42.209999084472656,46.3849983215332,22.559999465942383,44.665000915527344,46.369998931884766,50.06999969482422,41.38999938964844,57.77000045776367,27.90999984741211,15.77400016784668
2023-08-08,18.216150283813477,42.06999969482422,46.349998474121094,22.264999389648438,45.380001068115234,46.154998779296875,49.540000915527344,41.349998474121094,57.470001220703125,27.860000610351562,15.77400016784668
2023-08-09,18.27279281616211,43.099998474121094,45.9900016784668,22.309999465942383,45.459999084472656,46.19499969482422,49.68000030517578,41.42499923706055,56.83000183105469,28.09000015258789,15.65999984741211
2023-08-10,18.442724227905273,43.150001525878906,46.42499923706055,22.454999923706055,45.57500076293945,46.23500061035156,49.775001525878906,41.619998931884766,57.060001373291016,28.100000381469727,15.815999984741211
2023-08-11,18.216150283813477,43.52000045776367,46.0,22.3700008392334,45.47999954223633,46.06999969482422,49.474998474121094,41.40999984741211,56.41999816894531,28.065000534057617,15.661999702453613
2023-08-14,18.09153938293457,43.38999938964844,46.125,22.395000457763672,45.82500076293945,46.224998474121094,49.2400016784668,41.599998474121094,57.38999938964844,27.9950008392334,15.831999778747559
2023-08-15,17.930667877197266,42.849998474121094,46.125,22.079999923706055,45.82500076293945,46.224998474121094,49.2400016784668,41.599998474121094,57.38999938964844,27.9950008392334,15.831999778747559
2023-08-16,17.86496925354004,42.89500045776367,45.560001373291016,22.059999465942383,45.58000183105469,45.72999954223633,48.48500061035156,41.244998931884766,57.29999923706055,27.790000915527344,15.645999908447266
2023-08-17,17.792465209960938,43.27000045776367,45.084999084472656,21.959999084472656,45.3849983215332,45.30500030517578,48.529998779296875,40.95000076293945,56.5,27.790000915527344,15.595999717712402
2023-08-18,17.6112117767334,43.20500183105469,44.3849983215332,21.854999542236328,45.11000061035156,45.08000183105469,48.06999969482422,40.849998474121094,56.040000915527344,27.774999618530273,15.293999671936035
2023-08-21,17.38917350769043,43.119998931884766,44.57500076293945,21.704999923706055,45.040000915527344,44.845001220703125,47.94499969482422,40.60499954223633,56.720001220703125,27.5,15.307999610900879
2023-08-22,17.51378631591797,43.27000045776367,45.165000915527344,21.774999618530273,45.28499984741211,45.209999084472656,48.400001525878906,40.60499954223633,57.900001525878906,27.700000762939453,15.569999694824219
2023-08-23,17.740354537963867,42.685001373291016,45.28499984741211,21.84000015258789,45.435001373291016,45.47999954223633,48.67499923706055,40.78499984741211,58.689998626708984,27.895000457763672,15.569999694824219
2023-08-24,17.862699508666992,42.82500076293945,44.93000030517578,21.915000915527344,45.35499954223633,45.380001068115234,48.48500061035156,40.92499923706055,58.08000183105469,28.114999771118164,15.637999534606934
2023-08-25,17.77433967590332,43.06999969482422,44.939998626708984,21.985000610351562,45.435001373291016,45.39500045776367,48.47999954223633,41.07500076293945,57.77000045776367,28.260000228881836,15.458000183105469
2023-08-28,17.77433967590332,43.459999084472656,45.35499954223633,22.125,45.58000183105469,45.959999084472656,48.970001220703125,41.125,58.27000045776367,28.209999084472656,15.458000183105469
2023-08-29,18.00996971130371,43.3650016784668,45.915000915527344,22.219999313354492,45.60499954223633,46.05500030517578,49.31999969482422,41.125,59.34000015258789,28.225000381469727,15.458000183105469
2023-08-30,18.136852264404297,43.5,45.904998779296875,22.200000762939453,45.58000183105469,46.060001373291016,49.39500045776367,41.07500076293945,59.47999954223633,27.94499969482422,15.458000183105469
2023-08-31,18.195756912231445,43.744998931884766,46.599998474121094,22.280000686645508,45.67499923706055,46.439998626708984,49.849998474121094,41.224998474121094,60.41999816894531,28.1200008392334,16.149999618530273
2023-09-01,18.130054473876953,44.625,46.505001068115234,22.489999771118164,45.69499969482422,46.619998931884766,50.36000061035156,41.09000015258789,60.720001220703125,27.979999542236328,16.104000091552734
2023-09-04,18.0598201751709,44.67499923706055,46.70500183105469,22.5,45.665000915527344,46.625,50.40999984741211,40.96500015258789,60.810001373291016,27.844999313354492,16.082000732421875
2023-09-05,17.996379852294922,45.474998474121094,46.76499938964844,22.53499984741211,45.810001373291016,46.619998931884766,50.20000076293945,41.005001068115234,61.31999969482422,27.579999923706055,16.224000930786133
2023-09-06,17.858173370361328,45.13999938964844,46.31999969482422,22.325000762939453,45.279998779296875,46.310001373291016,49.82500076293945,40.76499938964844,60.68000030517578,27.655000686645508,16.16200065612793
2023-09-07,17.923877716064453,45.35499954223633,46.220001220703125,22.329999923706055,45.67499923706055,46.20000076293945,49.45000076293945,40.90999984741211,59.630001068115234,28.114999771118164,16.20400047302246
2023-09-08,17.975984573364258,45.75,46.709999084472656,22.31999969482422,45.64500045776367,46.09000015258789,49.42499923706055,40.904998779296875,60.040000915527344,28.1299991607666,16.20400047302246
2023-09-11,17.901220321655273,45.21500015258789,47.20000076293945,22.46500015258789,45.724998474121094,45.8650016784668,49.724998474121094,41.125,59.630001068115234,28.200000762939453,16.302000045776367
2023-09-12,17.89215850830078,45.845001220703125,47.21500015258789,22.625,45.724998474121094,45.935001373291016,49.57500076293945,41.040000915527344,59.209999084472656,28.200000762939453,16.26799964904785
2023-09-13,17.896686553955078,45.709999084472656,47.41999816894531,22.704999923706055,45.744998931884766,45.71500015258789,49.34000015258789,40.94499969482422,59.150001525878906,28.364999771118164,16.26799964904785
2023-09-14,18.055288314819336,46.58000183105469,47.41999816894531,22.979999542236328,46.165000915527344,46.21500015258789,50.40999984741211,41.404998779296875,59.84000015258789,29.024999618530273,16.516000747680664
2023-09-15,18.03036880493164,46.41999816894531,47.744998931884766,22.979999542236328,46.05500030517578,46.22999954223633,50.689998626708984,41.42499923706055,58.849998474121094,29.100000381469727,16.4060001373291
2023-09-18,17.90801429748535,46.34000015258789,47.15999984741211,22.864999771118164,45.665000915527344,46.19499969482422,50.099998474121094,41.16999816894531,58.810001373291016,28.934999465942383,16.38800048828125
2023-09-19,17.84004783630371,46.314998626708984,46.654998779296875,22.875,45.400001525878906,45.88999938964844,49.94499969482422,41.095001220703125,58.40999984741211,28.934999465942383,16.284000396728516
2023-09-20,18.043956756591797,45.974998474121094,46.82500076293945,23.010000228881836,45.775001525878906,46.154998779296875,50.2400016784668,41.310001373291016,58.459999084472656,29.020000457763672,16.236000061035156
2023-09-21,17.559101104736328,45.46500015258789,45.66999816894531,22.68000030517578,45.310001373291016,45.275001525878906,49.040000915527344,41.060001373291016,57.349998474121094,28.75,15.96399974822998
2023-09-22,17.445816040039062,45.47999954223633,45.7400016784668,22.600000381469727,45.310001373291016,45.16999816894531,49.1349983215332,40.869998931884766,57.66999816894531,28.59000015258789,15.96399974822998
2023-09-25,17.205652236938477,45.875,45.3650016784668,22.524999618530273,45.41999816894531,45.27000045776367,49.07500076293945,40.689998626708984,57.77000045776367,28.389999389648438,15.96399974822998
2023-09-26,16.997211456298828,45.84000015258789,44.880001068115234,22.389999389648438,45.36000061035156,44.8849983215332,48.7400016784668,40.404998779296875,56.91999816894531,28.229999542236328,15.857999801635742
2023-09-27,16.890724182128906,46.84000015258789,44.775001525878906,22.434999465942383,45.30500030517578,45.20500183105469,48.7599983215332,40.29499816894531,57.209999084472656,27.6299991607666,16.013999938964844
2023-09-28,16.91337776184082,47.09000015258789,44.810001373291016,22.520000457763672,45.28499984741211,45.400001525878906,49.084999084472656,40.1150016784668,57.380001068115234,27.05500030517578,16.013999938964844
2023-09-29,17.09916877746582,46.244998931884766,45.220001220703125,22.479999542236328,45.2599983215332,45.2599983215332,49.33000183105469,40.209999084472656,57.939998626708984,27.15999984741211,16.1200008392334
2023-10-02,16.852205276489258,45.38999938964844,45.529998779296875,22.280000686645508,45.04499816894531,45.02000045776367,48.650001525878906,40.02000045776367,58.72999954223633,26.21500015258789,16.29199981689453
2023-10-03,16.419458389282227,45.119998931884766,44.470001220703125,21.94499969482422,44.79499816894531,44.5,48.185001373291016,39.939998626708984,57.900001525878906,25.850000381469727,16.101999282836914
2023-10-04,16.464773178100586,43.89500045776367,44.48500061035156,21.81999969482422,44.68000030517578,44.17499923706055,48.01499938964844,39.79499816894531,57.95000076293945,25.899999618530273,16.101999282836914
2023-10-05,16.607511520385742,43.779998779296875,44.404998779296875,21.94499969482422,44.73500061035156,44.14500045776367,47.85499954223633,39.689998626708984,57.77000045776367,25.934999465942383,16.055999755859375
2023-10-06,16.67774772644043,43.60499954223633,44.29999923706055,22.149999618530273,45.099998474121094,44.334999084472656,48.189998626708984,38.8650016784668,58.41999816894531,25.81999969482422,16.191999435424805
2023-10-09,16.829545974731445,45.310001373291016,44.279998779296875,22.165000915527344,45.2599983215332,44.790000915527344,48.290000915527344,39.040000915527344,58.880001068115234,26.389999389648438,16.479999542236328
2023-10-10,17.103696823120117,45.47999954223633,45.55500030517578,22.424999237060547,45.61000061035156,45.54999923706055,49.19499969482422,39.63999938964844,59.75,26.760000228881836,16.649999618530273
2023-10-11,17.151275634765625,44.58000183105469,45.13999938964844,22.375,45.380001068115234,45.380001068115234,48.97999954223633,39.380001068115234,59.540000915527344,26.96500015258789,16.68199920654297
2023-10-12,17.062910079956055,45.380001068115234,45.48500061035156,22.454999923706055,45.68000030517578,45.65999984741211,49.0,39.25,60.720001220703125,26.9950008392334,16.738000869750977
2023-10-13,16.859004974365234,46.17499923706055,44.80500030517578,22.450000762939453,45.619998931884766,45.220001220703125,48.86000061035156,39.32500076293945,59.810001373291016,27.184999465942383,16.511999130249023
2023-10-16,17.00400733947754,46.29999923706055,45.10499954223633,22.524999618530273,45.900001525878906,45.375,49.33000183105469,39.6150016784668,60.0,27.274999618530273,16.577999114990234
2023-10-17,17.11049461364746,46.46500015258789,45.03499984741211,22.545000076293945,45.68000030517578,45.30500030517578,49.244998931884766,39.560001373291016,59.34000015258789,27.229999542236328,16.586000442504883
2023-10-18,16.77970314025879,47.084999084472656,44.63999938964844,22.389999389648438,45.470001220703125,44.625,48.57500076293945,39.814998626708984,59.150001525878906,27.06999969482422,16.601999282836914
2023-10-19,16.62361717224121,46.904998779296875,43.71500015258789,22.104999542236328,44.494998931884766,44.07500076293945,48.060001373291016,39.47999954223633,58.709999084472656,26.920000076293945,16.535999298095703
2023-10-20,16.36530113220215,46.23500061035156,42.70500183105469,21.635000228881836,44.44499969482422,43.29999923706055,47.154998779296875,39.314998626708984,57.119998931884766,26.7450008392334,16.20800018310547
2023-10-23,16.262432098388672,45.459999084472656,42.7599983215332,21.53499984741211,44.119998931884766,43.255001068115234,46.69499969482422,39.06999969482422,57.15999984741211,26.469999313354492,16.243999481201172
2023-10-24,16.27386474609375,45.095001220703125,43.220001220703125,21.55500030517578,44.32500076293945,43.275001525878906,47.130001068115234,39.380001068115234,57.540000915527344,26.899999618530273,16.531999588012695
2023-10-25,16.097843170166016,44.790000915527344,42.869998931884766,21.549999237060547,44.224998474121094,43.25,47.279998779296875,39.599998474121094,57.599998474121094,27.049999237060547,15.916000366210938
2023-10-26,16.10013198852539,44.79999923706055,42.2400016784668,21.579999923706055,43.85499954223633,43.095001220703125,47.375,39.625,56.380001068115234,27.049999237060547,15.51200008392334
2023-10-27,16.063552856445312,43.97999954223633,42.709999084472656,21.25,42.88999938964844,42.79999923706055,47.3849983215332,38.91999816894531,56.619998931884766,26.985000610351562,15.444000244140625
2023-10-30,15.90810775756836,43.814998626708984,42.415000915527344,21.31999969482422,42.755001068115234,42.72999954223633,47.3849983215332,39.084999084472656,56.38999938964844,26.905000686645508,15.59000015258789
2023-10-31,16.17099380493164,43.974998474121094,42.849998474121094,21.510000228881836,43.060001373291016,43.279998779296875,47.685001373291016,39.40999984741211,56.869998931884766,27.184999465942383,15.680000305175781
2023-11-01,16.301292419433594,44.400001525878906,43.42499923706055,21.75,43.474998474121094,43.4900016784668,47.67499923706055,39.650001525878906,57.91999816894531,27.479999542236328,15.887999534606934
2023-11-02,16.891075134277344,45.02000045776367,44.39500045776367,22.065000534057617,43.724998474121094,44.19499969482422,48.46500015258789,39.88999938964844,58.9900016784668,27.90999984741211,16.083999633789062
2023-11-03,17.444278717041016,44.275001525878906,44.82500076293945,22.30500030517578,43.85499954223633,44.40999984741211,48.845001220703125,39.83000183105469,59.20000076293945,28.05500030517578,16.194000244140625
2023-11-06,17.080812454223633,44.154998779296875,44.7400016784668,22.149999618530273,43.915000915527344,44.165000915527344,48.61000061035156,39.7599983215332,59.47999954223633,27.815000534057617,16.158000946044922
2023-11-07,16.909364700317383,43.040000915527344,45.150001525878906,22.209999084472656,44.09000015258789,44.25,48.09000015258789,39.939998626708984,60.59000015258789,27.760000228881836,16.158000946044922
2023-11-08,16.904788970947266,42.689998626708984,45.064998626708984,22.110000610351562,43.95500183105469,44.220001220703125,47.834999084472656,39.77000045776367,60.599998474121094,27.200000762939453,16.261999130249023
2023-11-09,16.92765235900879,42.76499938964844,44.869998931884766,22.235000610351562,43.599998474121094,44.689998626708984,48.26499938964844,39.77000045776367,61.189998626708984,27.440000534057617,16.408000946044922
2023-11-10,16.765344619750977,42.82500076293945,44.60499954223633,22.174999237060547,43.099998474121094,44.60499954223633,47.95000076293945,39.59000015258789,61.61000061035156,27.385000228881836,16.378000259399414
2023-11-13,16.77220344543457,43.28499984741211,45.08000183105469,22.34000015258789,43.48500061035156,44.834999084472656,48.22999954223633,39.775001525878906,61.869998931884766,27.19499969482422,16.510000228881836
2023-11-14,17.684310913085938,43.13999938964844,45.915000915527344,22.55500030517578,43.58000183105469,45.28499984741211,49.165000915527344,39.810001373291016,62.11000061035156,27.700000762939453,16.479999542236328
2023-11-15,17.67973518371582,43.23500061035156,46.099998474121094,22.579999923706055,43.380001068115234,45.525001525878906,49.41999816894531,39.81999969482422,62.560001373291016,27.684999465942383,16.479999542236328
2023-11-16,17.556297302246094,41.95000076293945,45.4900016784668,22.510000228881836,43.375,45.30500030517578,49.10499954223633,39.45000076293945,62.25,27.864999771118164,16.516000747680664
2023-11-17,17.535720825195312,42.79999923706055,45.779998779296875,22.690000534057617,43.48500061035156,45.61000061035156,49.40999984741211,39.29999923706055,62.34000015258789,27.854999542236328,16.496000289916992
2023-11-20,17.659160614013672,42.98500061035156,45.69499969482422,22.665000915527344,43.40999984741211,45.5099983215332,49.31999969482422,39.10499954223633,62.630001068115234,27.844999313354492,16.582000732421875
2023-11-21,17.579153060913086,42.810001373291016,45.52000045776367,22.729999542236328,43.75,45.54999923706055,49.66999816894531,39.415000915527344,62.43000030517578,27.704999923706055,16.604000091552734
2023-11-22,17.61115837097168,42.5,46.084999084472656,22.844999313354492,44.07500076293945,45.91999816894531,49.69499969482422,39.744998931884766,63.13999938964844,27.924999237060547,16.86400032043457
2023-11-23,17.654592514038086,42.75,45.98500061035156,22.84000015258789,44.130001068115234,45.86000061035156,49.65999984741211,39.69499969482422,63.0099983215332,27.954999923706055,16.82200050354004
2023-11-24,17.684310913085938,43.02000045776367,45.915000915527344,22.864999771118164,44.17499923706055,45.88999938964844,49.744998931884766,39.75,62.4900016784668,27.954999923706055,16.65999984741211
2023-11-27,17.7254581451416,42.57500076293945,46.0,22.770000457763672,43.97999954223633,45.744998931884766,49.4900016784668,39.779998779296875,62.61000061035156,28.03499984741211,16.68199920654297
2023-11-28,17.77117347717285,42.834999084472656,45.724998474121094,22.7450008392334,43.57500076293945,45.650001525878906,49.58000183105469,39.630001068115234,62.54999923706055,28.135000228881836,16.56800079345703
2023-11-29,17.88547706604004,42.494998931884766,45.970001220703125,22.8700008392334,43.60499954223633,45.685001373291016,49.650001525878906,39.44499969482422,62.79999923706055,27.979999542236328,16.503999710083008
2023-11-30,17.892333984375,42.525001525878906,45.974998474121094,23.1200008392334,44.17499923706055,46.119998931884766,50.04999923706055,39.665000915527344,62.720001220703125,28.1299991607666,16.40399932861328
2023-12-01,18.194082260131836,43.48500061035156,46.54999923706055,23.364999771118164,44.59000015258789,46.875,51.0,40.040000915527344,63.25,28.420000076293945,16.464000701904297
2023-12-04,18.301523208618164,43.48500061035156,46.584999084472656,23.364999771118164,44.875,46.9900016784668,50.560001373291016,40.349998474121094,62.54999923706055,28.665000915527344,16.33799934387207
2023-12-05,18.322099685668945,43.48500061035156,47.13999938964844,23.364999771118164,44.83000183105469,47.119998931884766,50.29999923706055,40.334999084472656,63.349998474121094,28.540000915527344,16.464000701904297
2023-12-06,18.488969802856445,43.48500061035156,47.369998931884766,23.364999771118164,44.98500061035156,47.470001220703125,50.63999938964844,40.10499954223633,63.459999084472656,28.84000015258789,16.531999588012695
2023-12-07,18.413537979125977,41.77000045776367,47.400001525878906,23.4950008392334,44.7599983215332,47.33000183105469,50.65999984741211,40.20500183105469,63.40999984741211,29.0,16.809999465942383
2023-12-08,18.31523895263672,42.209999084472656,47.70500183105469,23.674999237060547,44.900001525878906,47.33000183105469,50.810001373291016,40.23500061035156,64.2300033569336,28.924999237060547,16.854000091552734
2023-12-11,18.39753532409668,42.34000015258789,47.849998474121094,23.829999923706055,45.21500015258789,48.125,50.779998779296875,40.42499923706055,64.48999786376953,29.079999923706055,16.719999313354492
2023-12-12,18.45240020751953,41.65999984741211,47.619998931884766,23.809999465942383,45.21500015258789,48.040000915527344,50.709999084472656,40.31999969482422,64.87999725341797,28.885000228881836,16.724000930786133
2023-12-13,18.57355499267578,41.72999954223633,47.560001373291016,23.899999618530273,45.56999969482422,48.05500030517578,50.75,40.44499969482422,65.33999633789062,29.110000610351562,16.74799919128418
2023-12-14,19.613672256469727,42.28499984741211,47.90999984741211,24.030000686645508,45.290000915527344,48.31999969482422,51.93000030517578,40.13999938964844,64.61000061035156,29.3799991607666,16.555999755859375
2023-12-15,19.435367584228516,42.290000915527344,48.400001525878906,24.100000381469727,45.099998474121094,48.77000045776367,52.459999084472656,40.15999984741211,65.7300033569336,29.059999465942383,16.697999954223633
2023-12-18,19.325639724731445,42.880001068115234,48.584999084472656,24.094999313354492,45.275001525878906,48.57500076293945,52.41999816894531,40.39500045776367,65.30000305175781,28.78499984741211,16.892000198364258
2023-12-19,19.476512908935547,42.845001220703125,48.69499969482422,24.1299991607666,45.26499938964844,48.76499938964844,52.790000915527344,40.209999084472656,65.30999755859375,28.815000534057617,16.940000534057617
2023-12-20,19.53137969970703,43.220001220703125,48.814998626708984,24.184999465942383,45.310001373291016,48.880001068115234,52.84000015258789,40.095001220703125,65.51000213623047,28.729999542236328,17.176000595092773
2023-12-21,19.34849739074707,42.595001220703125,48.34000015258789,23.9950008392334,45.16999816894531,48.65999984741211,52.68000030517578,39.869998931884766,64.87000274658203,28.440000534057617,17.02400016784668
2023-12-22,19.449081420898438,42.8650016784668,48.17499923706055,24.125,45.3650016784668,48.869998931884766,53.0,40.125,65.04000091552734,28.704999923706055,17.08799934387207
2023-12-27,19.7073974609375,42.75,47.970001220703125,24.05500030517578,45.15999984741211,48.834999084472656,52.849998474121094,40.064998626708984,64.56999969482422,28.399999618530273,16.945999145507812
2023-12-28,19.75312042236328,42.41999816894531,48.060001373291016,24.204999923706055,45.540000915527344,48.959999084472656,53.040000915527344,40.26499938964844,65.08999633789062,28.56999969482422,17.06399917602539
2023-12-29,19.84455680847168,42.39500045776367,47.79499816894531,24.264999389648438,45.584999084472656,48.97999954223633,52.84000015258789,40.36000061035156,64.63999938964844,28.594999313354492,16.93199920654297
2024-01-02,19.65253448486328,43.01499938964844,47.95000076293945,24.329999923706055,46.494998931884766,49.1150016784668,52.9900016784668,40.83000183105469,63.91999816894531,28.96500015258789,16.95599937438965
2024-01-03,19.371360778808594,43.380001068115234,47.275001525878906,24.2450008392334,46.779998779296875,48.55500030517578,52.279998779296875,41.02000045776367,63.349998474121094,29.06999969482422,17.077999114990234
2024-01-04,19.362215042114258,43.30500030517578,47.07500076293945,24.3700008392334,47.099998474121094,48.69499969482422,52.20000076293945,40.88999938964844,62.93000030517578,29.31999969482422,17.010000228881836
2024-01-05,19.330209732055664,43.18000030517578,46.85499954223633,24.395000457763672,46.875,48.45000076293945,52.02000045776367,40.72999954223633,62.970001220703125,29.2549991607666,16.983999252319336
2024-01-08,19.460512161254883,42.119998931884766,47.095001220703125,24.350000381469727,46.845001220703125,48.380001068115234,51.869998931884766,40.744998931884766,63.720001220703125,29.274999618530273,17.079999923706055
2024-01-09,19.364501953125,42.11000061035156,47.380001068115234,24.3799991607666,47.540000915527344,48.584999084472656,51.61000061035156,40.959999084472656,64.55000305175781,29.395000457763672,17.29400062561035
2024-01-10,19.45136833190918,41.650001525878906,47.65999984741211,24.2549991607666,47.38999938964844,48.665000915527344,51.18000030517578,40.90999984741211,64.93000030517578,29.229999542236328,17.368000030517578
2024-01-11,19.27763557434082,41.689998626708984,47.5,24.084999084472656,47.26499938964844,48.525001525878906,50.900001525878906,40.720001220703125,64.83000183105469,28.719999313354492,17.29800033569336
2024-01-12,19.421648025512695,41.959999084472656,47.56999969482422,24.174999237060547,47.380001068115234,49.040000915527344,51.310001373291016,40.95000076293945,65.62000274658203,28.885000228881836,17.527999877929688
2024-01-15,19.41707992553711,42.06999969482422,47.505001068115234,24.184999465942383,47.400001525878906,49.06999969482422,51.25,40.98500061035156,65.7699966430664,28.920000076293945,17.52400016784668
2024-01-16,19.325639724731445,41.869998931884766,47.630001068115234,24.174999237060547,47.459999084472656,48.935001373291016,51.0099983215332,41.08000183105469,66.41999816894531,28.84000015258789,17.554000854492188
2024-01-17,18.843297958374023,41.2400016784668,47.125,24.06999969482422,47.400001525878906,48.6349983215332,50.220001220703125,41.005001068115234,65.94999694824219,28.475000381469727,17.43199920654297
2024-01-18,18.71197509765625,40.880001068115234,47.55500030517578,24.024999618530273,46.89500045776367,48.8849983215332,50.220001220703125,40.720001220703125,67.33999633789062,28.049999237060547,17.643999099731445
2024-01-19,18.794973373413086,40.875,47.5099983215332,24.174999237060547,47.1349983215332,48.89500045776367,50.04999923706055,40.63999938964844,68.0,27.969999313354492,17.77400016784668
2024-01-22,19.08086395263672,40.93000030517578,47.89500045776367,24.53499984741211,47.29499816894531,49.595001220703125,50.25,40.584999084472656,69.30999755859375,27.96500015258789,17.97599983215332
2024-01-23,18.873363494873047,41.375,47.875,24.579999923706055,47.255001068115234,49.4900016784668,50.56999969482422,40.84000015258789,69.41000366210938,27.940000534057617,18.073999404907227
2024-01-24,18.944835662841797,41.57500076293945,47.970001220703125,24.739999771118164,47.1150016784668,49.57500076293945,50.7400016784668,40.685001373291016,70.36000061035156,27.774999618530273,18.280000686645508
2024-01-25,18.907943725585938,41.95500183105469,47.654998779296875,24.78499984741211,46.79999923706055,49.709999084472656,50.939998626708984,40.66999816894531,71.22000122070312,27.93000030517578,18.56999969482422
2024-01-26,18.91947364807129,42.45000076293945,48.040000915527344,24.895000457763672,47.30500030517578,49.79499816894531,51.22999954223633,41.130001068115234,70.25,28.030000686645508,18.606000900268555
2024-01-29,18.93330955505371,42.869998931884766,48.400001525878906,24.969999313354492,47.59000015258789,49.93000030517578,51.36000061035156,41.40999984741211,70.22000122070312,28.174999237060547,18.690000534057617
2024-01-30,18.924087524414062,42.994998931884766,48.744998931884766,25.1200008392334,47.64500045776367,50.040000915527344,51.52000045776367,41.41999816894531,70.4000015258789,28.1299991607666,18.709999084472656
2024-01-31,19.055503845214844,42.959999084472656,48.380001068115234,25.219999313354492,47.904998779296875,50.040000915527344,51.58000183105469,41.564998626708984,69.02999877929688,28.420000076293945,18.243999481201172
2024-02-01,18.70736312866211,42.915000915527344,48.165000915527344,24.7549991607666,47.70000076293945,49.95500183105469,51.33000183105469,41.64500045776367,69.0199966430664,28.184999465942383,18.209999084472656
2024-02-02,18.67738914489746,42.83000183105469,49.45500183105469,25.104999542236328,48.119998931884766,50.630001068115234,51.31999969482422,41.93000030517578,70.58000183105469,28.25,18.92799949645996
2024-02-05,18.504472732543945,42.51499938964844,49.189998626708984,25.05500030517578,48.529998779296875,50.56999969482422,50.63999938964844,42.16999816894531,71.26000213623047,28.084999084472656,18.947999954223633
2024-02-06,18.672780990600586,42.974998474121094,49.64500045776367,25.1200008392334,48.64500045776367,50.91999816894531,51.029998779296875,42.154998779296875,71.1500015258789,27.895000457763672,18.923999786376953
2024-02-07,18.63819694519043,42.60499954223633,50.060001373291016,25.125,49.03499984741211,51.189998626708984,51.220001220703125,42.130001068115234,71.69999694824219,27.7549991607666,18.913999557495117
2024-02-08,18.670475006103516,42.7400016784668,50.31999969482422,25.0049991607666,48.53499984741211,51.040000915527344,50.790000915527344,42.040000915527344,72.4800033569336,27.454999923706055,19.027999877929688
2024-02-09,18.62897491455078,42.54499816894531,50.40999984741211,25.03499984741211,48.63999938964844,50.9900016784668,50.619998931884766,41.529998779296875,73.1500015258789,27.3799991607666,19.059999465942383
2024-02-12,18.836471557617188,42.84000015258789,50.91999816894531,25.385000228881836,48.625,51.36000061035156,51.310001373291016,41.70000076293945,73.66999816894531,27.625,19.280000686645508
2024-02-13,18.34539222717285,42.869998931884766,50.22999954223633,25.18000030517578,48.68000030517578,51.06999969482422,50.75,41.595001220703125,72.44000244140625,27.405000686645508,19.007999420166016
2024-02-14,18.437606811523438,42.650001525878906,50.13999938964844,25.2549991607666,48.79999923706055,51.380001068115234,50.779998779296875,41.48500061035156,72.33999633789062,27.604999542236328,19.062000274658203
2024-02-15,18.73733139038086,43.060001373291016,50.45000076293945,25.545000076293945,49.005001068115234,51.70000076293945,51.40999984741211,41.64500045776367,72.27999877929688,27.760000228881836,19.124000549316406
2024-02-16,18.82033348083496,43.53499984741211,50.7400016784668,25.670000076293945,49.435001373291016,52.04999923706055,52.130001068115234,41.720001220703125,72.44000244140625,27.8799991607666,18.974000930786133
2024-02-19,18.70505714416504,43.494998931884766,50.59000015258789,25.68000030517578,49.470001220703125,51.91999816894531,51.91999816894531,41.810001373291016,72.0,27.84000015258789,19.00200080871582
2024-02-20,18.718891143798828,43.05500030517578,50.04999923706055,25.594999313354492,49.15999984741211,51.70000076293945,51.720001220703125,42.01499938964844,70.30999755859375,27.915000915527344,18.860000610351562
2024-02-21,18.778831481933594,43.52000045776367,50.27000045776367,25.489999771118164,48.845001220703125,51.810001373291016,51.52000045776367,42.01499938964844,69.7699966430664,28.0,18.812000274658203
2024-02-22,18.84569549560547,43.66999816894531,51.040000915527344,25.795000076293945,49.42499923706055,52.349998474121094,51.93000030517578,41.834999084472656,72.61000061035156,27.834999084472656,19.06999969482422
2024-02-23,18.8249454498291,43.47999954223633,51.22999954223633,25.959999084472656,49.76499938964844,52.630001068115234,52.279998779296875,42.209999084472656,72.81999969482422,28.040000915527344,19.04199981689453
2024-02-26,18.68199920654297,43.470001220703125,51.2599983215332,25.8799991607666,49.6150016784668,52.56999969482422,51.849998474121094,41.9900016784668,72.87000274658203,27.540000915527344,18.777999877929688
2024-02-27,18.70044708251953,43.375,51.33000183105469,25.815000534057617,49.505001068115234,52.470001220703125,52.11000061035156,41.875,72.62999725341797,27.81999969482422,18.76799964904785
2024-02-28,18.640499114990234,43.185001373291016,51.5,25.9950008392334,49.095001220703125,52.77000045776367,52.02000045776367,41.709999084472656,72.56999969482422,27.834999084472656,18.739999771118164
2024-02-29,18.739641189575195,43.599998474121094,51.560001373291016,25.9950008392334,49.025001525878906,52.880001068115234,52.47999954223633,41.77000045776367,72.87999725341797,28.020000457763672,18.8439998626709
2024-03-01,18.843395233154297,44.154998779296875,51.939998626708984,26.020000457763672,49.2599983215332,52.97999954223633,52.900001525878906,41.57500076293945,74.05000305175781,27.770000457763672,18.983999252319336
2024-03-04,18.896421432495117,43.560001373291016,51.56999969482422,26.059999465942383,49.23500061035156,53.06999969482422,52.959999084472656,41.505001068115234,74.54000091552734,27.920000076293945,18.70599937438965
2024-03-05,18.965587615966797,43.8849983215332,50.88999938964844,26.135000228881836,48.970001220703125,52.97999954223633,52.79999923706055,41.630001068115234,72.94000244140625,28.389999389648438,18.56999969482422
2024-03-06,18.984027862548828,44.11000061035156,50.849998474121094,26.200000762939453,49.20500183105469,53.09000015258789,53.08000183105469,41.70000076293945,73.58999633789062,28.424999237060547,18.538000106811523
2024-03-07,18.984027862548828,44.07500076293945,50.810001373291016,26.18000030517578,49.52000045776367,53.119998931884766,53.66999816894531,41.834999084472656,74.33000183105469,28.614999771118164,18.695999145507812
2024-03-08,19.21919822692871,44.040000915527344,50.790000915527344,26.290000915527344,49.435001373291016,53.290000915527344,53.66999816894531,41.72999954223633,73.91000366210938,28.549999237060547,18.881999969482422
2024-03-11,19.17539405822754,44.125,50.400001525878906,26.204999923706055,49.290000915527344,52.65999984741211,53.40999984741211,41.834999084472656,72.81999969482422,28.55500030517578,18.802000045776367
2024-03-12,19.099308013916016,44.42499923706055,50.9900016784668,26.424999237060547,49.54999923706055,53.060001373291016,53.720001220703125,42.119998931884766,74.08999633789062,28.329999923706055,18.83799934387207
2024-03-13,19.15694808959961,45.02000045776367,51.02000045776367,26.53499984741211,49.459999084472656,53.130001068115234,54.2599983215332,42.19499969482422,73.43000030517578,28.559999465942383,18.923999786376953
2024-03-14,18.811113357543945,45.5,50.88999938964844,26.40999984741211,49.349998474121094,53.20000076293945,54.060001373291016,42.125,73.7699966430664,28.485000610351562,18.974000930786133
2024-03-15,18.783445358276367,45.71500015258789,50.529998779296875,26.395000457763672,49.05500030517578,53.290000915527344,54.060001373291016,41.900001525878906,72.76000213623047,28.524999618530273,18.833999633789062
2024-03-18,18.848003387451172,45.880001068115234,50.970001220703125,26.530000686645508,49.31999969482422,53.560001373291016,54.459999084472656,42.1349983215332,73.54000091552734,28.670000076293945,19.341999053955078
2024-03-19,18.898723602294922,46.45500183105469,51.22999954223633,26.649999618530273,49.2599983215332,53.72999954223633,54.45000076293945,42.154998779296875,73.4000015258789,28.735000610351562,19.236000061035156
2024-03-20,18.896421432495117,46.255001068115234,51.34000015258789,26.69499969482422,49.150001525878906,54.040000915527344,54.63999938964844,42.150001525878906,73.81999969482422,28.920000076293945,19.357999801635742
2024-03-21,19.126976013183594,46.55500030517578,52.290000915527344,27.145000457763672,49.459999084472656,54.86000061035156,55.33000183105469,42.31999969482422,75.45999908447266,28.940000534057617,19.540000915527344
2024-03-22,19.027833938598633,46.654998779296875,51.9900016784668,27.079999923706055,49.505001068115234,54.959999084472656,55.2400016784668,42.349998474121094,75.37999725341797,29.079999923706055,19.673999786376953
2024-03-25,19.025531768798828,47.130001068115234,51.84000015258789,26.969999313354492,49.36000061035156,54.61000061035156,55.220001220703125,42.119998931884766,75.04000091552734,29.125,19.59600067138672
2024-03-26,18.974807739257812,46.875,52.11000061035156,27.084999084472656,49.54999923706055,54.689998626708984,55.13999938964844,42.29499816894531,75.11000061035156,29.040000915527344,19.736000061035156
2024-03-27,19.15464210510254,46.834999084472656,52.130001068115234,27.114999771118164,49.90999984741211,54.83000183105469,55.40999984741211,42.505001068115234,74.31999969482422,29.354999542236328,19.591999053955078
2024-03-28,19.38520050048828,47.45500183105469,52.40999984741211,27.385000228881836,50.279998779296875,55.060001373291016,56.029998779296875,42.755001068115234,74.63999938964844,29.6200008392334,19.666000366210938
2024-04-02,18.93330955505371,48.435001373291016,51.439998626708984,27.165000915527344,49.165000915527344,54.650001525878906,55.90999984741211,42.310001373291016,74.05999755859375,29.655000686645508,19.746000289916992
2024-04-03,18.896421432495117,48.875,51.560001373291016,27.135000228881836,49.10499954223633,54.63999938964844,56.099998474121094,41.76499938964844,74.41000366210938,29.440000534057617,19.86400032043457
2024-04-04,19.07855796813965,48.935001373291016,51.630001068115234,27.229999542236328,48.834999084472656,54.72999954223633,56.27000045776367,41.70500183105469,74.30000305175781,29.520000457763672,19.920000076293945
2024-04-05,18.831863403320312,49.165000915527344,51.09000015258789,27.014999389648438,48.57500076293945,54.52000045776367,55.880001068115234,41.529998779296875,73.37999725341797,29.209999084472656,19.81399917602539
2024-04-08,19.09700584411621,49.20000076293945,51.58000183105469,27.135000228881836,48.474998474121094,54.709999084472656,56.13999938964844,41.44499969482422,73.48999786376953,29.354999542236328,19.84600067138672
2024-04-09,19.200754165649414,48.96500015258789,51.34000015258789,26.889999389648438,48.349998474121094,54.2400016784668,56.2599983215332,41.400001525878906,72.80999755859375,29.450000762939453,19.75200080871582
2024-04-10,18.70044708251953,49.494998931884766,51.47999954223633,26.954999923706055,48.529998779296875,54.5099983215332,56.310001373291016,41.6150016784668,73.56999969482422,29.2450008392334,19.902000427246094
2024-04-11,18.57133674621582,49.32500076293945,51.59000015258789,26.7549991607666,48.45500183105469,54.45000076293945,56.18000030517578,41.66999816894531,74.19999694824219,29.239999771118164,20.010000228881836
2024-04-12,18.56211280822754,50.22999954223633,51.68000030517578,26.71500015258789,48.470001220703125,54.68000030517578,56.52000045776367,41.7400016784668,75.0199966430664,29.655000686645508,20.1200008392334
2024-04-15,18.375356674194336,49.38999938964844,51.47999954223633,26.739999771118164,48.64500045776367,54.869998931884766,56.380001068115234,41.75,74.72000122070312,29.405000686645508,20.094999313354492
2024-04-16,18.034137725830078,48.60499954223633,50.61000061035156,26.225000381469727,48.150001525878906,53.939998626708984,55.13999938964844,41.41999816894531,73.48999786376953,28.864999771118164,19.714000701904297
2024-04-17,17.928081512451172,48.560001373291016,50.349998474121094,26.21500015258789,47.8650016784668,53.58000183105469,55.38999938964844,41.349998474121094,72.5999984741211,28.96500015258789,19.65999984741211
2024-04-18,18.001861572265625,48.55500030517578,50.36000061035156,26.489999771118164,47.88999938964844,53.86000061035156,55.599998474121094,41.64500045776367,72.06999969482422,29.344999313354492,19.823999404907227
2024-04-19,18.03644371032715,48.67499923706055,49.65999984741211,26.4950008392334,47.8650016784668,53.380001068115234,55.34000015258789,41.880001068115234,70.13999938964844,29.68000030517578,19.441999435424805
2024-04-22,18.071025848388672,48.98500061035156,49.494998931884766,26.78499984741211,48.290000915527344,53.529998779296875,55.150001525878906,42.44499969482422,69.45999908447266,29.885000228881836,19.43199920654297
2024-04-23,18.366138458251953,48.915000915527344,50.11000061035156,27.065000534057617,48.724998474121094,54.099998474121094,54.95000076293945,42.505001068115234,70.83999633789062,30.145000457763672,19.76799964904785
2024-04-24,18.218582153320312,49.025001525878906,50.33000183105469,26.954999923706055,48.494998931884766,53.869998931884766,54.91999816894531,42.56999969482422,71.30000305175781,30.09000015258789,19.670000076293945
2024-04-25,18.129262924194336,49.0099983215332,49.54499816894531,26.725000381469727,48.21500015258789,53.380001068115234,54.66999816894531,42.525001525878906,70.23999786376953,30.049999237060547,18.992000579833984
2024-04-26,18.280454635620117,48.96500015258789,50.689998626708984,26.90999984741211,48.505001068115234,54.150001525878906,55.400001525878906,42.720001220703125,72.44999694824219,30.06999969482422,19.86199951171875
2024-04-29,18.438623428344727,49.20000076293945,51.11000061035156,26.934999465942383,48.595001220703125,54.33000183105469,55.81999969482422,42.595001220703125,72.18000030517578,30.325000762939453,19.63800048828125
2024-04-30,18.313020706176758,48.834999084472656,50.689998626708984,26.80500030517578,48.709999084472656,54.209999084472656,55.27000045776367,42.69499969482422,72.05999755859375,30.235000610351562,19.583999633789062
2024-05-01,18.23858642578125,48.834999084472656,50.689998626708984,26.80500030517578,48.709999084472656,54.209999084472656,55.27000045776367,42.69499969482422,72.05999755859375,30.235000610351562,19.583999633789062
2024-05-02,18.359540939331055,47.709999084472656,50.45000076293945,26.75,48.540000915527344,53.900001525878906,54.95000076293945,42.650001525878906,70.80000305175781,30.565000534057617,19.597999572753906
2024-05-03,18.680538177490234,47.209999084472656,50.970001220703125,26.774999618530273,48.39500045776367,54.2400016784668,55.22999954223633,42.505001068115234,72.69000244140625,30.69499969482422,19.733999252319336
2024-05-06,18.680538177490234,48.064998626708984,51.209999084472656,26.9950008392334,48.41999816894531,54.720001220703125,55.709999084472656,42.5099983215332,73.38999938964844,30.915000915527344,19.90999984741211
2024-05-07,18.89220428466797,47.93000030517578,51.36000061035156,27.270000457763672,49.0,55.02000045776367,56.16999816894531,42.95500183105469,73.68000030517578,31.25,20.100000381469727
2024-05-08,18.72705841064453,48.0,51.02000045776367,27.299999237060547,49.10499954223633,55.0,56.099998474121094,43.220001220703125,73.52999877929688,31.579999923706055,20.145000457763672
2024-05-09,18.843360900878906,48.244998931884766,51.220001220703125,27.415000915527344,49.13999938964844,55.310001373291016,56.36000061035156,43.29999923706055,73.41000366210938,31.809999465942383,20.079999923706055
2024-05-10,18.90616226196289,48.560001373291016,50.970001220703125,27.625,49.505001068115234,55.650001525878906,56.619998931884766,43.599998474121094,73.5999984741211,32.125,20.03499984741211
2024-05-13,18.915468215942383,48.11000061035156,50.81999969482422,27.594999313354492,49.470001220703125,55.380001068115234,56.349998474121094,43.67499923706055,73.83999633789062,31.989999771118164,19.9060001373291
2024-05-14,19.04572868347168,47.93000030517578,50.90999984741211,27.540000915527344,49.30500030517578,55.16999816894531,56.5099983215332,43.404998779296875,73.8499984741211,31.954999923706055,20.104999542236328
2024-05-15,19.301593780517578,47.70000076293945,50.83000183105469,27.655000686645508,49.86000061035156,55.45000076293945,56.58000183105469,43.45500183105469,75.16000366210938,32.404998779296875,20.065000534057617
2024-05-16,19.3597469329834,47.65999984741211,50.810001373291016,27.7450008392334,49.91999816894531,55.2599983215332,56.45000076293945,43.89500045776367,75.8499984741211,32.459999084472656,20.274999618530273
2024-05-17,19.28763771057129,47.79999923706055,50.75,27.790000915527344,49.7400016784668,54.900001525878906,56.75,43.775001525878906,75.22000122070312,32.334999084472656,20.260000228881836
2024-05-20,19.310895919799805,48.130001068115234,50.7599983215332,27.885000228881836,49.95500183105469,55.400001525878906,57.33000183105469,43.779998779296875,76.0199966430664,32.290000915527344,20.360000610351562
2024-05-21,19.166683197021484,48.04999923706055,50.36000061035156,27.739999771118164,49.97999954223633,55.16999816894531,57.150001525878906,43.6150016784668,76.19999694824219,32.3650016784668,20.375
2024-05-22,19.11783790588379,47.19499969482422,50.40999984741211,27.719999313354492,50.06999969482422,54.970001220703125,56.41999816894531,43.66999816894531,76.4000015258789,32.3849983215332,20.3700008392334
2024-05-23,18.806142807006836,47.1150016784668,50.029998779296875,27.559999465942383,49.994998931884766,55.16999816894531,56.15999984741211,43.525001525878906,77.76000213623047,31.770000457763672,20.290000915527344
2024-05-24,18.710773468017578,46.95500183105469,49.94499969482422,27.485000610351562,49.60499954223633,55.130001068115234,56.2599983215332,43.314998626708984,77.37999725341797,31.725000381469727,20.30500030517578
2024-05-27,18.710773468017578,47.01499938964844,49.875,27.59000015258789,49.415000915527344,55.25,56.540000915527344,43.224998474121094,77.87999725341797,31.829999923706055,20.299999237060547
2024-05-28,18.710773468017578,47.220001220703125,49.709999084472656,27.364999771118164,48.810001373291016,54.869998931884766,56.279998779296875,42.724998474121094,78.12000274658203,31.78499984741211,20.299999237060547
2024-05-29,18.364192962646484,46.82500076293945,49.6150016784668,27.135000228881836,48.619998931884766,54.209999084472656,55.68000030517578,42.650001525878906,78.2699966430664,31.34000015258789,20.3799991607666
2024-05-30,18.640993118286133,46.810001373291016,49.67499923706055,27.295000076293945,48.67499923706055,54.27000045776367,55.72999954223633,42.775001525878906,76.94999694824219,31.450000762939453,20.200000762939453
2024-05-31,18.76194953918457,47.154998779296875,49.30500030517578,27.350000381469727,49.0,54.18000030517578,55.560001373291016,42.869998931884766,74.94999694824219,31.829999923706055,20.05500030517578
2024-06-03,18.93872833251953,46.689998626708984,49.68000030517578,27.375,49.415000915527344,54.220001220703125,55.630001068115234,43.20000076293945,76.0999984741211,31.975000381469727,20.350000381469727
2024-06-04,19.04340171813965,45.724998474121094,49.63999938964844,27.239999771118164,49.4900016784668,53.97999954223633,54.90999984741211,43.494998931884766,76.19000244140625,31.760000228881836,20.31999969482422
2024-06-05,19.062007904052734,45.880001068115234,49.97999954223633,27.334999084472656,50.029998779296875,54.349998474121094,55.06999969482422,43.57500076293945,78.36000061035156,31.94499969482422,20.610000610351562
2024-06-06,19.038747787475586,46.060001373291016,50.290000915527344,27.454999923706055,50.189998626708984,54.33000183105469,55.380001068115234,43.82500076293945,78.58999633789062,31.760000228881836,20.735000610351562
2024-06-07,18.848012924194336,46.310001373291016,50.68000030517578,27.604999542236328,50.599998474121094,54.4900016784668,55.290000915527344,43.95500183105469,79.04000091552734,31.55500030517578,20.829999923706055
2024-06-10,18.815448760986328,46.92499923706055,50.849998474121094,27.559999465942383,50.61000061035156,54.66999816894531,55.43000030517578,43.67499923706055,80.16000366210938,31.704999923706055,20.774999618530273
2024-06-11,18.729381561279297,46.69499969482422,50.560001373291016,27.274999618530273,50.599998474121094,54.459999084472656,54.970001220703125,43.68000030517578,80.61000061035156,31.604999542236328,20.829999923706055
2024-06-12,19.094573974609375,45.994998931884766,50.86000061035156,27.290000915527344,50.29999923706055,54.77000045776367,55.189998626708984,43.29499816894531,82.4800033569336,31.31999969482422,20.790000915527344
2024-06-13,18.843360900878906,45.709999084472656,50.709999084472656,27.049999237060547,50.33000183105469,54.22999954223633,54.709999084472656,43.334999084472656,83.51000213623047,31.235000610351562,20.790000915527344
2024-06-14,18.841033935546875,45.55500030517578,50.380001068115234,27.075000762939453,50.68000030517578,53.91999816894531,54.52000045776367,43.529998779296875,84.2300033569336,31.399999618530273,20.924999237060547
2024-06-17,18.73403549194336,45.5099983215332,50.54999923706055,27.075000762939453,50.400001525878906,54.15999984741211,54.2400016784668,43.65999984741211,84.62999725341797,31.184999465942383,20.850000381469727
2024-06-18,18.848012924194336,45.869998931884766,50.59000015258789,27.325000762939453,50.52000045776367,54.43000030517578,54.54999923706055,43.724998474121094,85.2300033569336,31.03499984741211,20.899999618530273
2024-06-19,18.806142807006836,45.76499938964844,50.66999816894531,27.360000610351562,50.34000015258789,54.45000076293945,54.650001525878906,43.64500045776367,85.97000122070312,31.020000457763672,20.885000228881836
2024-06-20,18.778230667114258,46.45000076293945,50.970001220703125,27.479999542236328,50.68000030517578,54.720001220703125,55.18000030517578,43.755001068115234,85.80000305175781,31.344999313354492,20.985000610351562
2024-06-21,18.766599655151367,46.564998626708984,51.20000076293945,27.450000762939453,50.86000061035156,54.4900016784668,54.779998779296875,43.79999923706055,84.48999786376953,31.40999984741211,21.084999084472656
2024-06-24,19.038747787475586,46.974998474121094,51.45000076293945,27.78499984741211,51.22999954223633,55.0,55.16999816894531,44.060001373291016,83.12999725341797,31.559999465942383,21.15999984741211
2024-06-25,18.74334144592285,47.189998626708984,51.41999816894531,27.655000686645508,51.34000015258789,54.310001373291016,54.880001068115234,43.900001525878906,83.4000015258789,31.459999084472656,21.354999542236328
2024-06-26,18.699142456054688,46.96500015258789,51.630001068115234,27.5049991607666,51.18000030517578,54.27000045776367,54.7599983215332,43.88999938964844,83.83999633789062,31.360000610351562,21.454999923706055
2024-06-27,18.76194953918457,47.165000915527344,51.849998474121094,27.475000381469727,50.88999938964844,54.36000061035156,54.709999084472656,43.51499938964844,83.8499984741211,31.235000610351562,21.520000457763672
2024-06-28,18.861970901489258,47.369998931884766,51.900001525878906,27.610000610351562,51.02000045776367,54.41999816894531,54.70000076293945,43.23500061035156,84.66999816894531,30.979999542236328,21.514999389648438
2024-07-01,18.75962257385254,47.459999084472656,51.63999938964844,27.625,50.75,53.9900016784668,54.20000076293945,43.1349983215332,84.06999969482422,30.975000381469727,21.19499969482422
2024-07-02,18.882904052734375,47.584999084472656,52.06999969482422,27.645000457763672,50.290000915527344,54.0099983215332,53.880001068115234,42.9900016784668,84.51000213623047,30.844999313354492,21.299999237060547
2024-07-03,19.015487670898438,47.44499969482422,52.220001220703125,27.739999771118164,49.67499923706055,54.380001068115234,54.599998474121094,42.939998626708984,85.27999877929688,31.040000915527344,21.344999313354492
2024-07-04,19.027118682861328,47.779998779296875,52.40999984741211,27.850000381469727,49.845001220703125,54.529998779296875,54.79999923706055,43.04499816894531,85.41000366210938,31.05500030517578,21.334999084472656
2024-07-05,19.062007904052734,46.93000030517578,52.38999938964844,27.610000610351562,49.845001220703125,54.08000183105469,54.54999923706055,43.04499816894531,85.91000366210938,31.094999313354492,21.700000762939453
2024-07-08,19.041074752807617,46.48500061035156,52.58000183105469,27.635000228881836,49.994998931884766,54.2599983215332,54.470001220703125,43.13999938964844,86.33999633789062,30.975000381469727,21.635000228881836
2024-07-09,19.01083755493164,46.275001525878906,52.61000061035156,27.690000534057617,50.029998779296875,54.040000915527344,54.31999969482422,43.16999816894531,86.69000244140625,31.100000381469727,21.735000610351562
2024-07-10,19.17831039428711,46.310001373291016,52.70500183105469,27.834999084472656,50.40999984741211,54.22999954223633,54.689998626708984,43.23500061035156,87.1500015258789,31.239999771118164,21.735000610351562
2024-07-11,19.683067321777344,46.53499984741211,52.810001373291016,28.010000228881836,50.790000915527344,54.83000183105469,55.25,43.21500015258789,85.37000274658203,31.774999618530273,21.3799991607666
2024-07-12,19.869150161743164,46.54999923706055,52.939998626708984,28.09000015258789,51.16999816894531,55.279998779296875,55.720001220703125,43.459999084472656,86.19000244140625,31.940000534057617,21.260000228881836
2024-07-15,19.941261291503906,47.01499938964844,52.91999816894531,28.204999923706055,50.900001525878906,55.220001220703125,55.43000030517578,43.119998931884766,86.47000122070312,31.239999771118164,21.280000686645508
2024-07-16,19.994754791259766,47.005001068115234,52.92499923706055,28.415000915527344,51.290000915527344,56.0,55.619998931884766,43.10499954223633,85.81999969482422,31.334999084472656,21.190000534057617
2024-07-17,20.26457977294922,47.165000915527344,52.279998779296875,28.53499984741211,51.29999923706055,55.59000015258789,55.689998626708984,43.529998779296875,82.94000244140625,31.510000228881836,20.780000686645508
2024-07-18,20.283187866210938,47.83000183105469,51.97999954223633,28.584999084472656,50.86000061035156,55.38999938964844,55.45000076293945,44.0,81.45999908447266,31.65999984741211,20.725000381469727
2024-07-19,19.922649383544922,47.275001525878906,51.28499984741211,28.174999237060547,50.61000061035156,54.689998626708984,54.56999969482422,43.70000076293945,81.7300033569336,31.3799991607666,20.78499984741211
2024-07-22,20.066864013671875,47.0,51.654998779296875,28.34000015258789,50.970001220703125,55.08000183105469,54.790000915527344,43.709999084472656,82.08000183105469,31.735000610351562,20.799999237060547
2024-07-23,20.113384246826172,46.36000061035156,52.23500061035156,28.545000076293945,51.2400016784668,55.5,54.79999923706055,43.790000915527344,83.7300033569336,31.71500015258789,20.985000610351562
2024-07-24,20.036624908447266,46.584999084472656,50.599998474121094,28.299999237060547,51.209999084472656,54.72999954223633,54.83000183105469,43.54999923706055,80.83000183105469,31.850000381469727,20.405000686645508
2024-07-25,19.849863052368164,46.57500076293945,50.23500061035156,28.21500015258789,51.68000030517578,54.369998931884766,54.43000030517578,43.78499984741211,79.66999816894531,31.969999313354492,20.200000762939453
2024-07-26,19.82169532775879,46.67499923706055,50.2400016784668,28.40999984741211,51.72999954223633,55.040000915527344,54.90999984741211,43.900001525878906,79.55999755859375,32.05500030517578,20.065000534057617
2024-07-29,19.95315170288086,46.540000915527344,50.814998626708984,28.415000915527344,51.810001373291016,55.150001525878906,55.040000915527344,43.875,79.48999786376953,32.17499923706055,20.239999771118164
2024-07-30,20.018882751464844,47.040000915527344,50.915000915527344,28.790000915527344,51.849998474121094,55.459999084472656,55.09000015258789,43.75,78.48999786376953,32.244998931884766,20.34000015258789
2024-07-31,20.218408584594727,47.814998626708984,51.595001220703125,28.905000686645508,52.18000030517578,56.22999954223633,55.939998626708984,43.92499923706055,81.0,32.625,20.584999084472656
2024-08-01,20.07756233215332,46.98500061035156,50.79499816894531,28.3700008392334,52.33000183105469,54.959999084472656,55.20000076293945,43.95500183105469,79.94000244140625,32.814998626708984,20.704999923706055
2024-08-02,19.993059158325195,45.13999938964844,47.75,27.094999313354492,51.09000015258789,52.630001068115234,53.02000045776367,43.48500061035156,75.80000305175781,32.54999923706055,19.979999542236328
2024-08-05,19.90385627746582,43.849998474121094,46.70000076293945,26.315000534057617,50.29999923706055,51.720001220703125,52.099998474121094,43.05500030517578,73.26000213623047,32.064998626708984,19.573999404907227
2024-08-06,19.90385627746582,44.44499969482422,47.029998779296875,26.545000076293945,50.68000030517578,52.279998779296875,52.38999938964844,43.494998931884766,74.20999908447266,32.119998931884766,19.5939998626709
2024-08-07,20.295875549316406,45.404998779296875,47.61000061035156,27.09000015258789,50.63999938964844,53.41999816894531,53.0099983215332,43.849998474121094,75.43000030517578,32.6349983215332,19.913999557495117
2024-08-08,20.136249542236328,45.48500061035156,47.540000915527344,27.094999313354492,51.13999938964844,53.34000015258789,52.810001373291016,43.834999084472656,75.12999725341797,32.58000183105469,19.969999313354492
2024-08-09,20.185546875,45.7599983215332,47.68000030517578,27.219999313354492,51.61000061035156,53.34000015258789,52.93000030517578,43.724998474121094,75.68000030517578,32.38999938964844,19.983999252319336
2024-08-12,20.098690032958984,45.994998931884766,47.564998626708984,27.229999542236328,51.400001525878906,53.310001373291016,52.86000061035156,43.540000915527344,76.5,32.43000030517578,20.094999313354492
2024-08-13,20.298221588134766,45.69499969482422,48.10499954223633,27.350000381469727,51.72999954223633,53.58000183105469,53.08000183105469,43.540000915527344,78.26000213623047,32.70500183105469,20.309999465942383
2024-08-14,20.5118408203125,45.650001525878906,48.275001525878906,27.545000076293945,51.7400016784668,53.810001373291016,52.650001525878906,43.64500045776367,78.75,32.619998931884766,20.110000610351562
2024-08-15,20.50010108947754,46.53499984741211,48.275001525878906,28.075000762939453,51.7400016784668,53.810001373291016,52.650001525878906,43.64500045776367,78.75,32.619998931884766,20.110000610351562
2024-08-16,20.38507843017578,46.29499816894531,49.869998931884766,28.135000228881836,52.290000915527344,54.66999816894531,53.56999969482422,44.150001525878906,80.77999877929688,32.71500015258789,20.415000915527344
2024-08-19,20.647991180419922,46.599998474121094,50.01499938964844,28.295000076293945,52.40999984741211,54.77000045776367,53.97999954223633,44.26499938964844,80.76000213623047,32.76499938964844,20.5049991607666
2024-08-20,20.584611892700195,45.29999923706055,49.939998626708984,28.075000762939453,52.43000030517578,54.41999816894531,53.68000030517578,44.08000183105469,81.18000030517578,32.65999984741211,20.520000457763672
2024-08-21,20.645641326904297,45.34000015258789,50.32500076293945,27.989999771118164,52.34000015258789,54.66999816894531,54.16999816894531,44.334999084472656,81.18000030517578,32.744998931884766,20.5
2024-08-22,20.77475357055664,45.224998474121094,50.31999969482422,28.1299991607666,52.5,54.790000915527344,54.09000015258789,44.44499969482422,81.1500015258789,32.79499816894531,20.559999465942383
2024-08-23,21.197290420532227,45.47999954223633,50.26499938964844,28.354999542236328,52.45000076293945,55.060001373291016,54.61000061035156,44.314998626708984,80.48999786376953,32.82500076293945,20.43000030517578
2024-08-26,21.197290420532227,45.915000915527344,50.13999938964844,28.389999389648438,52.560001373291016,55.04999923706055,54.900001525878906,44.64500045776367,80.05999755859375,32.959999084472656,20.459999084472656
2024-08-27,21.234848022460938,45.95500183105469,49.904998779296875,28.454999923706055,52.47999954223633,55.060001373291016,54.810001373291016,44.86000061035156,80.26000213623047,32.86000061035156,20.514999389648438
2024-08-28,21.281795501708984,45.63999938964844,49.755001068115234,28.68000030517578,52.90999984741211,55.38999938964844,54.77000045776367,45.02000045776367,79.47000122070312,33.095001220703125,20.329999923706055
2024-08-29,21.11043357849121,46.18000030517578,50.3849983215332,28.924999237060547,53.34000015258789,55.869998931884766,55.279998779296875,45.02000045776367,80.87000274658203,33.099998474121094,20.639999389648438
2024-08-30,21.178508758544922,45.974998474121094,50.3650016784668,29.014999389648438,53.27000045776367,56.0,55.31999969482422,45.08000183105469,79.94999694824219,33.310001373291016,20.43000030517578
2024-09-02,21.321704864501953,46.22999954223633,50.7400016784668,29.174999237060547,53.59000015258789,56.209999084472656,55.470001220703125,45.25,80.72000122070312,33.459999084472656,20.600000381469727
2024-09-03,21.232500076293945,45.18000030517578,50.5,29.18000030517578,53.650001525878906,55.560001373291016,54.5099983215332,45.564998626708984,78.37999725341797,33.53499984741211,20.360000610351562
2024-09-04,21.29118537902832,44.88999938964844,49.95000076293945,28.920000076293945,53.130001068115234,54.959999084472656,53.959999084472656,45.560001373291016,76.62999725341797,33.6150016784668,20.229999542236328
2024-09-05,21.317007064819336,44.505001068115234,50.02000045776367,28.725000381469727,52.27000045776367,54.369998931884766,53.47999954223633,45.345001220703125,76.20999908447266,33.654998779296875,20.165000915527344
2024-09-06,21.150339126586914,43.685001373291016,49.040000915527344,28.405000686645508,52.130001068115234,53.650001525878906,52.68000030517578,45.220001220703125,74.41000366210938,33.529998779296875,19.790000915527344
2024-09-09,21.366304397583008,44.2599983215332,49.650001525878906,28.81999969482422,52.689998626708984,54.59000015258789,53.34000015258789,45.845001220703125,75.43000030517578,33.724998474121094,19.823999404907227
2024-09-10,21.58696174621582,43.435001373291016,50.0,28.459999084472656,52.72999954223633,54.70000076293945,53.2599983215332,45.900001525878906,76.5,34.04999923706055,19.893999099731445
2024-09-11,21.410905838012695,42.89500045776367,49.6150016784668,28.239999771118164,52.31999969482422,54.15999984741211,53.08000183105469,45.345001220703125,76.7300033569336,33.80500030517578,19.763999938964844
2024-09-12,21.6644287109375,43.494998931884766,50.86000061035156,28.625,52.47999954223633,55.290000915527344,54.13999938964844,45.470001220703125,79.31999969482422,33.970001220703125,20.25
2024-09-13,21.953161239624023,43.64500045776367,51.310001373291016,28.725000381469727,52.720001220703125,55.689998626708984,54.790000915527344,45.654998779296875,79.87000274658203,34.19499969482422,20.475000381469727
2024-09-16,22.023584365844727,43.61000061035156,50.94499969482422,28.774999618530273,52.790000915527344,55.599998474121094,54.630001068115234,45.595001220703125,78.83000183105469,34.41999816894531,20.5049991607666
2024-09-17,21.99541473388672,44.2400016784668,51.47999954223633,29.05500030517578,52.59000015258789,56.16999816894531,55.09000015258789,45.625,79.20999908447266,34.5,20.635000228881836
2024-09-18,21.8780460357666,44.29499816894531,51.15999984741211,28.96500015258789,52.2599983215332,55.91999816894531,54.7599983215332,45.23500061035156,78.69999694824219,34.33000183105469,20.614999771118164
2024-09-19,21.955509185791016,45.029998779296875,52.11000061035156,29.209999084472656,52.349998474121094,56.810001373291016,55.75,44.915000915527344,80.9000015258789,33.814998626708984,20.975000381469727
2024-09-20,21.770061492919922,44.404998779296875,51.68000030517578,29.1299991607666,51.959999084472656,56.470001220703125,55.310001373291016,44.71500015258789,80.19999694824219,34.23500061035156,20.8700008392334
2024-09-23,22.018890380859375,45.095001220703125,52.18000030517578,29.264999389648438,51.939998626708984,56.91999816894531,55.779998779296875,45.27000045776367,80.44999694824219,34.845001220703125,21.059999465942383
2024-09-24,22.1033992767334,45.224998474121094,52.69499969482422,29.135000228881836,51.720001220703125,57.13999938964844,56.599998474121094,45.150001525878906,80.30999755859375,34.84000015258789,21.020000457763672
2024-09-25,22.0118465423584,44.71500015258789,52.75,28.895000457763672,51.459999084472656,57.290000915527344,56.70000076293945,45.06999969482422,81.13999938964844,34.69499969482422,21.06999969482422
2024-09-26,21.993070602416992,43.52000045776367,53.125,29.149999618530273,51.369998931884766,57.619998931884766,57.7599983215332,45.185001373291016,81.4800033569336,34.744998931884766,21.0
2024-09-27,22.042362213134766,43.92499923706055,53.39500045776367,29.309999465942383,51.66999816894531,57.72999954223633,58.18000030517578,45.494998931884766,81.19000244140625,34.915000915527344,21.145000457763672
2024-09-30,21.90386390686035,44.224998474121094,52.935001373291016,29.21500015258789,51.40999984741211,57.38999938964844,57.65999984741211,45.255001068115234,81.29000091552734,34.89500045776367,21.149999618530273
2024-10-01,21.89447593688965,45.529998779296875,52.7599983215332,29.30500030517578,51.84000015258789,57.849998474121094,57.93000030517578,45.560001373291016,80.33000183105469,35.415000915527344,21.334999084472656
2024-10-02,21.739543914794922,46.040000915527344,52.915000915527344,29.34000015258789,51.790000915527344,58.060001373291016,58.13999938964844,45.20500183105469,81.04000091552734,35.27000045776367,21.395000457763672
2024-10-03,21.58461570739746,46.68000030517578,52.3650016784668,29.219999313354492,51.459999084472656,57.650001525878906,57.34000015258789,44.8849983215332,81.5199966430664,35.255001068115234,21.405000686645508
2024-10-04,21.455507278442383,47.56999969482422,52.869998931884766,29.604999542236328,51.40999984741211,57.970001220703125,57.5099983215332,45.04499816894531,82.0999984741211,35.119998931884766,21.549999237060547
2024-10-07,21.338136672973633,48.05500030517578,52.709999084472656,29.68000030517578,51.54999923706055,58.119998931884766,57.459999084472656,44.82500076293945,82.7699966430664,34.8849983215332,21.604999542236328
2024-10-08,21.277101516723633,46.76499938964844,52.7599983215332,29.56999969482422,51.61000061035156,58.22999954223633,56.7400016784668,44.845001220703125,83.38999938964844,34.779998779296875,21.575000762939453
2024-10-09,21.286489486694336,46.900001525878906,53.099998474121094,29.80500030517578,52.0,58.41999816894531,57.060001373291016,45.19499969482422,84.48999786376953,34.654998779296875,21.510000228881836
2024-10-10,21.192594528198242,47.494998931884766,53.185001373291016,29.80500030517578,52.20000076293945,58.27000045776367,57.310001373291016,45.220001220703125,84.80999755859375,34.625,21.579999923706055
2024-10-11,21.335786819458008,47.560001373291016,53.025001525878906,30.204999923706055,52.40999984741211,58.83000183105469,57.650001525878906,45.18000030517578,84.72000122070312,34.650001525878906,21.56999969482422
2024-10-14,21.413249969482422,47.6150016784668,53.1150016784668,30.434999465942383,52.79999923706055,59.25,57.7400016784668,45.36000061035156,85.87999725341797,35.13999938964844,21.7450008392334
2024-10-15,21.640954971313477,46.560001373291016,53.08000183105469,30.635000228881836,52.65999984741211,59.349998474121094,57.70000076293945,45.76499938964844,84.93000030517578,35.560001373291016,21.84000015258789
2024-10-16,21.713726043701172,46.54999923706055,53.10499954223633,30.75,52.56999969482422,59.2400016784668,57.83000183105469,45.540000915527344,84.55000305175781,35.92499923706055,21.825000762939453
2024-10-17,21.662078857421875,46.85499954223633,53.44499969482422,31.094999313354492,52.709999084472656,59.63999938964844,57.900001525878906,45.82500076293945,86.0199966430664,36.21500015258789,21.860000610351562
2024-10-18,21.687904357910156,46.494998931884766,53.61000061035156,31.059999465942383,52.58000183105469,59.59000015258789,58.220001220703125,45.75,85.80999755859375,35.95500183105469,21.96500015258789
2024-10-21,21.277101516723633,46.810001373291016,53.15999984741211,30.844999313354492,52.380001068115234,59.27000045776367,57.86000061035156,45.5099983215332,85.91999816894531,35.88999938964844,21.844999313354492
2024-10-22,21.29118537902832,46.97999954223633,53.17499923706055,30.80500030517578,52.20000076293945,59.0,57.68000030517578,45.64500045776367,86.5999984741211,35.73500061035156,21.954999923706055
2024-10-23,21.328744888305664,46.685001373291016,52.92499923706055,30.7549991607666,51.959999084472656,58.75,57.45000076293945,45.665000915527344,86.18000030517578,35.93000030517578,21.854999542236328
2024-10-24,21.394384384155273,46.59000015258789,53.72999954223633,30.71500015258789,51.97999954223633,58.41999816894531,56.86000061035156,45.63999938964844,85.69000244140625,35.880001068115234,21.770000457763672
2024-10-25,21.432218551635742,46.83000183105469,54.1349983215332,30.584999084472656,51.650001525878906,58.34000015258789,57.02000045776367,45.45500183105469,86.76000213623047,35.584999084472656,21.975000381469727
2024-10-28,21.337636947631836,46.224998474121094,54.39500045776367,30.764999389648438,51.52000045776367,58.540000915527344,57.18000030517578,45.43000030517578,86.27999877929688,35.67499923706055,22.010000228881836
2024-10-29,21.153202056884766,45.81999969482422,54.025001525878906,30.790000915527344,51.45000076293945,58.52000045776367,57.13999938964844,45.189998626708984,86.91000366210938,35.14500045776367,22.225000381469727
2024-10-30,21.273794174194336,45.6150016784668,54.04999923706055,30.684999465942383,50.79999923706055,58.09000015258789,56.70000076293945,44.724998474121094,86.0,34.85499954223633,22.635000228881836
2024-10-31,21.02078628540039,45.65999984741211,52.95500183105469,30.375,50.650001525878906,57.41999816894531,56.02000045776367,44.459999084472656,83.04000091552734,34.970001220703125,22.139999389648438
2024-11-01,20.874187469482422,45.81999969482422,54.17499923706055,30.53499984741211,50.9900016784668,57.88999938964844,56.27000045776367,44.619998931884766,83.76000213623047,34.83000183105469,22.2450008392334
2024-11-04,20.897830963134766,45.959999084472656,53.66999816894531,30.19499969482422,50.5,57.529998779296875,56.06999969482422,44.345001220703125,83.29000091552734,34.05500030517578,21.950000762939453
2024-11-05,20.97822380065918,46.31999969482422,53.89500045776367,30.424999237060547,50.189998626708984,57.93000030517578,56.279998779296875,44.45000076293945,83.80000305175781,34.185001373291016,21.979999542236328
2024-11-06,20.647186279296875,47.834999084472656,55.779998779296875,31.954999923706055,51.060001373291016,60.040000915527344,56.97999954223633,44.4900016784668,86.91000366210938,34.2599983215332,22.700000762939453
2024-11-07,20.890735626220703,47.619998931884766,56.7599983215332,31.8700008392334,50.939998626708984,60.150001525878906,57.59000015258789,44.560001373291016,88.08000183105469,34.36000061035156,22.979999542236328
2024-11-08,21.117734909057617,47.8849983215332,57.375,32.03499984741211,51.650001525878906,60.59000015258789,56.880001068115234,44.9900016784668,88.69000244140625,34.724998474121094,23.024999618530273
2024-11-11,21.261966705322266,48.44499969482422,58.7400016784668,32.755001068115234,52.060001373291016,61.560001373291016,56.86000061035156,45.22999954223633,88.61000061035156,35.2599983215332,23.290000915527344
2024-11-12,20.876548767089844,48.3849983215332,58.14500045776367,32.55500030517578,51.38999938964844,61.040000915527344,55.849998474121094,45.11000061035156,89.56999969482422,34.82500076293945,23.325000762939453
2024-11-13,20.86236000061035,48.51499938964844,58.53499984741211,32.79499816894531,51.31999969482422,61.06999969482422,55.869998931884766,45.22999954223633,89.70999908447266,34.790000915527344,23.4950008392334
2024-11-14,20.793790817260742,49.05500030517578,58.564998626708984,32.78499984741211,51.0,60.83000183105469,55.779998779296875,45.43000030517578,89.9000015258789,34.959999084472656,23.3700008392334
2024-11-15,20.703935623168945,49.11000061035156,57.7599983215332,32.78499984741211,49.75,60.470001220703125,55.529998779296875,45.1150016784668,87.94000244140625,35.209999084472656,23.09000015258789
2024-11-18,20.793790817260742,49.51499938964844,58.14500045776367,32.915000915527344,49.42499923706055,60.220001220703125,55.810001373291016,45.2400016784668,87.94000244140625,35.415000915527344,23.200000762939453
2024-11-19,20.84344482421875,49.415000915527344,57.95500183105469,32.845001220703125,49.314998626708984,59.900001525878906,55.709999084472656,45.28499984741211,87.98999786376953,35.3650016784668,23.270000457763672
2024-11-20,20.75359344482422,49.619998931884766,57.650001525878906,32.75,49.69499969482422,59.880001068115234,56.02000045776367,45.224998474121094,88.2300033569336,35.61000061035156,23.389999389648438
2024-11-21,20.88837242126465,50.65999984741211,58.095001220703125,33.279998779296875,50.2400016784668,60.959999084472656,56.68000030517578,45.86000061035156,89.86000061035156,36.17499923706055,23.219999313354492
2024-11-22,20.940391540527344,51.220001220703125,59.19499969482422,33.69499969482422,51.099998474121094,61.869998931884766,57.459999084472656,46.654998779296875,90.2300033569336,36.53499984741211,23.40999984741211
2024-11-25,21.228864669799805,50.0,59.76499938964844,33.58000183105469,51.0,62.060001373291016,57.41999816894531,46.39500045776367,89.77999877929688,36.224998474121094,23.459999084472656
2024-11-26,21.20522117614746,49.584999084472656,59.709999084472656,33.55500030517578,51.15999984741211,61.79999923706055,56.88999938964844,46.55500030517578,90.0999984741211,36.45500183105469,23.579999923706055
2024-11-27,21.52680015563965,49.31999969482422,58.9900016784668,33.494998931884766,51.400001525878906,61.36000061035156,56.66999816894531,46.69499969482422,87.98999786376953,36.46500015258789,23.405000686645508
2024-11-28,21.510250091552734,49.29999923706055,59.31999969482422,33.6150016784668,51.349998474121094,61.63999938964844,56.790000915527344,46.665000915527344,89.0199966430664,36.595001220703125,23.514999389648438
2024-11-29,21.51261329650879,49.39500045776367,59.540000915527344,33.720001220703125,51.5099983215332,61.86000061035156,57.040000915527344,46.70000076293945,89.62000274658203,36.564998626708984,23.600000381469727
2024-12-02,21.209945678710938,48.959999084472656,60.45000076293945,33.68000030517578,51.70000076293945,62.34000015258789,57.29999923706055,47.04499816894531,91.06999969482422,36.439998626708984,23.950000762939453
2024-12-03,21.110637664794922,49.36000061035156,60.5099983215332,33.57500076293945,51.790000915527344,61.90999984741211,57.540000915527344,46.81999969482422,91.0199966430664,36.15999984741211,24.110000610351562
2024-12-04,21.096452713012695,48.41999816894531,61.01499938964844,33.36000061035156,51.650001525878906,62.189998626708984,57.2599983215332,46.619998931884766,92.58000183105469,35.80500030517578,24.170000076293945
2024-12-05,20.93566131591797,48.290000915527344,61.45500183105469,33.58000183105469,50.9900016784668,61.81999969482422,56.47999954223633,46.65999984741211,92.56999969482422,35.89500045776367,24.170000076293945
2024-12-06,20.926204681396484,47.68000030517578,62.23500061035156,33.44499969482422,50.81999969482422,61.560001373291016,56.45000076293945,46.72999954223633,92.66000366210938,35.47999954223633,24.350000381469727
2024-12-09,20.945119857788086,47.970001220703125,62.46500015258789,33.314998626708984,50.81999969482422,60.93000030517578,56.970001220703125,46.44499969482422,92.0999984741211,35.334999084472656,24.065000534057617
2024-12-10,20.793790817260742,47.974998474121094,63.224998474121094,33.26499938964844,50.88999938964844,61.13999938964844,56.650001525878906,46.70000076293945,91.77999877929688,35.08000183105469,24.454999923706055
2024-12-11,20.656648635864258,47.52000045776367,63.970001220703125,33.349998474121094,50.470001220703125,61.349998474121094,56.720001220703125,46.974998474121094,92.9000015258789,34.94499969482422,25.079999923706055
2024-12-12,20.75122833251953,47.31999969482422,64.0250015258789,33.33000183105469,50.310001373291016,60.939998626708984,56.189998626708984,46.834999084472656,92.56999969482422,34.974998474121094,25.209999084472656
2024-12-13,20.55024528503418,47.1150016784668,63.45000076293945,33.22999954223633,49.80500030517578,60.59000015258789,55.40999984741211,46.775001525878906,92.2300033569336,34.779998779296875,24.850000381469727
2024-12-16,20.580984115600586,46.41999816894531,64.25499725341797,33.095001220703125,49.875,60.36000061035156,54.939998626708984,46.654998779296875,92.93000030517578,34.720001220703125,25.094999313354492
2024-12-17,20.446203231811523,45.47999954223633,64.41000366210938,32.8849983215332,49.41999816894531,60.13999938964844,54.54999923706055,46.3650016784668,93.08999633789062,34.380001068115234,25.084999084472656
2024-12-18,20.365808486938477,45.790000915527344,64.61499786376953,32.95000076293945,49.654998779296875,60.13999938964844,54.4900016784668,46.2400016784668,93.86000061035156,34.22999954223633,24.950000762939453
2024-12-19,19.661174774169922,45.060001373291016,62.75,32.529998779296875,48.88999938964844,59.099998474121094,53.220001220703125,46.029998779296875,92.41000366210938,34.154998779296875,24.655000686645508
2024-12-20,19.878713607788086,45.099998474121094,62.939998626708984,32.56999969482422,48.95500183105469,59.27000045776367,53.36000061035156,45.85499954223633,92.56999969482422,34.26499938964844,24.5049991607666
2024-12-23,19.717924118041992,45.08000183105469,62.70000076293945,32.459999084472656,48.8650016784668,59.029998779296875,53.130001068115234,45.290000915527344,93.04000091552734,34.375,24.46500015258789
2024-12-24,19.824329376220703,45.08000183105469,62.70000076293945,32.459999084472656,48.8650016784668,59.029998779296875,53.130001068115234,45.290000915527344,93.04000091552734,34.375,24.46500015258789
2024-12-27,19.942554473876953,45.71500015258789,63.04999923706055,32.810001373291016,49.404998779296875,59.31999969482422,53.41999816894531,45.65999984741211,92.86000061035156,34.540000915527344,24.43000030517578
2024-12-30,19.691911697387695,45.564998626708984,62.34000015258789,32.53499984741211,49.029998779296875,58.95000076293945,52.97999954223633,45.369998931884766,92.44999694824219,34.41999816894531,24.375
2024-12-31,19.807775497436523,45.564998626708984,62.34000015258789,32.53499984741211,49.029998779296875,58.95000076293945,52.97999954223633,45.369998931884766,92.44999694824219,34.41999816894531,24.375
2025-01-02,19.883440017700195,47.59000015258789,62.474998474121094,33.20500183105469,49.90999984741211,60.04999923706055,54.16999816894531,46.029998779296875,93.08999633789062,35.31999969482422,24.764999389648438
2025-01-03,19.897628784179688,47.76499938964844,62.290000915527344,33.05500030517578,49.775001525878906,59.650001525878906,53.369998931884766,45.7599983215332,93.33000183105469,35.435001373291016,24.700000762939453
2025-01-06,20.006397247314453,47.78499984741211,62.875,33.20500183105469,49.65999984741211,59.779998779296875,53.560001373291016,45.244998931884766,95.02999877929688,34.91999816894531,24.920000076293945
2025-01-07,19.769943237304688,48.0099983215332,62.130001068115234,33.11000061035156,49.86000061035156,59.849998474121094,53.58000183105469,45.06999969482422,93.36000061035156,34.91999816894531,24.8700008392334
2025-01-08,19.566593170166016,48.005001068115234,62.040000915527344,33.119998931884766,50.29999923706055,59.880001068115234,53.630001068115234,45.19499969482422,93.13999938964844,34.790000915527344,24.7450008392334
2025-01-09,19.583145141601562,48.14500045776367,61.98500061035156,33.185001373291016,50.43000030517578,59.77000045776367,53.91999816894531,45.40999984741211,92.91999816894531,34.79999923706055,24.780000686645508
2025-01-10,19.297035217285156,48.44499969482422,61.650001525878906,32.68000030517578,50.599998474121094,59.31999969482422,53.650001525878906,44.974998474121094,91.33999633789062,34.6150016784668,24.65999984741211
2025-01-13,19.178810119628906,49.51499938964844,61.51499938964844,32.7400016784668,50.65999984741211,59.4900016784668,54.119998931884766,44.93000030517578,90.33999633789062,34.224998474121094,24.459999084472656
2025-01-14,19.469642639160156,48.959999084472656,61.7400016784668,32.85499954223633,49.959999084472656,59.66999816894531,54.22999954223633,44.564998626708984,90.30999755859375,34.415000915527344,24.344999313354492
2025-01-15,19.71319580078125,49.904998779296875,62.685001373291016,33.685001373291016,50.209999084472656,60.439998626708984,54.900001525878906,44.66999816894531,92.05999755859375,35.1150016784668,24.815000534057617
2025-01-16,19.8763484954834,49.88999938964844,63.04999923706055,33.8650016784668,50.459999084472656,60.84000015258789,55.13999938964844,44.685001373291016,92.06999969482422,35.435001373291016,24.815000534057617
2025-01-17,20.004032135009766,50.540000915527344,63.869998931884766,34.154998779296875,50.41999816894531,61.459999084472656,55.900001525878906,45.2400016784668,93.04000091552734,35.869998931884766,24.920000076293945
2025-01-20,19.97566032409668,50.2400016784668,63.52000045776367,34.13999938964844,49.78499984741211,61.380001068115234,55.83000183105469,45.04999923706055,92.44999694824219,35.58000183105469,24.739999771118164
2025-01-21,20.167184829711914,49.970001220703125,63.47999954223633,34.17499923706055,50.31999969482422,61.79999923706055,56.02000045776367,45.185001373291016,91.7300033569336,35.834999084472656,24.81999969482422
2025-01-22,20.048961639404297,49.63999938964844,63.9900016784668,34.04999923706055,50.59000015258789,62.130001068115234,55.779998779296875,45.04999923706055,94.23999786376953,35.310001373291016,25.270000457763672
2025-01-23,20.025314331054688,49.150001525878906,63.97999954223633,34.275001525878906,50.72999954223633,62.70000076293945,55.56999969482422,45.0099983215332,94.16000366210938,35.380001068115234,25.299999237060547
2025-01-24,20.257038116455078,48.525001525878906,63.595001220703125,34.130001068115234,50.81999969482422,62.27000045776367,55.65999984741211,44.98500061035156,93.43000030517578,35.20500183105469,25.2549991607666
2025-01-27,20.24285125732422,47.900001525878906,63.20000076293945,34.189998626708984,51.58000183105469,60.83000183105469,55.29999923706055,45.83000183105469,87.73999786376953,34.474998474121094,25.290000915527344
2025-01-28,20.221569061279297,47.78499984741211,64.16500091552734,34.54999923706055,51.939998626708984,61.11000061035156,55.43000030517578,46.25,90.05999755859375,34.56999969482422,25.56999969482422
2025-01-29,20.122262954711914,48.095001220703125,64.25,34.814998626708984,51.869998931884766,61.40999984741211,55.619998931884766,46.17499923706055,90.44999694824219,34.85499954223633,25.770000457763672
2025-01-30,20.348663330078125,48.42499923706055,64.5,34.97999954223633,52.060001373291016,61.7400016784668,56.060001373291016,46.439998626708984,89.70999908447266,35.290000915527344,25.989999771118164
2025-01-31,20.346282958984375,48.08000183105469,65.25499725341797,35.02000045776367,52.54999923706055,62.189998626708984,56.119998931884766,46.43000030517578,91.8499984741211,35.47999954223633,26.395000457763672
2025-02-03,20.127120971679688,47.92499923706055,64.40499877929688,34.82500076293945,52.70000076293945,61.790000915527344,56.04999923706055,46.7599983215332,89.4000015258789,35.65999984741211,26.514999389648438
2025-02-04,20.16523551940918,48.494998931884766,64.5,34.724998474121094,52.0,61.349998474121094,55.95000076293945,46.345001220703125,90.11000061035156,35.369998931884766,26.56999969482422
2025-02-05,20.37725067138672,48.48500061035156,63.88999938964844,34.67499923706055,52.369998931884766,60.95000076293945,55.970001220703125,46.345001220703125,90.37999725341797,35.474998474121094,25.864999771118164
2025-02-06,20.470157623291016,48.314998626708984,64.40499877929688,35.26499938964844,52.75,61.70000076293945,56.86000061035156,46.915000915527344,91.75,35.46500015258789,26.15999984741211
2025-02-07,20.334369659423828,48.3650016784668,63.52000045776367,35.314998626708984,52.31999969482422,61.70000076293945,56.77000045776367,47.0,91.7300033569336,35.5099983215332,26.084999084472656
2025-02-10,20.353429794311523,49.18000030517578,63.93000030517578,35.125,52.2599983215332,62.119998931884766,56.97999954223633,47.19499969482422,93.06999969482422,35.755001068115234,26.315000534057617
2025-02-11,20.38916015625,49.560001373291016,63.03499984741211,35.025001525878906,52.040000915527344,62.130001068115234,56.93000030517578,47.29499816894531,93.05000305175781,35.650001525878906,26.110000610351562
2025-02-12,20.210493087768555,49.130001068115234,62.6349983215332,34.869998931884766,51.7400016784668,61.709999084472656,56.4900016784668,47.435001373291016,92.0199966430664,35.52000045776367,26.010000228881836
2025-02-13,20.443952560424805,48.369998931884766,63.11000061035156,35.029998779296875,51.790000915527344,62.040000915527344,57.09000015258789,47.599998474121094,93.05000305175781,35.595001220703125,26.0049991607666
2025-02-14,20.59640884399414,48.56999969482422,63.08000183105469,35.04999923706055,51.310001373291016,61.4900016784668,57.209999084472656,47.279998779296875,92.88999938964844,35.494998931884766,26.05500030517578
2025-02-17,20.570207595825195,48.5,63.474998474121094,35.23500061035156,51.279998779296875,61.84000015258789,57.400001525878906,47.369998931884766,93.7699966430664,35.39500045776367,26.25
2025-02-18,20.548768997192383,48.78499984741211,63.095001220703125,35.34000015258789,51.189998626708984,62.439998626708984,57.4900016784668,47.1150016784668,94.08000183105469,35.52000045776367,25.9950008392334
2025-02-19,20.42966079711914,49.459999084472656,62.97999954223633,35.375,51.709999084472656,62.29999923706055,57.0,47.54499816894531,94.54000091552734,35.90999984741211,26.075000762939453
2025-02-20,20.522565841674805,49.099998474121094,62.244998931884766,34.77000045776367,51.849998474121094,61.779998779296875,56.810001373291016,47.1349983215332,93.55000305175781,35.744998931884766,25.80500030517578
2025-02-21,20.51065444946289,49.06999969482422,62.0,34.97999954223633,52.0,61.4900016784668,56.83000183105469,47.459999084472656,93.4800033569336,35.935001373291016,25.770000457763672
2025-02-24,20.548768997192383,48.61000061035156,60.88999938964844,34.67499923706055,52.18000030517578,60.900001525878906,56.22999954223633,47.849998474121094,91.2300033569336,35.97999954223633,25.5
2025-02-25,20.655967712402344,47.5099983215332,59.345001220703125,34.314998626708984,52.25,60.439998626708984,55.70000076293945,48.380001068115234,88.55999755859375,35.650001525878906,24.825000762939453
2025-02-26,20.72504997253418,47.7400016784668,60.744998931884766,34.8650016784668,52.31999969482422,61.290000915527344,56.5099983215332,47.9900016784668,90.0999984741211,36.095001220703125,25.170000076293945
2025-02-27,20.679790496826172,48.39500045776367,60.43000030517578,35.26499938964844,52.66999816894531,61.630001068115234,56.369998931884766,48.189998626708984,89.54000091552734,35.85499954223633,25.149999618530273
2025-02-28,20.658348083496094,48.21500015258789,59.845001220703125,35.2400016784668,52.18000030517578,61.25,56.040000915527344,48.20000076293945,87.13999938964844,35.82500076293945,24.8799991607666
2025-03-03,20.832246780395508,48.119998931884766,59.95500183105469,35.48500061035156,52.720001220703125,61.779998779296875,56.22999954223633,48.54499816894531,86.83000183105469,35.88999938964844,25.010000228881836
2025-03-04,20.57497215270996,46.1150016784668,57.22999954223633,33.90999984741211,52.16999816894531,59.43000030517578,54.38999938964844,48.39500045776367,83.68000030517578,35.654998779296875,24.264999389648438
2025-03-05,20.56306266784668,44.39500045776367,56.834999084472656,33.48500061035156,51.16999816894531,59.540000915527344,54.77000045776367,46.959999084472656,82.11000061035156,34.27000045776367,23.860000610351562
2025-03-06,20.503503799438477,44.900001525878906,56.625,33.47999954223633,51.130001068115234,59.869998931884766,55.349998474121094,46.869998931884766,82.5,33.97999954223633,24.06999969482422
2025-03-07,20.305782318115234,45.18000030517578,54.6150016784668,32.71500015258789,50.83000183105469,59.150001525878906,54.529998779296875,46.84000015258789,80.41000366210938,34.0,23.344999313354492
2025-03-10,20.334369659423828,45.744998931884766,54.32500076293945,32.44499969482422,50.84000015258789,59.189998626708984,54.369998931884766,47.01499938964844,78.91000366210938,34.57500076293945,23.075000762939453
2025-03-11,20.027070999145508,45.189998626708984,53.04499816894531,31.790000915527344,49.185001373291016,57.689998626708984,53.130001068115234,45.775001525878906,77.55000305175781,34.189998626708984,22.645000457763672
2025-03-12,20.06041717529297,45.630001068115234,53.7599983215332,32.084999084472656,49.11000061035156,58.209999084472656,53.459999084472656,45.27000045776367,79.13999938964844,34.15999984741211,22.93000030517578
2025-03-13,19.886520385742188,45.665000915527344,52.744998931884766,32.08000183105469,49.1150016784668,57.939998626708984,53.619998931884766,45.08000183105469,78.1500015258789,34.29499816894531,22.68000030517578
2025-03-14,19.991334915161133,46.314998626708984,53.380001068115234,32.494998931884766,49.28499984741211,58.63999938964844,54.130001068115234,45.029998779296875,79.62000274658203,34.66999816894531,22.860000610351562
2025-03-17,20.334369659423828,47.07500076293945,53.275001525878906,32.779998779296875,49.66999816894531,59.310001373291016,54.66999816894531,45.46500015258789,79.41999816894531,35.02000045776367,22.94499969482422
2025-03-18,20.29863739013672,47.06999969482422,52.720001220703125,32.904998779296875,49.71500015258789,59.040000915527344,54.59000015258789,45.220001220703125,79.05999755859375,34.720001220703125,22.520000457763672
2025-03-19,20.248613357543945,47.974998474121094,53.4900016784668,33.2400016784668,49.93000030517578,59.91999816894531,54.90999984741211,45.15999984741211,80.12999725341797,34.880001068115234,22.84000015258789
2025-03-20,20.274816513061523,48.345001220703125,53.654998779296875,33.400001525878906,50.150001525878906,59.779998779296875,54.83000183105469,45.349998474121094,80.05000305175781,35.13999938964844,23.010000228881836
2025-03-21,20.105680465698242,48.15999984741211,53.845001220703125,33.34000015258789,50.119998931884766,59.2599983215332,53.88999938964844,45.36000061035156,80.12000274658203,35.13999938964844,23.075000762939453
2025-03-24,20.31531524658203,48.755001068115234,55.55500030517578,33.85499954223633,50.400001525878906,60.060001373291016,54.56999969482422,45.474998474121094,82.16000366210938,35.310001373291016,23.489999771118164
2025-03-25,20.296255111694336,48.935001373291016,55.834999084472656,34.03499984741211,50.029998779296875,60.15999984741211,54.77000045776367,45.18000030517578,82.33000183105469,34.73500061035156,23.770000457763672
2025-03-26,20.267669677734375,49.560001373291016,55.529998779296875,34.08000183105469,49.64500045776367,60.099998474121094,54.63999938964844,45.474998474121094,80.87999725341797,34.92499923706055,23.649999618530273
2025-03-27,20.258140563964844,49.32500076293945,55.654998779296875,33.9900016784668,49.599998474121094,59.65999984741211,54.400001525878906,45.939998626708984,79.95999908447266,35.099998474121094,23.489999771118164
2025-03-28,20.105680465698242,48.41999816894531,53.650001525878906,33.29499816894531,49.439998626708984,58.34000015258789,53.52000045776367,45.88999938964844,77.69000244140625,35.369998931884766,22.69499969482422
2025-03-31,20.26290512084961,49.165000915527344,52.790000915527344,33.15999984741211,49.40999984741211,57.869998931884766,52.90999984741211,46.220001220703125,76.19999694824219,35.5,22.40999984741211
2025-04-01,20.334369659423828,49.084999084472656,54.11000061035156,33.4900016784668,49.5099983215332,58.59000015258789,53.560001373291016,46.54999923706055,78.05000305175781,35.845001220703125,22.790000915527344
2025-04-02,20.346282958984375,49.095001220703125,54.040000915527344,33.474998474121094,48.8650016784668,58.439998626708984,53.290000915527344,46.3650016784668,78.30000305175781,35.810001373291016,22.719999313354492
2025-04-03,20.117589950561523,45.7599983215332,50.76499938964844,31.690000534057617,48.025001525878906,55.58000183105469,51.13999938964844,46.19499969482422,72.58999633789062,35.67499923706055,21.670000076293945
2025-04-04,19.2742977142334,42.17499923706055,49.505001068115234,29.71500015258789,46.3849983215332,52.959999084472656,48.70000076293945,45.220001220703125,69.01000213623047,34.4900016784668,20.934999465942383
2025-04-07,18.46196937561035,40.845001220703125,47.46500015258789,28.93000030517578,44.720001220703125,50.83000183105469,46.709999084472656,43.380001068115234,67.18000030517578,33.21500015258789,20.579999923706055
2025-04-08,18.64777946472168,41.494998931884766,49.474998474121094,29.985000610351562,45.939998626708984,53.08000183105469,48.0099983215332,44.595001220703125,70.30000305175781,33.75,21.170000076293945
2025-04-09,18.06890869140625,39.20500183105469,47.05500030517578,28.479999542236328,43.185001373291016,50.97999954223633,46.275001525878906,43.084999084472656,67.02999877929688,32.209999084472656,20.260000228881836
2025-04-10,18.80500602722168,39.79499816894531,49.224998474121094,29.690000534057617,43.939998626708984,53.220001220703125,48.060001373291016,44.11000061035156,70.66999816894531,33.31999969482422,21.229999542236328
2025-04-11,18.783567428588867,39.07500076293945,48.15999984741211,29.31999969482422,43.66999816894531,52.58000183105469,48.06999969482422,43.82500076293945,70.13999938964844,32.9900016784668,20.825000762939453
2025-04-14,19.493457794189453,40.209999084472656,49.16999816894531,30.2549991607666,44.915000915527344,54.09000015258789,49.369998931884766,44.814998626708984,72.11000061035156,33.76499938964844,21.235000610351562
2025-04-15,19.703088760375977,40.869998931884766,49.709999084472656,30.850000381469727,45.220001220703125,55.06999969482422,49.88999938964844,45.11000061035156,72.83000183105469,34.439998626708984,21.40999984741211
2025-04-16,19.93416404724121,41.31999969482422,49.025001525878906,30.635000228881836,45.02000045776367,54.4900016784668,49.7599983215332,44.92499923706055,70.83999633789062,34.375,21.114999771118164
2025-04-17,20.029449462890625,41.85499954223633,48.244998931884766,30.44499969482422,44.20500183105469,54.15999984741211,49.42499923706055,45.119998931884766,69.13999938964844,34.48500061035156,20.81999969482422
2025-04-22,20.096153259277344,41.244998931884766,48.185001373291016,30.31999969482422,43.814998626708984,53.58000183105469,49.42499923706055,45.36000061035156,68.16000366210938,34.2400016784668,20.829999923706055
2025-04-23,20.129501342773438,41.459999084472656,50.400001525878906,31.325000762939453,44.70000076293945,55.130001068115234,50.290000915527344,45.44499969482422,71.58999633789062,34.63999938964844,21.434999465942383
2025-04-24,20.153324127197266,42.005001068115234,50.31999969482422,31.350000381469727,44.959999084472656,55.380001068115234,50.720001220703125,45.20500183105469,72.91000366210938,34.57500076293945,21.690000534057617
2025-04-25,20.10329818725586,42.11000061035156,51.08000183105469,31.309999465942383,44.875,55.869998931884766,50.63999938964844,44.755001068115234,73.83000183105469,34.48500061035156,21.844999313354492
2025-04-28,20.196205139160156,42.209999084472656,51.005001068115234,31.450000762939453,45.369998931884766,56.02000045776367,50.81999969482422,45.025001525878906,73.66000366210938,34.68000030517578,21.790000915527344
2025-04-29,20.258140563964844,42.17499923706055,51.189998626708984,31.559999465942383,45.66999816894531,56.04999923706055,51.040000915527344,45.09000015258789,74.55000305175781,34.880001068115234,21.825000762939453
2025-04-30,20.274816513061523,41.73500061035156,50.94499969482422,31.7450008392334,46.1150016784668,56.380001068115234,51.0099983215332,45.540000915527344,74.41999816894531,35.029998779296875,21.920000076293945
2025-05-01,20.73834800720215,41.73500061035156,50.94499969482422,31.7450008392334,46.1150016784668,56.380001068115234,51.0099983215332,45.540000915527344,74.41999816894531,35.029998779296875,21.920000076293945
2025-05-02,20.851253509521484,41.915000915527344,52.32500076293945,32.3849983215332,45.970001220703125,57.9900016784668,51.86000061035156,45.69499969482422,77.80000305175781,35.33000183105469,22.7549991607666
2025-05-05,20.851253509521484,41.63999938964844,52.14500045776367,32.595001220703125,46.125,58.54999923706055,51.959999084472656,45.80500030517578,77.52999877929688,35.279998779296875,22.799999237060547
2025-05-06,20.942537307739258,41.790000915527344,51.8650016784668,32.41999816894531,45.415000915527344,58.13999938964844,51.720001220703125,45.814998626708984,76.94000244140625,35.63999938964844,22.764999389648438
2025-05-07,20.918516159057617,41.564998626708984,51.73500061035156,32.45500183105469,44.939998626708984,57.970001220703125,51.43000030517578,45.849998474121094,76.5,35.665000915527344,22.424999237060547
2025-05-08,20.794898986816406,42.470001220703125,52.97999954223633,32.915000915527344,44.81999969482422,59.130001068115234,51.90999984741211,45.880001068115234,78.83000183105469,35.584999084472656,22.665000915527344
2025-05-09,20.833650588989258,42.595001220703125,53.04999923706055,32.915000915527344,44.80500030517578,58.91999816894531,52.040000915527344,45.79999923706055,78.55999755859375,35.435001373291016,22.649999618530273
2025-05-12,20.915996551513672,43.904998779296875,55.994998931884766,33.80500030517578,45.63999938964844,60.72999954223633,53.22999954223633,45.904998779296875,82.54000091552734,35.46500015258789,23.149999618530273
2025-05-13,20.7464599609375,44.31999969482422,56.66999816894531,33.89500045776367,44.724998474121094,61.25,53.400001525878906,45.380001068115234,84.51000213623047,35.415000915527344,23.485000610351562
2025-05-14,20.545438766479492,44.095001220703125,56.65999984741211,33.834999084472656,43.79999923706055,60.79999923706055,52.66999816894531,44.9900016784668,85.08000183105469,34.92499923706055,23.55500030517578
2025-05-15,20.722238540649414,43.73500061035156,56.16999816894531,33.970001220703125,43.7400016784668,61.59000015258789,53.04999923706055,45.709999084472656,85.37999725341797,35.790000915527344,23.78499984741211
2025-05-16,20.894197463989258,44.029998779296875,56.709999084472656,34.279998779296875,44.67499923706055,61.88999938964844,53.16999816894531,46.255001068115234,85.31999969482422,36.220001220703125,23.905000686645508
2025-05-19,21.00802993774414,43.38999938964844,56.125,34.10499954223633,44.869998931884766,61.720001220703125,53.15999984741211,46.20000076293945,84.33999633789062,36.19499969482422,23.71500015258789
2025-05-20,21.03951644897461,43.380001068115234,56.310001373291016,34.1349983215332,45.27000045776367,62.11000061035156,53.43000030517578,46.47999954223633,84.26000213623047,36.56999969482422,23.795000076293945
2025-05-21,20.85787010192871,42.69499969482422,55.53499984741211,33.720001220703125,44.73500061035156,61.45000076293945,53.08000183105469,46.15999984741211,83.81999969482422,36.185001373291016,23.96500015258789
2025-05-22,20.4727783203125,42.154998779296875,55.275001525878906,33.52000045776367,44.03499984741211,60.970001220703125,52.689998626708984,45.85499954223633,83.05999755859375,35.65999984741211,23.940000534057617
2025-05-23,20.513952255249023,42.150001525878906,54.584999084472656,33.209999084472656,43.8849983215332,60.650001525878906,52.77000045776367,45.79499816894531,81.56999969482422,35.71500015258789,23.579999923706055
2025-05-26,20.513952255249023,42.60499954223633,54.915000915527344,33.51499938964844,44.255001068115234,61.13999938964844,53.09000015258789,46.02000045776367,82.5,36.05500030517578,23.7549991607666
2025-05-27,20.89177703857422,42.68000030517578,55.744998931884766,33.72999954223633,44.48500061035156,61.81999969482422,53.27000045776367,46.17499923706055,83.30000305175781,36.1349983215332,23.93000030517578
2025-05-28,20.81427574157715,42.57500076293945,55.9900016784668,33.65999984741211,44.46500015258789,61.65999984741211,52.970001220703125,46.20500183105469,83.68000030517578,35.869998931884766,24.059999465942383
2025-05-29,21.027406692504883,42.189998626708984,55.814998626708984,33.52000045776367,44.380001068115234,61.33000183105469,52.689998626708984,45.79499816894531,83.83000183105469,35.67499923706055,23.7450008392334
2025-05-30,21.07826805114746,42.21500015258789,55.65999984741211,33.66999816894531,44.630001068115234,61.34000015258789,52.619998931884766,46.38999938964844,83.05000305175781,35.9900016784668,23.655000686645508
2025-06-02,21.10975456237793,42.47999954223633,54.81999969482422,33.525001525878906,44.29499816894531,60.91999816894531,52.83000183105469,46.03499984741211,82.75,36.07500076293945,23.670000076293945
2025-06-03,21.066158294677734,43.369998931884766,55.58000183105469,33.79499816894531,44.57500076293945,61.439998626708984,52.88999938964844,46.17499923706055,84.58999633789062,36.084999084472656,23.795000076293945
2025-06-04,21.0952205657959,42.625,55.13999938964844,33.73500061035156,44.790000915527344,61.689998626708984,53.27000045776367,46.255001068115234,84.73999786376953,35.900001525878906,23.864999771118164
2025-06-05,21.138816833496094,42.38999938964844,55.21500015258789,33.66999816894531,44.69499969482422,61.54999923706055,53.41999816894531,45.720001220703125,85.31999969482422,35.53499984741211,24.094999313354492
2025-06-06,21.19209861755371,43.11000061035156,54.81999969482422,33.9900016784668,45.08000183105469,61.91999816894531,53.310001373291016,45.834999084472656,85.33999633789062,35.66999816894531,24.295000076293945
2025-06-09,21.22116470336914,43.125,54.869998931884766,33.84000015258789,44.970001220703125,61.88999938964844,53.54999923706055,45.71500015258789,85.47000122070312,35.7599983215332,24.469999313354492
2025-06-10,21.381011962890625,43.904998779296875,55.3650016784668,33.7400016784668,45.369998931884766,61.400001525878906,53.59000015258789,45.69499969482422,85.30999755859375,35.57500076293945,24.485000610351562
2025-06-11,21.44882583618164,43.595001220703125,55.42499923706055,33.64500045776367,45.33000183105469,61.310001373291016,53.36000061035156,45.345001220703125,85.48999786376953,35.54999923706055,24.454999923706055
2025-06-12,21.33015251159668,43.97999954223633,54.404998779296875,33.275001525878906,45.209999084472656,60.790000915527344,53.029998779296875,45.08000183105469,84.91000366210938,35.55500030517578,24.049999237060547
2025-06-13,21.238117218017578,44.66999816894531,54.005001068115234,32.970001220703125,45.275001525878906,60.720001220703125,52.72999954223633,45.08000183105469,84.23999786376953,35.70000076293945,24.045000076293945
2025-06-16,21.35194969177246,44.525001525878906,54.48500061035156,33.27000045776367,44.665000915527344,61.09000015258789,52.88999938964844,44.82500076293945,85.05999755859375,35.71500015258789,24.145000457763672
2025-06-17,21.26233673095703,45.220001220703125,54.20500183105469,33.0,44.44499969482422,60.689998626708984,52.529998779296875,44.7599983215332,85.12999725341797,35.40999984741211,24.229999542236328
2025-06-18,21.371322631835938,44.98500061035156,54.185001373291016,33.099998474121094,44.21500015258789,60.650001525878906,52.36000061035156,44.709999084472656,85.08000183105469,35.404998779296875,24.149999618530273
2025-06-19,21.14850425720215,45.6150016784668,53.375,32.82500076293945,44.084999084472656,60.060001373291016,51.77000045776367,44.599998474121094,84.25,35.3849983215332,23.93000030517578
2025-06-20,21.356792449951172,45.16999816894531,53.400001525878906,33.084999084472656,43.875,60.22999954223633,51.75,44.60499954223633,84.58000183105469,35.61000061035156,23.795000076293945
2025-06-23,21.402809143066406,45.125,54.10499954223633,32.915000915527344,43.650001525878906,60.20000076293945,51.66999816894531,44.69499969482422,84.69999694824219,35.849998474121094,23.665000915527344
2025-06-24,21.528749465942383,43.57500076293945,54.255001068115234,33.505001068115234,43.72999954223633,60.45000076293945,51.959999084472656,44.70500183105469,86.0999984741211,35.80500030517578,23.959999084472656
2025-06-25,21.288976669311523,43.18000030517578,53.80500030517578,33.40999984741211,43.790000915527344,60.29999923706055,51.5,44.224998474121094,86.87000274658203,35.349998474121094,24.1200008392334
2025-06-26,21.160614013671875,43.349998474121094,53.76499938964844,33.45000076293945,43.849998474121094,60.68000030517578,52.0099983215332,43.7599983215332,86.76000213623047,35.34000015258789,24.15999984741211
2025-06-27,21.361635208129883,43.27000045776367,54.54499816894531,33.685001373291016,43.8650016784668,61.459999084472656,52.11000061035156,43.95000076293945,87.56999969482422,35.53499984741211,24.420000076293945
2025-06-30,21.165456771850586,42.994998931884766,54.404998779296875,33.685001373291016,43.66999816894531,61.310001373291016,51.849998474121094,43.90999984741211,87.37000274658203,35.314998626708984,24.575000762939453
2025-07-01,21.47789192199707,42.970001220703125,54.40999984741211,33.58000183105469,44.32500076293945,61.150001525878906,52.4900016784668,44.439998626708984,86.54000091552734,35.505001068115234,24.31999969482422
2025-07-02,21.397964477539062,43.23500061035156,54.6150016784668,33.650001525878906,43.95500183105469,61.11000061035156,53.04999923706055,44.16999816894531,87.22000122070312,35.189998626708984,24.290000915527344
2025-07-03,21.519062042236328,43.84000015258789,54.939998626708984,34.060001373291016,43.79499816894531,61.650001525878906,53.2599983215332,44.36000061035156,88.86000061035156,35.439998626708984,24.40999984741211
2025-07-04,21.42702865600586,43.439998626708984,54.400001525878906,33.79499816894531,43.76499938964844,61.150001525878906,52.900001525878906,44.35499954223633,88.01000213623047,35.36000061035156,24.315000534057617
2025-07-07,21.395540237426758,43.38999938964844,54.525001525878906,34.005001068115234,43.66999816894531,61.63999938964844,52.880001068115234,44.39500045776367,88.5199966430664,35.564998626708984,24.405000686645508
2025-07-08,21.184833526611328,44.095001220703125,54.65999984741211,33.8849983215332,44.08000183105469,61.83000183105469,52.9900016784668,44.279998779296875,88.63999938964844,35.2599983215332,24.190000534057617
2025-07-09,21.194520950317383,44.255001068115234,54.67499923706055,34.005001068115234,43.88999938964844,61.959999084472656,52.93000030517578,43.92499923706055,89.16999816894531,35.470001220703125,24.469999313354492
2025-07-10,21.298664093017578,44.4900016784668,55.25,34.2400016784668,44.68000030517578,62.4900016784668,53.84000015258789,44.255001068115234,89.56999969482422,35.599998474121094,24.28499984741211
2025-07-11,21.1557674407959,44.849998474121094,54.9900016784668,33.915000915527344,43.84000015258789,62.189998626708984,53.290000915527344,43.845001220703125,89.41000366210938,35.505001068115234,24.18000030517578
2025-07-14,21.342260360717773,44.42499923706055,55.21500015258789,34.029998779296875,44.029998779296875,62.279998779296875,53.290000915527344,44.0099983215332,89.13999938964844,35.720001220703125,24.424999237060547
2025-07-15,21.19209861755371,44.43000030517578,55.3849983215332,33.95000076293945,43.67499923706055,62.58000183105469,52.90999984741211,43.91999816894531,91.11000061035156,35.744998931884766,24.6299991607666
2025-07-16,21.213895797729492,43.630001068115234,54.689998626708984,33.474998474121094,43.685001373291016,61.599998474121094,52.290000915527344,43.65999984741211,89.7300033569336,35.439998626708984,24.354999542236328
2025-07-17,21.196943283081055,44.06999969482422,55.32500076293945,34.20500183105469,43.814998626708984,62.88999938964844,52.7400016784668,44.165000915527344,91.87000274658203,35.7599983215332,24.59000015258789
2025-07-18,21.235694885253906,43.959999084472656,55.2400016784668,34.220001220703125,43.35499954223633,62.810001373291016,52.7400016784668,44.189998626708984,91.18000030517578,36.150001525878906,24.485000610351562
2025-07-21,21.44398307800293,43.470001220703125,55.44499969482422,34.28499984741211,43.029998779296875,62.650001525878906,53.40999984741211,44.05500030517578,91.33000183105469,36.345001220703125,24.7450008392334
2025-07-22,21.552968978881836,43.32500076293945,55.52000045776367,34.01499938964844,43.2599983215332,62.13999938964844,53.650001525878906,43.900001525878906,89.88999938964844,36.5,24.655000686645508
2025-07-23,21.678911209106445,43.775001525878906,56.42499923706055,34.349998474121094,44.095001220703125,63.45000076293945,54.380001068115234,44.09000015258789,89.9800033569336,36.540000915527344,24.700000762939453
2025-07-24,21.619155883789062,43.904998779296875,55.68000030517578,34.56999969482422,44.279998779296875,63.56999969482422,53.70000076293945,43.91999816894531,90.4800033569336,36.224998474121094,24.94499969482422
2025-07-25,21.46022605895996,44.005001068115234,55.935001373291016,34.540000915527344,44.31999969482422,63.529998779296875,53.45000076293945,43.77000045776367,91.0199966430664,36.19499969482422,24.915000915527344
2025-07-28,21.413768768310547,44.75,56.775001525878906,34.685001373291016,44.73500061035156,63.81999969482422,53.52000045776367,43.89500045776367,92.16000366210938,36.279998779296875,24.899999618530273
2025-07-29,21.403989791870117,45.314998626708984,56.55500030517578,34.83000183105469,44.439998626708984,63.91999816894531,53.52000045776367,44.255001068115234,93.1500015258789,36.65999984741211,25.065000534057617
2025-07-30,21.479785919189453,45.22999954223633,56.630001068115234,35.0,44.58000183105469,64.12000274658203,53.459999084472656,44.36000061035156,93.69000244140625,37.09000015258789,25.264999389648438
2025-07-31,21.16437339782715,45.125,56.599998474121094,35.005001068115234,44.189998626708984,64.36000061035156,52.7599983215332,44.125,94.51000213623047,37.11000061035156,25.68000030517578
2025-08-01,20.914981842041016,44.04499816894531,54.40999984741211,33.8650016784668,43.060001373291016,62.54999923706055,51.869998931884766,43.89500045776367,91.02999877929688,37.084999084472656,25.05500030517578
2025-08-04,21.291519165039062,44.154998779296875,54.44499969482422,34.2599983215332,43.61000061035156,63.08000183105469,52.529998779296875,43.959999084472656,92.4000015258789,37.54999923706055,25.44499969482422
2025-08-05,21.306188583374023,43.92499923706055,54.71500015258789,34.185001373291016,43.630001068115234,62.90999984741211,52.81999969482422,44.029998779296875,91.86000061035156,37.32500076293945,25.46500015258789
2025-08-06,21.479785919189453,44.3650016784668,55.154998779296875,34.39500045776367,42.939998626708984,62.90999984741211,52.83000183105469,44.220001220703125,92.30000305175781,37.119998931884766,25.350000381469727
2025-08-07,21.347753524780273,43.75,55.64500045776367,34.345001220703125,42.36000061035156,62.939998626708984,53.11000061035156,44.375,93.37000274658203,37.03499984741211,25.44499969482422
2025-08-08,21.433332443237305,43.79499816894531,55.8849983215332,34.415000915527344,42.650001525878906,63.310001373291016,53.63999938964844,44.65999984741211,93.4800033569336,37.13999938964844,25.635000228881836
2025-08-11,21.301300048828125,43.78499984741211,56.10499954223633,34.654998779296875,43.04499816894531,63.02000045776367,53.400001525878906,44.775001525878906,94.41999816894531,36.935001373291016,25.780000686645508
2025-08-12,21.257287979125977,43.89500045776367,56.0099983215332,34.79999923706055,42.880001068115234,63.34000015258789,53.689998626708984,44.65999984741211,94.0199966430664,36.72999954223633,25.96500015258789
2025-08-13,21.462669372558594,43.595001220703125,56.59000015258789,34.82500076293945,43.435001373291016,63.13999938964844,54.0099983215332,44.54999923706055,93.97000122070312,36.79999923706055,25.975000381469727
2025-08-14,21.352643966674805,44.0,56.92499923706055,35.11000061035156,43.849998474121094,63.349998474121094,54.029998779296875,44.60499954223633,94.13999938964844,37.10499954223633,26.15999984741211
2025-08-15,21.445556640625,44.084999084472656,56.92499923706055,35.029998779296875,43.849998474121094,63.349998474121094,54.029998779296875,44.60499954223633,94.13999938964844,37.10499954223633,26.15999984741211
2025-08-18,21.403989791870117,43.900001525878906,57.19499969482422,34.95500183105469,44.8849983215332,63.439998626708984,54.119998931884766,44.584999084472656,93.4000015258789,36.845001220703125,26.155000686645508
2025-08-19,21.58247947692871,43.970001220703125,57.459999084472656,35.07500076293945,44.92499923706055,63.599998474121094,54.290000915527344,44.89500045776367,92.75,36.869998931884766,25.8700008392334
2025-08-20,21.731624603271484,44.125,56.755001068115234,35.16999816894531,45.040000915527344,63.209999084472656,54.290000915527344,45.5099983215332,91.0999984741211,37.1349983215332,25.65999984741211
2025-08-21,21.64116096496582,44.474998474121094,56.599998474121094,35.255001068115234,45.45500183105469,63.290000915527344,54.4900016784668,45.375,91.48999786376953,37.220001220703125,25.795000076293945
2025-08-22,22.015254974365234,44.974998474121094,57.71500015258789,35.470001220703125,45.16999816894531,63.779998779296875,55.099998474121094,44.92499923706055,92.2300033569336,37.07500076293945,25.954999923706055
2025-08-25,22.015254974365234,45.19499969482422,57.939998626708984,35.32500076293945,44.82500076293945,63.560001373291016,55.13999938964844,44.470001220703125,92.55000305175781,36.7400016784668,26.225000381469727
2025-08-26,21.765857696533203,44.96500015258789,57.744998931884766,35.2400016784668,44.790000915527344,63.2599983215332,55.060001373291016,44.22999954223633,92.4000015258789,36.63999938964844,26.065000534057617
2025-08-27,21.834320068359375,45.63999938964844,57.744998931884766,35.56999969482422,45.130001068115234,63.81999969482422,55.2599983215332,44.30500030517578,93.30000305175781,36.8650016784668,26.239999771118164
2025-08-28,21.839208602905273,45.599998474121094,58.01499938964844,35.404998779296875,44.619998931884766,63.52000045776367,55.060001373291016,44.06999969482422,93.5199966430664,36.64500045776367,26.270000457763672
2025-08-29,21.917449951171875,46.0,57.380001068115234,35.36000061035156,44.65999984741211,62.959999084472656,55.119998931884766,44.064998626708984,92.04000091552734,36.29499816894531,26.094999313354492
2025-09-01,22.015254974365234,46.08000183105469,57.40999984741211,35.43000030517578,44.91999816894531,63.25,55.34000015258789,44.27000045776367,92.12999725341797,36.33000183105469,26.19499969482422
2025-09-02,21.68272590637207,46.025001525878906,56.69499969482422,35.0,44.84000015258789,62.209999084472656,54.88999938964844,44.244998931884766,90.58999633789062,36.029998779296875,25.8799991607666
2025-09-03,21.621599197387695,45.33000183105469,57.244998931884766,34.9900016784668,44.91999816894531,62.33000183105469,55.06999969482422,44.17499923706055,91.5999984741211,35.974998474121094,26.7450008392334
2025-09-04,21.68272590637207,45.55500030517578,58.03499984741211,35.3849983215332,45.18000030517578,62.880001068115234,54.95000076293945,44.55500030517578,92.36000061035156,35.9900016784668,27.100000381469727
2025-09-05,21.978578567504883,44.35499954223633,57.8650016784668,34.81999969482422,45.060001373291016,62.36000061035156,55.11000061035156,44.375,91.69999694824219,35.685001373291016,27.100000381469727
2025-09-08,21.971242904663086,44.31999969482422,58.334999084472656,34.904998779296875,44.900001525878906,63.18000030517578,55.540000915527344,44.07500076293945,93.05000305175781,35.619998931884766,27.19499969482422
2025-09-09,21.971242904663086,44.994998931884766,58.20000076293945,35.20500183105469,45.20000076293945,62.560001373291016,55.31999969482422,44.17499923706055,92.58999633789062,35.689998626708984,27.30500030517578
2025-09-10,22.03725814819336,45.02000045776367,57.939998626708984,35.09000015258789,44.900001525878906,63.02000045776367,55.15999984741211,43.880001068115234,94.68000030517578,36.09000015258789,27.354999542236328
2025-09-11,22.220638275146484,45.35499954223633,58.40999984741211,35.459999084472656,45.439998626708984,63.70000076293945,55.810001373291016,44.22999954223633,94.72000122070312,36.35499954223633,27.329999923706055
2025-09-12,22.235307693481445,45.314998626708984,58.58000183105469,35.435001373291016,45.185001373291016,63.58000183105469,55.869998931884766,44.09000015258789,94.95999908447266,36.57500076293945,27.399999618530273
2025-09-15,22.269540786743164,45.040000915527344,59.375,35.44499969482422,44.59000015258789,63.630001068115234,55.790000915527344,43.775001525878906,95.05000305175781,36.650001525878906,27.704999923706055
2025-09-16,22.157066345214844,45.244998931884766,59.064998626708984,34.904998779296875,44.255001068115234,62.97999954223633,55.0,43.31999969482422,94.55000305175781,36.06999969482422,27.56999969482422
2025-09-17,22.232864379882812,45.2599983215332,58.880001068115234,35.20000076293945,44.5,62.79999923706055,55.029998779296875,43.69499969482422,93.69000244140625,36.05500030517578,27.545000076293945
2025-09-18,22.083715438842773,45.34000015258789,59.58000183105469,35.459999084472656,44.595001220703125,63.380001068115234,54.83000183105469,43.58000183105469,96.04000091552734,36.04999923706055,27.875
2025-09-19,22.059263229370117,44.939998626708984,59.51499938964844,35.5,44.75,63.400001525878906,55.34000015258789,43.38999938964844,96.4000015258789,36.01499938964844,27.875
2025-09-22,21.956571578979492,44.88999938964844,59.20500183105469,35.40999984741211,44.79999923706055,63.470001220703125,55.540000915527344,43.01499938964844,97.61000061035156,36.224998474121094,27.795000076293945
2025-09-23,22.054372787475586,45.724998474121094,58.86000061035156,35.47999954223633,44.650001525878906,63.70000076293945,55.84000015258789,42.79499816894531,98.01000213623047,36.44499969482422,27.649999618530273
2025-09-24,21.96879768371582,46.435001373291016,58.90999984741211,35.369998931884766,44.560001373291016,63.7400016784668,55.58000183105469,43.150001525878906,97.4000015258789,36.7599983215332,27.520000457763672
2025-09-25,21.790307998657227,46.70500183105469,58.6150016784668,35.334999084472656,43.8650016784668,63.380001068115234,55.369998931884766,43.18000030517578,97.37999725341797,36.93000030517578,27.5
2025-09-26,21.93701171875,47.255001068115234,58.755001068115234,35.56999969482422,44.029998779296875,63.81999969482422,55.619998931884766,42.9900016784668,97.16999816894531,37.13999938964844,27.450000762939453
2025-09-29,22.049482345581055,46.20500183105469,59.064998626708984,35.540000915527344,44.18000030517578,63.869998931884766,56.08000183105469,42.935001373291016,97.98999786376953,37.17499923706055,27.530000686645508
2025-09-30,22.039703369140625,45.47999954223633,58.560001373291016,35.40999984741211,44.59000015258789,63.93000030517578,55.90999984741211,43.150001525878906,98.30000305175781,37.189998626708984,27.079999923706055
2025-10-01,22.245088577270508,45.66999816894531,59.09000015258789,35.4900016784668,46.375,64.26000213623047,56.34000015258789,43.040000915527344,98.87999725341797,37.709999084472656,27.020000457763672
2025-10-02,22.056819915771484,45.540000915527344,59.125,35.3650016784668,46.69499969482422,64.47000122070312,56.11000061035156,43.060001373291016,100.06999969482422,37.59000015258789,27.010000228881836
2025-10-03,22.269540786743164,45.564998626708984,58.869998931884766,35.56999969482422,47.220001220703125,64.97000122070312,56.38999938964844,42.96500015258789,100.47000122070312,38.060001373291016,26.979999542236328
2025-10-06,22.203521728515625,46.064998626708984,59.11000061035156,35.68000030517578,47.310001373291016,65.29000091552734,56.959999084472656,42.81999969482422,101.02999877929688,38.095001220703125,26.924999237060547
2025-10-07,22.127723693847656,45.994998931884766,59.0,35.68000030517578,47.29499816894531,64.86000061035156,56.61000061035156,43.1349983215332,100.27999877929688,38.52000045776367,27.165000915527344
2025-10-08,21.927228927612305,46.23500061035156,59.34000015258789,35.90999984741211,47.68000030517578,65.68000030517578,57.22999954223633,43.35499954223633,101.83999633789062,38.80500030517578,27.184999465942383
2025-10-09,21.83187484741211,46.125,58.92499923706055,35.72999954223633,47.77000045776367,65.55000305175781,56.970001220703125,43.474998474121094,102.55000305175781,39.04999923706055,27.219999313354492
2025-10-10,21.61426544189453,44.92499923706055,57.724998474121094,35.119998931884766,47.125,64.36000061035156,55.880001068115234,43.64500045776367,99.58000183105469,38.9900016784668,26.899999618530273
2025-10-13,21.65583038330078,45.05500030517578,58.26499938964844,35.30500030517578,47.224998474121094,64.48999786376953,56.709999084472656,43.494998931884766,100.79000091552734,39.07500076293945,27.114999771118164
2025-10-14,21.775638580322266,44.875,58.0099983215332,35.39500045776367,46.63999938964844,64.33000183105469,56.75,43.7400016784668,99.22000122070312,39.224998474121094,27.225000381469727
2025-10-15,22.020143508911133,45.01499938964844,58.650001525878906,35.494998931884766,46.875,64.91999816894531,57.31999969482422,44.084999084472656,100.0199966430664,39.61000061035156,27.420000076293945
2025-10-16,22.213300704956055,44.560001373291016,58.34000015258789,35.08000183105469,47.005001068115234,64.77999877929688,57.439998626708984,44.3849983215332,100.13999938964844,39.76499938964844,27.545000076293945
2025-10-17,22.147287368774414,44.349998474121094,57.85499954223633,34.51499938964844,46.849998474121094,63.959999084472656,56.22999954223633,44.69499969482422,98.70999908447266,39.275001525878906,27.274999618530273
2025-10-20,22.3428897857666,44.68000030517578,58.595001220703125,35.02000045776367,47.375,64.91000366210938,56.95000076293945,44.65999984741211,101.52999877929688,39.38999938964844,27.844999313354492
2025-10-21,22.367341995239258,44.904998779296875,59.67499923706055,35.255001068115234,47.76499938964844,65.37999725341797,56.15999984741211,44.630001068115234,101.5999984741211,39.27000045776367,27.670000076293945
2025-10-22,22.399126052856445,45.380001068115234,59.15999984741211,35.064998626708984,47.974998474121094,64.94999694824219,56.0,44.939998626708984,100.19999694824219,39.17499923706055,27.524999618530273
2025-10-23,22.377119064331055,46.25,59.2400016784668,35.060001373291016,47.72999954223633,65.56999969482422,56.63999938964844,44.63999938964844,101.5199966430664,39.099998474121094,27.5
2025-10-24,22.45145034790039,46.25,59.2400016784668,35.060001373291016,47.72999954223633,65.56999969482422,56.63999938964844,44.63999938964844,101.5199966430664,39.099998474121094,27.5
2025-10-27,22.553163528442383,45.8650016784668,60.2599983215332,35.560001373291016,47.58000183105469,66.08000183105469,56.06999969482422,44.345001220703125,104.43000030517578,39.33000183105469,28.040000915527344
2025-10-28,22.254865646362305,45.755001068115234,60.42499923706055,35.58000183105469,47.31999969482422,65.8499984741211,56.15999984741211,44.10499954223633,105.5,39.19499969482422,28.079999923706055
2025-10-29,21.99569320678711,46.125,60.154998779296875,35.29999923706055,47.244998931884766,65.94000244140625,56.400001525878906,43.42499923706055,107.06999969482422,39.244998931884766,28.19499969482422
2025-10-30,21.88810920715332,46.33000183105469,59.630001068115234,35.439998626708984,47.3849983215332,66.19000244140625,56.08000183105469,43.529998779296875,107.2300033569336,39.42499923706055,28.270000457763672
2025-10-31,21.790307998657227,46.01499938964844,60.779998779296875,35.44499969482422,47.130001068115234,66.02999877929688,55.529998779296875,43.33000183105469,106.88999938964844,39.14500045776367,28.049999237060547
2025-11-03,21.721925735473633,46.279998779296875,61.75,35.39500045776367,47.130001068115234,66.16999816894531,55.27000045776367,43.255001068115234,107.29000091552734,39.10499954223633,27.940000534057617
2025-11-04,21.817996978759766,46.05500030517578,61.165000915527344,35.65999984741211,47.665000915527344,65.30000305175781,54.810001373291016,43.51499938964844,106.05000305175781,39.26499938964844,27.65999984741211
2025-11-05,21.798288345336914,46.595001220703125,61.0,35.709999084472656,47.69499969482422,65.6500015258789,55.20000076293945,43.619998931884766,105.87000274658203,39.369998931884766,27.829999923706055
2025-11-06,21.79090118408203,46.21500015258789,59.7599983215332,35.435001373291016,47.6349983215332,65.0,55.099998474121094,43.3849983215332,102.9000015258789,39.26499938964844,27.584999084472656
2025-11-07,21.9140682220459,46.40999984741211,59.150001525878906,35.14500045776367,47.40999984741211,64.4800033569336,54.779998779296875,43.68000030517578,100.06999969482422,38.96500015258789,27.049999237060547
2025-11-10,21.98797035217285,46.935001373291016,60.42499923706055,35.71500015258789,47.89500045776367,65.5,55.91999816894531,43.525001525878906,103.5,39.290000915527344,27.735000610351562
2025-11-11,22.1875,47.834999084472656,60.47999954223633,35.9900016784668,48.78499984741211,65.44000244140625,56.27000045776367,43.994998931884766,103.05999755859375,39.334999084472656,27.834999084472656
2025-11-12,22.254011154174805,47.25,60.529998779296875,36.3650016784668,49.650001525878906,65.91999816894531,57.11000061035156,44.209999084472656,103.47000122070312,39.525001525878906,27.735000610351562
2025-11-13,22.06186866760254,47.4900016784668,59.334999084472656,35.96500015258789,49.86000061035156,64.83000183105469,56.790000915527344,43.915000915527344,101.38999938964844,39.290000915527344,27.264999389648438
2025-11-14,21.95840835571289,47.78499984741211,59.03499984741211,35.71500015258789,49.435001373291016,64.79000091552734,56.25,43.67499923706055,102.1500015258789,39.310001373291016,27.135000228881836
2025-11-17,21.89189910888672,47.810001373291016,58.61000061035156,35.32500076293945,49.619998931884766,64.41999816894531,55.90999984741211,43.76499938964844,100.91999816894531,39.505001068115234,27.46500015258789
2025-11-18,21.773656845092773,47.314998626708984,57.34000015258789,34.89500045776367,49.4900016784668,63.459999084472656,55.04999923706055,43.60499954223633,99.06999969482422,39.5,27.25
2025-11-19,21.70221710205078,47.06999969482422,57.165000915527344,34.77000045776367,49.525001525878906,63.40999984741211,55.310001373291016,43.470001220703125,99.97000122070312,39.20000076293945,27.520000457763672
2025-11-20,21.795827865600586,47.52000045776367,57.48500061035156,35.18000030517578,49.60499954223633,63.7400016784668,55.40999984741211,43.915000915527344,100.63999938964844,39.40999984741211,27.604999542236328
2025-11-21,21.6948299407959,47.025001525878906,56.915000915527344,34.96500015258789,50.119998931884766,63.0,55.11000061035156,44.439998626708984,97.4000015258789,39.07500076293945,27.485000610351562
2025-11-24,21.86726188659668,46.755001068115234,58.060001373291016,35.17499923706055,50.56999969482422,63.66999816894531,55.88999938964844,44.064998626708984,99.79000091552734,39.165000915527344,27.989999771118164
2025-11-25,22.084041595458984,46.5099983215332,58.29499816894531,35.459999084472656,51.040000915527344,63.59000015258789,56.279998779296875,44.209999084472656,98.83000183105469,39.165000915527344,28.200000762939453
2025-11-26,22.254011154174805,46.81999969482422,59.1349983215332,35.84000015258789,51.18000030517578,64.36000061035156,56.9900016784668,44.59000015258789,100.95999908447266,39.51499938964844,28.334999084472656
2025-11-27,22.322986602783203,46.790000915527344,58.875,35.8650016784668,51.060001373291016,64.37999725341797,56.97999954223633,44.53499984741211,100.54000091552734,39.64500045776367,28.424999237060547
2025-11-28,22.337766647338867,47.40999984741211,59.34000015258789,36.125,50.849998474121094,64.68000030517578,57.560001373291016,44.744998931884766,100.94000244140625,39.78499984741211,28.434999465942383
2025-12-01,22.130842208862305,47.505001068115234,59.525001525878906,35.900001525878906,50.47999954223633,64.23999786376953,57.84000015258789,44.81999969482422,100.77999877929688,39.255001068115234,28.299999237060547
2025-12-02,22.01506805419922,47.119998931884766,59.150001525878906,35.98500061035156,50.2599983215332,63.880001068115234,56.75,44.35499954223633,101.73999786376953,39.03499984741211,28.170000076293945
2025-12-03,22.044626235961914,47.51499938964844,59.404998779296875,35.8650016784668,50.209999084472656,64.30000305175781,57.36000061035156,44.3650016784668,101.47000122070312,38.80500030517578,28.139999389648438
2025-12-04,22.054479598999023,47.79999923706055,59.31999969482422,36.189998626708984,49.810001373291016,65.16999816894531,57.52000045776367,44.040000915527344,101.72000122070312,38.83000183105469,28.239999771118164
2025-12-05,21.973188400268555,47.9900016784668,59.724998474121094,36.275001525878906,49.86000061035156,65.18000030517578,57.7599983215332,44.310001373291016,102.26000213623047,38.54499816894531,28.524999618530273
2025-12-08,21.85248374938965,47.42499923706055,59.15999984741211,36.22999954223633,49.435001373291016,65.44000244140625,57.40999984741211,43.79499816894531,103.0999984741211,38.33000183105469,28.235000610351562
2025-12-09,21.77119255065918,47.59000015258789,59.1349983215332,36.5,49.10499954223633,65.37000274658203,57.18000030517578,43.790000915527344,103.5,38.21500015258789,28.075000762939453
2025-12-10,21.75887680053711,47.26499938964844,59.380001068115234,36.3650016784668,49.060001373291016,65.11000061035156,57.220001220703125,43.904998779296875,102.83000183105469,37.84000015258789,28.100000381469727
2025-12-11,21.86480140686035,47.040000915527344,59.150001525878906,36.64500045776367,49.439998626708984,65.52999877929688,58.25,43.8650016784668,100.75,37.790000915527344,27.700000762939453
2025-12-12,21.854948043823242,46.625,59.2400016784668,36.68000030517578,49.380001068115234,65.38999938964844,57.95000076293945,43.85499954223633,99.44999694824219,37.810001373291016,27.489999771118164
2025-12-15,21.928848266601562,46.154998779296875,59.78499984741211,36.915000915527344,49.77000045776367,65.70999908447266,58.150001525878906,44.18000030517578,98.81999969482422,37.93000030517578,27.485000610351562
2025-12-16,21.87465476989746,45.19499969482422,59.61000061035156,36.77000045776367,49.27000045776367,65.04000091552734,57.970001220703125,44.084999084472656,97.87999725341797,37.849998474121094,27.405000686645508
2025-12-17,21.884506225585938,45.415000915527344,59.6349983215332,36.790000915527344,49.439998626708984,64.41999816894531,57.91999816894531,44.334999084472656,96.69999694824219,37.79499816894531,27.3700008392334
2025-12-18,21.98797035217285,45.7400016784668,60.439998626708984,37.099998474121094,49.494998931884766,65.06999969482422,58.779998779296875,44.3849983215332,98.30999755859375,38.165000915527344,27.559999465942383
2025-12-19,21.889434814453125,45.69499969482422,60.20500183105469,37.20000076293945,49.83000183105469,65.37000274658203,58.88999938964844,44.154998779296875,99.33999633789062,38.314998626708984,27.69499969482422
2025-12-22,21.89682388305664,46.029998779296875,60.17499923706055,37.3650016784668,49.744998931884766,65.52999877929688,59.529998779296875,43.75,100.04000091552734,37.79499816894531,27.56999969482422
2025-12-23,21.92638397216797,46.025001525878906,60.095001220703125,37.45500183105469,49.95000076293945,65.7300033569336,59.540000915527344,43.595001220703125,100.30999755859375,38.005001068115234,27.75
2025-12-24,21.99043083190918,46.025001525878906,60.095001220703125,37.45500183105469,49.95000076293945,65.7300033569336,59.540000915527344,43.595001220703125,100.30999755859375,38.005001068115234,27.75
2025-12-29,22.118526458740234,46.470001220703125,59.76499938964844,37.40999984741211,50.119998931884766,65.63999938964844,59.310001373291016,43.904998779296875,100.48999786376953,38.36000061035156,27.799999237060547
2025-12-30,22.157939910888672,46.584999084472656,59.720001220703125,37.529998779296875,50.02000045776367,65.86000061035156,59.72999954223633,43.904998779296875,100.9000015258789,38.314998626708984,27.9950008392334
2025-12-31,22.150550842285156,46.584999084472656,59.720001220703125,37.529998779296875,50.02000045776367,65.86000061035156,59.72999954223633,43.904998779296875,100.9000015258789,38.314998626708984,27.9950008392334
2026-01-02,21.98797035217285,47.095001220703125,58.994998931884766,37.334999084472656,49.88999938964844,66.1500015258789,59.33000183105469,43.73500061035156,100.18000030517578,38.60499954223633,27.65999984741211
2026-01-05,22.04955291748047,47.915000915527344,59.970001220703125,38.244998931884766,49.75,67.66999816894531,60.7599983215332,43.505001068115234,101.08999633789062,38.220001220703125,28.09000015258789
2026-01-06,22.140695571899414,47.77000045776367,60.19499969482422,38.275001525878906,50.95000076293945,67.88999938964844,61.88999938964844,43.625,101.1500015258789,38.59000015258789,27.815000534057617
2026-01-07,22.396886825561523,46.81999969482422,60.665000915527344,37.915000915527344,51.66999816894531,68.44999694824219,61.290000915527344,43.334999084472656,101.83000183105469,38.599998474121094,27.940000534057617
2026-01-08,22.404277801513672,47.08000183105469,61.16999816894531,38.19499969482422,51.79999923706055,68.54000091552734,61.58000183105469,43.92499923706055,99.68000030517578,38.630001068115234,28.15999984741211
2026-01-09,22.46339988708496,48.09000015258789,61.79999923706055,38.279998779296875,51.43000030517578,69.08999633789062,62.540000915527344,44.32500076293945,101.02999877929688,38.939998626708984,28.3700008392334
2026-01-12,22.490495681762695,47.85499954223633,61.935001373291016,37.8650016784668,51.0099983215332,69.44000244140625,63.290000915527344,44.7599983215332,101.36000061035156,38.71500015258789,28.235000610351562
2026-01-13,22.31805992126465,48.63999938964844,61.60499954223633,37.60499954223633,51.119998931884766,69.44999694824219,63.41999816894531,45.040000915527344,101.76000213623047,38.619998931884766,28.204999923706055
2026-01-14,22.53729820251465,49.775001525878906,60.970001220703125,37.48500061035156,51.290000915527344,69.61000061035156,64.05999755859375,45.584999084472656,99.80999755859375,38.959999084472656,28.084999084472656
2026-01-15,22.788562774658203,49.720001220703125,61.2599983215332,38.0099983215332,51.08000183105469,70.48999786376953,64.61000061035156,45.8650016784668,101.94999694824219,39.47999954223633,28.139999389648438
2026-01-16,22.827974319458008,49.685001373291016,60.8849983215332,38.06999969482422,51.27000045776367,71.0,63.900001525878906,45.584999084472656,101.43000030517578,39.55500030517578,27.924999237060547
2026-01-19,22.79102325439453,49.46500015258789,59.755001068115234,37.56999969482422,50.61000061035156,70.0,63.9900016784668,45.595001220703125,99.16000366210938,39.33000183105469,27.514999389648438
2026-01-20,22.64322280883789,49.29499816894531,59.0099983215332,37.19499969482422,50.38999938964844,69.26000213623047,63.43000030517578,45.150001525878906,98.37000274658203,39.029998779296875,27.389999389648438
2026-01-21,22.539762496948242,50.040000915527344,59.2599983215332,36.974998474121094,50.65999984741211,69.58999633789062,64.5,45.13999938964844,98.20999908447266,38.869998931884766,27.46500015258789
2026-01-22,22.64568519592285,49.814998626708984,59.92499923706055,37.345001220703125,51.220001220703125,69.66999816894531,64.9000015258789,45.349998474121094,98.83999633789062,38.95500183105469,27.739999771118164
2026-01-23,22.46339988708496,50.47999954223633,60.099998474121094,36.86000061035156,50.93000030517578,69.33999633789062,65.16000366210938,45.27000045776367,99.0199966430664,38.6150016784668,27.854999542236328
2026-01-26,22.63829803466797,49.8650016784668,59.400001525878906,36.744998931884766,50.689998626708984,68.63999938964844,65.76000213623047,45.15999984741211,98.9800033569336,38.7400016784668,27.844999313354492
2026-01-27,22.648151397705078,49.98500061035156,59.01499938964844,36.56999969482422,50.13999938964844,68.69999694824219,64.94999694824219,44.77000045776367,99.87999725341797,38.85499954223633,27.594999313354492
2026-01-28,22.63829803466797,50.81999969482422,58.880001068115234,36.56999969482422,49.529998779296875,68.58000183105469,65.43000030517578,44.95500183105469,100.22000122070312,39.125,27.69499969482422
2026-01-29,22.784303665161133,51.68000030517578,58.29999923706055,36.630001068115234,49.40999984741211,68.7300033569336,65.06999969482422,45.029998779296875,96.7300033569336,39.095001220703125,27.940000534057617
2026-01-30,22.672639846801758,51.70000076293945,58.755001068115234,36.880001068115234,49.654998779296875,68.88999938964844,63.900001525878906,45.2599983215332,98.05999755859375,39.0099983215332,28.43000030517578
2026-02-02,22.786785125732422,51.400001525878906,59.39500045776367,37.459999084472656,50.439998626708984,69.79000091552734,64.05000305175781,46.220001220703125,98.9000015258789,39.1150016784668,28.735000610351562
2026-02-03,22.632936477661133,52.220001220703125,58.89500045776367,37.435001373291016,50.38999938964844,70.4800033569336,66.0,47.20000076293945,96.08999633789062,39.48500061035156,28.395000457763672
2026-02-04,23.06222152709961,53.439998626708984,59.01499938964844,37.625,50.4900016784668,70.54000091552734,66.20999908447266,47.935001373291016,94.62999725341797,39.55500030517578,28.125
2026-02-05,23.042369842529297,52.619998931884766,57.560001373291016,37.130001068115234,50.310001373291016,70.16000366210938,64.63999938964844,48.025001525878906,94.22000122070312,39.32500076293945,27.75
2026-02-06,23.18132781982422,53.77000045776367,56.69499969482422,37.5,50.54999923706055,71.55999755859375,65.26000213623047,48.380001068115234,96.0199966430664,39.52000045776367,27.540000915527344
2026-02-09,23.493986129760742,53.709999084472656,56.8650016784668,37.58000183105469,50.310001373291016,72.30999755859375,66.31999969482422,47.845001220703125,97.55000305175781,39.54499816894531,27.725000381469727
2026-02-10,23.7917537689209,53.86000061035156,57.435001373291016,37.39500045776367,50.40999984741211,72.4800033569336,67.1500015258789,47.790000915527344,97.7300033569336,39.939998626708984,27.825000762939453
2026-02-11,23.99275016784668,55.5099983215332,56.92499923706055,37.025001525878906,50.40999984741211,73.11000061035156,68.16000366210938,48.43000030517578,97.33999633789062,40.59000015258789,27.68000030517578
2026-02-12,23.98778533935547,55.08000183105469,56.45500183105469,36.51499938964844,50.45000076293945,72.44000244140625,67.25,49.32500076293945,95.22000122070312,41.189998626708984,27.454999923706055
2026-02-13,24.099451065063477,54.81999969482422,56.51499938964844,36.244998931884766,51.11000061035156,72.79000091552734,67.8499984741211,49.29999923706055,94.8499984741211,41.70000076293945,27.18000030517578
2026-02-16,24.16148567199707,55.369998931884766,56.290000915527344,36.42499923706055,51.150001525878906,72.55000305175781,67.7300033569336,49.29499816894531,94.36000061035156,41.880001068115234,27.100000381469727
2026-02-17,24.206151962280273,54.22999954223633,56.27000045776367,36.77000045776367,51.16999816894531,72.83000183105469,66.95999908447266,48.65999984741211,95.04000091552734,41.96500015258789,27.15999984741211
2026-02-18,24.06222915649414,55.25,57.18000030517578,37.04499816894531,51.04999923706055,73.36000061035156,68.38999938964844,48.619998931884766,97.16999816894531,41.6150016784668,27.239999771118164
2026-02-19,23.910863876342773,56.47999954223633,56.904998779296875,36.80500030517578,51.09000015258789,73.63999938964844,67.94999694824219,48.775001525878906,96.45999908447266,41.4900016784668,27.424999237060547
2026-02-20,24.129226684570312,55.65999984741211,57.04999923706055,37.03499984741211,50.9900016784668,73.87000274658203,68.1500015258789,48.56999969482422,96.80000305175781,41.689998626708984,27.700000762939453
2026-02-23,24.253297805786133,56.08000183105469,56.084999084472656,36.5,51.189998626708984,73.27999877929688,68.83000183105469,49.064998626708984,95.58999633789062,41.96500015258789,27.55500030517578
2026-02-24,24.163965225219727,55.83000183105469,56.935001373291016,36.16999816894531,51.130001068115234,73.54000091552734,69.94000244140625,49.540000915527344,96.69999694824219,42.29999923706055,27.485000610351562
2026-02-25,24.2830753326416,55.779998779296875,56.974998474121094,36.76499938964844,51.119998931884766,73.72000122070312,70.55000305175781,49.220001220703125,98.1500015258789,42.67499923706055,27.635000228881836
2026-02-26,24.397218704223633,56.529998779296875,57.165000915527344,37.21500015258789,50.68000030517578,73.95999908447266,70.0,49.084999084472656,96.73999786376953,42.85499954223633,27.674999237060547
2026-02-27,24.536176681518555,56.31999969482422,56.92499923706055,36.650001525878906,51.2400016784668,74.05999755859375,70.72000122070312,49.529998779296875,95.18000030517578,43.05500030517578,27.895000457763672
2026-03-02,24.216075897216797,58.70000076293945,56.5099983215332,36.459999084472656,51.349998474121094,74.54000091552734,70.62999725341797,49.38999938964844,95.72000122070312,43.17499923706055,28.145000457763672
2026-03-03,23.737165451049805,58.97999954223633,55.625,35.904998779296875,50.70000076293945,72.88999938964844,68.37999725341797,48.595001220703125,95.27999877929688,42.26499938964844,28.18000030517578
2026-03-04,23.900938034057617,57.70000076293945,57.15999984741211,36.40999984741211,50.95000076293945,73.62999725341797,68.80999755859375,48.505001068115234,96.77999877929688,42.60499954223633,28.55500030517578
2026-03-05,23.707387924194336,58.540000915527344,57.17499923706055,36.14500045776367,50.099998474121094,72.38999938964844,67.19000244140625,47.80500030517578,97.44000244140625,42.375,28.395000457763672
2026-03-06,23.493986129760742,58.540000915527344,57.17499923706055,36.14500045776367,50.099998474121094,72.38999938964844,67.19000244140625,47.80500030517578,97.44000244140625,42.375,28.395000457763672
2026-03-09,23.240882873535156,59.06999969482422,55.58000183105469,35.2400016784668,49.79499816894531,70.86000061035156,65.0999984741211,47.60499954223633,96.0999984741211,42.23500061035156,28.100000381469727
2026-03-10,23.734683990478516,58.43000030517578,56.564998626708984,35.845001220703125,49.974998474121094,72.1500015258789,66.66999816894531,47.779998779296875,97.5999984741211,42.57500076293945,28.354999542236328
2026-03-11,23.307880401611328,59.52000045776367,56.29999923706055,35.505001068115234,49.7599983215332,71.44999694824219,66.11000061035156,47.400001525878906,97.73999786376953,42.26499938964844,28.354999542236328
2026-03-12,23.168922424316406,60.93000030517578,55.834999084472656,35.04499816894531,49.39500045776367,71.12999725341797,66.54000091552734,47.58000183105469,96.94000244140625,42.94499969482422,28.100000381469727
2026-03-13,23.099441528320312,61.11000061035156,55.584999084472656,35.2400016784668,49.53499984741211,70.44999694824219,65.55000305175781,48.16999816894531,96.27999877929688,43.39500045776367,28.145000457763672
2026-03-16,23.30539894104004,61.189998626708984,55.720001220703125,35.29999923706055,49.540000915527344,70.66999816894531,65.18000030517578,48.1150016784668,97.05000305175781,43.2599983215332,28.15999984741211
2026-03-17,23.49894905090332,62.09000015258789,55.939998626708984,35.54999923706055,49.29999923706055,70.70999908447266,65.44999694824219,48.13999938964844,96.76000213623047,43.6150016784668,28.30500030517578
2026-03-18,23.32525062561035,62.2599983215332,55.43000030517578,35.3849983215332,48.58000183105469,70.94999694824219,64.52999877929688,47.02000045776367,96.47000122070312,43.154998779296875,28.079999923706055
2026-03-19,22.903411865234375,63.45000076293945,53.91999816894531,34.834999084472656,48.119998931884766,69.1500015258789,61.779998779296875,46.19499969482422,95.13999938964844,42.404998779296875,27.625
2026-03-20,22.4964599609375,63.220001220703125,53.51499938964844,34.720001220703125,47.685001373291016,68.1500015258789,61.04999923706055,45.75,94.02999877929688,41.494998931884766,27.389999389648438
2026-03-23,22.481571197509766,62.290000915527344,54.32500076293945,35.05500030517578,47.415000915527344,69.0,61.869998931884766,45.6150016784668,94.20999908447266,41.095001220703125,27.415000915527344
2026-03-24,22.41953468322754,64.13999938964844,54.10499954223633,35.040000915527344,47.40999984741211,68.9800033569336,62.81999969482422,46.005001068115234,93.95999908447266,41.619998931884766,27.114999771118164
2026-03-25,22.456756591796875,63.70000076293945,54.70000076293945,35.435001373291016,48.095001220703125,69.69999694824219,64.01000213623047,46.0099983215332,94.7300033569336,42.005001068115234,27.145000457763672
2026-03-26,22.248319625854492,64.94000244140625,54.209999084472656,35.02000045776367,48.185001373291016,68.69000244140625,63.380001068115234,46.13999938964844,93.19999694824219,41.69499969482422,26.6200008392334
2026-03-27,22.052288055419922,65.77999877929688,52.790000915527344,34.584999084472656,47.775001525878906,67.69000244140625,63.56999969482422,46.255001068115234,91.05000305175781,42.09000015258789,26.1299991607666
2026-03-30,22.193727493286133,66.7699966430664,53.275001525878906,34.974998474121094,48.0099983215332,67.62000274658203,64.77999877929688,46.93000030517578,90.66000366210938,42.80500030517578,26.360000610351562
2026-03-31,22.216060638427734,66.05999755859375,53.369998931884766,34.96500015258789,48.19499969482422,67.66999816894531,64.91999816894531,46.224998474121094,90.75,42.189998626708984,26.579999923706055
2026-04-01,22.583309173583984,62.43000030517578,54.599998474121094,35.77000045776367,48.834999084472656,70.08999633789062,66.80999755859375,46.119998931884766,93.66000366210938,42.54499816894531,27.135000228881836
2026-04-02,22.734676361083984,63.189998626708984,54.04999923706055,35.68000030517578,48.869998931884766,69.86000061035156,66.36000061035156,46.46500015258789,93.79000091552734,43.10499954223633,27.184999465942383
2026-04-07,22.69001007080078,64.25,53.125,35.665000915527344,48.04999923706055,69.16999816894531,65.87999725341797,46.21500015258789,93.18000030517578,43.03499984741211,27.200000762939453
2026-04-08,23.335176467895508,60.689998626708984,55.04999923706055,36.6349983215332,48.900001525878906,72.13999938964844,68.01000213623047,46.5,96.69000244140625,42.84000015258789,27.78499984741211
2026-04-09,23.444358825683594,61.61000061035156,55.26499938964844,36.65999984741211,48.7599983215332,72.16999816894531,67.9800033569336,46.68000030517578,96.05999755859375,43.70000076293945,27.8799991607666
2026-04-10,23.518800735473633,60.369998931884766,55.93000030517578,36.529998779296875,48.43000030517578,72.37000274658203,68.55999755859375,46.29499816894531,97.63999938964844,43.42499923706055,27.875
2026-04-13,23.345102310180664,61.0,55.834999084472656,36.6349983215332,48.064998626708984,71.91999816894531,68.27999877929688,45.78499984741211,98.08999633789062,42.72999954223633,27.90999984741211
2026-04-14,23.833940505981445,59.15999984741211,56.970001220703125,37.099998474121094,48.650001525878906,72.79000091552734,68.79000091552734,45.4900016784668,99.44000244140625,42.564998626708984,28.485000610351562
2026-04-15,23.804162979125977,58.90999984741211,57.52000045776367,37.275001525878906,48.23500061035156,71.94999694824219,68.12000274658203,45.25,101.38999938964844,42.290000915527344,28.719999313354492
2026-04-16,24.027490615844727,59.599998474121094,57.630001068115234,37.22999954223633,48.060001373291016,72.05000305175781,68.41999816894531,45.470001220703125,102.88999938964844,42.2400016784668,29.09000015258789
2026-04-17,24.300443649291992,56.720001220703125,59.29499816894531,37.72999954223633,48.6150016784668,73.2699966430664,69.16000366210938,45.7400016784668,104.7699966430664,41.76499938964844,29.020000457763672
2026-04-20,24.342628479003906,58.18000030517578,58.28499984741211,37.540000915527344,48.45500183105469,72.87999725341797,68.73999786376953,46.0099983215332,104.26000213623047,42.17499923706055,28.954999923706055
2026-04-21,24.025007247924805,58.220001220703125,58.5,37.505001068115234,47.76499938964844,72.30000305175781,67.95999908447266,45.67499923706055,105.1500015258789,41.525001525878906,28.875
2026-04-22,23.905899047851562,59.34000015258789,58.279998779296875,37.349998474121094,47.78499984741211,72.16999816894531,68.29000091552734,45.92499923706055,106.79000091552734,41.880001068115234,28.889999389648438
2026-04-23,24.010000228881836,59.650001525878906,58.14500045776367,37.10499954223633,47.689998626708984,73.13999938964844,68.02999877929688,46.540000915527344,107.12999725341797,42.400001525878906,29.1299991607666
2026-04-24,24.010000228881836,59.4900016784668,58.08000183105469,36.83000183105469,46.93000030517578,72.44999694824219,67.81999969482422,46.70500183105469,107.98999786376953,42.47999954223633,28.950000762939453
2026-04-27,23.875,59.810001373291016,57.685001373291016,36.91999816894531,46.9900016784668,72.30999755859375,67.52999877929688,46.244998931884766,107.62000274658203,42.5,29.145000457763672
2026-04-28,23.88249969482422,60.900001525878906,57.525001525878906,37.17499923706055,47.04499816894531,71.72000122070312,66.45999908447266,46.724998474121094,106.36000061035156,42.744998931884766,28.885000228881836
2026-04-29,23.770000457763672,61.54999923706055,57.5,36.974998474121094,46.52000045776367,71.44999694824219,66.02999877929688,46.244998931884766,107.38999938964844,42.29499816894531,28.985000610351562
2026-04-30,24.084999084472656,62.47999954223633,57.47999954223633,37.23500061035156,47.369998931884766,72.9000015258789,66.6500015258789,46.875,106.61000061035156,42.900001525878906,29.260000228881836
2026-05-01,24.1875,62.47999954223633,57.47999954223633,37.23500061035156,47.369998931884766,72.9000015258789,66.6500015258789,46.875,106.61000061035156,42.900001525878906,29.260000228881836
2026-05-04,24.1875,62.36000061035156,58.29999923706055,36.98500061035156,47.185001373291016,72.22000122070312,65.79000091552734,46.869998931884766,108.16000366210938,42.665000915527344,29.440000534057617
2026-05-05,24.03499984741211,62.34000015258789,58.540000915527344,36.974998474121094,47.2599983215332,72.95999908447266,66.47000122070312,46.720001220703125,109.91000366210938,42.67499923706055,29.420000076293945
2026-05-06,24.479999542236328,59.869998931884766,58.915000915527344,37.505001068115234,47.47999954223633,74.69000244140625,68.33999633789062,46.880001068115234,111.9000015258789,42.224998474121094,29.670000076293945
2026-05-07,24.315000534057617,58.290000915527344,59.19499969482422,37.244998931884766,46.86000061035156,74.0,68.26000213623047,46.56999969482422,113.68000030517578,41.654998779296875,29.850000381469727
2026-05-08,24.299999237060547,58.709999084472656,59.345001220703125,36.959999084472656,46.58000183105469,73.30000305175781,67.9800033569336,46.790000915527344,114.5999984741211,41.400001525878906,29.665000915527344
2026-05-11,24.385000228881836,59.34000015258789,58.78499984741211,36.95500183105469,46.59000015258789,73.55000305175781,69.27999877929688,46.13999938964844,116.06999969482422,41.59000015258789,29.344999313354492
2026-05-12,24.174999237060547,60.22999954223633,58.185001373291016,36.880001068115234,47.26499938964844,72.8499984741211,68.30999755859375,47.0,113.94999694824219,41.61000061035156,29.360000610351562
2026-05-13,24.122499465942383,60.150001525878906,58.79499816894531,36.875,47.4900016784668,73.5,69.9800033569336,47.064998626708984,116.29000091552734,41.30500030517578,29.625
2026-05-14,24.165000915527344,60.880001068115234,59.279998779296875,37.26499938964844,47.80500030517578,73.80000305175781,69.77999877929688,47.564998626708984,119.55000305175781,41.494998931884766,29.885000228881836
2026-05-15,23.6924991607666,62.029998779296875,58.42499923706055,37.130001068115234,47.56999969482422,72.80000305175781,67.19999694824219,47.619998931884766,118.4800033569336,40.8650016784668,29.799999237060547
2026-05-18,23.674999237060547,63.25,58.185001373291016,37.30500030517578,47.35499954223633,72.0999984741211,66.91999816894531,47.845001220703125,115.94000244140625,40.709999084472656,29.96500015258789
2026-05-19,23.747499465942383,63.720001220703125,57.400001525878906,37.46500015258789,48.279998779296875,71.76000213623047,65.81999969482422,48.6150016784668,115.58000183105469,41.20000076293945,29.735000610351562
2026-05-20,23.950000762939453,63.27000045776367,58.6150016784668,37.67499923706055,48.09000015258789,72.69000244140625,66.5199966430664,48.32500076293945,117.76000213623047,41.42499923706055,29.584999084472656
2026-05-21,23.957500457763672,63.29999923706055,58.91999816894531,37.744998931884766,48.474998474121094,72.30000305175781,67.0,47.51499938964844,117.8499984741211,41.80500030517578,29.90999984741211
2026-05-22,23.987499237060547,62.400001525878906,59.71500015258789,37.974998474121094,48.89500045776367,73.2300033569336,67.5,47.58000183105469,120.37000274658203,41.92499923706055,29.979999542236328
2026-05-25,23.987499237060547,61.400001525878906,60.095001220703125,38.19499969482422,49.13999938964844,74.19999694824219,68.62999725341797,47.724998474121094,121.44999694824219,42.10499954223633,30.190000534057617
2026-05-26,24.174999237060547,61.61000061035156,59.29999923706055,37.9900016784668,48.650001525878906,73.8499984741211,68.30999755859375,47.03499984741211,121.54000091552734,42.189998626708984,29.94499969482422
2026-05-27,24.232500076293945,59.9900016784668,60.59000015258789,37.7400016784668,48.76499938964844,73.83999633789062,68.7300033569336,47.51499938964844,120.44999694824219,41.744998931884766,30.155000686645508
2026-05-28,24.135000228881836,60.08000183105469,60.43000030517578,37.435001373291016,48.8650016784668,73.69999694824219,68.68000030517578,47.01499938964844,122.4000015258789,41.46500015258789,30.104999542236328
2026-05-29,23.975000381469727,58.97999954223633,60.435001373291016,37.665000915527344,48.584999084472656,73.55000305175781,69.22000122070312,46.06999969482422,124.26000213623047,41.08000183105469,29.834999084472656
