Date,IE00B5L01S80,IE00BM67HM91,IE00BM67HP23,IE00BM67HL84,IE00BM67HK77,IE00BM67HV82,IE00BM67HS53,IE00BM67HN09,IE00BM67HT60,IE00BM67HQ30,IE00BM67HR47
2017-04-20,-0.0020653192525346142,-0.006701958783104867,0.0,0.0032457118858528755,-0.003969056665250492,0.0,-0.0004886590583992323,0.0,-0.004185190931936589,-0.014052636889243963,-0.004464302820210819
2017-04-21,-0.0017432732077564683,-0.004616447495419562,0.007638212424426749,0.007117415543206773,0.00537956694862296,0.0,0.0,-0.0035234746618968416,0.010244270889801399,0.0,0.001793763089501077
2017-04-24,-0.007747344183976712,-0.002497381393436915,0.0,0.008866077224645386,-0.0031708254125066837,0.0,0.0,-0.0026940536968586004,-0.005200227969329285,0.01068969608446424,0.0
2017-04-25,0.006488263608071421,-0.0010729177496122677,0.0,0.002865699299317015,0.0011928702624472987,0.0,0.0,-0.0028701362528981145,0.001829678844551541,-0.009317525570768481,0.0
2017-04-26,0.0005463139403623085,0.013247365837522063,0.010173515074141548,0.008699522648099478,0.008935678266194458,0.0,0.012548899121649804,0.002031813902717561,0.006000509555154299,0.0,-0.007162034302563569
2017-04-27,-0.008408998454017103,-0.023674914994928353,0.0,-0.009883571886990294,0.0033457619435270924,0.0,0.0,-0.0018587463633713552,0.0023340287702953155,0.0,-0.0036068495313494875
2017-04-28,-0.007929099957971975,0.0039812020880463095,-0.00375194765005904,-0.004450641926271759,-0.0021577208972006767,0.011389548437966024,0.0,-0.0047401181774748835,0.0010348537969215865,0.0015252001285788186,0.0
2017-05-02,0.008436442569780489,-0.002523420886870409,0.0,0.0015966035599983552,0.0017692186844431301,0.0006929504501764772,0.0,-0.0025514802439693396,0.012664815090702275,-0.003553380683341989,-0.009954806194826582
2017-05-03,-0.007925721755718818,-0.003975446694913676,-0.0027750126368933925,0.00012757819074549204,0.0015698946721343088,0.0,0.0,-0.0017052945968950572,-0.004338999038244529,0.0015283080961852047,-0.00457031434902444
2017-05-04,-0.008655323845524476,-0.01342521549545006,-0.002782810584855744,0.007204329808964127,0.0027429347009639837,-0.0015581744321889746,0.0,0.005807997049376734,0.0010254016213393502,0.001780256748919351,-0.005050532914767536
2017-05-05,0.007723371756849229,0.008091184591148659,0.0,-0.0027218774742830965,-0.0041031473860976275,0.0,0.0,0.0,-0.003841170655882742,0.0,0.0
2017-05-08,-0.0038874884102071405,0.011674560255586108,0.0,0.004125647725240045,0.00451244921969729,0.0,0.0,0.006963312499566721,0.010282717107749528,0.0,0.011998164650043774
2017-05-09,0.0,0.002163771160530459,0.015347827105170131,0.0006321257316526108,0.003906264842953311,0.0,-0.01561244493847147,0.004047864059092632,0.008905910829848152,0.0,0.0
2017-05-10,0.004683100680390018,0.014033802691619579,-0.000981531967186422,0.0025268453598110696,-0.002140089632024167,0.0,0.004087638989923592,0.0011758726064103886,0.0032786191277476284,0.0,0.0
2017-05-11,-0.0055492408543128535,-0.0010646091668067292,0.0,-0.006931295366759294,-0.0015597939096637647,0.0026010322635952043,-0.002768248971954268,-0.002181162025942207,-0.004022117956810511,0.0,0.0
2017-05-12,0.00178562049113129,-0.005328583323728875,0.0,-0.00805836631961232,0.0037102605897889607,-0.004150775943207341,-0.004082299038994042,-0.00016818792710882047,0.00025245170368792813,0.0,0.0
2017-05-15,0.004901988720878103,0.005357129233223956,-0.011593636464218626,0.005117374898802041,-0.002140089632024167,0.0,0.0,-0.0016817772563203492,0.0010092631782001593,0.010916484179707364,0.0
2017-05-16,-0.003991091586857842,-0.00994667080253031,0.0,-0.007509707139508159,-0.006823986792178105,-0.006773240568661465,-0.000983790320376432,-0.0013477397276295822,-0.003781137335646778,-0.0042691655009582385,0.0
2017-05-17,-0.0017808504033276495,-0.011123120342881987,0.0,-0.02500803697626719,-0.012563788906599482,0.0,0.0,-0.00826582108400209,-0.019483817025422234,-0.006305169996950188,-0.015047875928582144
2017-05-18,0.002230319568858219,-0.00761970568004422,0.0,-0.0023018643596006694,-0.001391644053398755,0.0,0.0,-0.0013608067666071033,-0.0028387254284274466,0.0005075289921820936,-0.0009259471023357335
2017-05-19,0.004784003842865925,0.001828125643991596,0.0,0.004812126160612884,-0.000597228341036482,0.0,0.0,0.0006813305425161786,0.0010352203974945962,0.0,0.0
2017-05-22,0.004429408490045139,-0.0003649718620825082,0.0,-0.0016400720645688427,-0.0027888324207315796,0.0,0.0,0.0,0.0015512247367532872,0.0,0.0
2017-05-23,0.002755847830370417,0.0014604204607051585,0.0,0.003942664234331428,0.0015980426320982843,-0.011365583612342967,-0.01066800463849149,0.005617052443483983,0.002839359599600577,0.0,0.0
2017-05-24,0.0,0.0029165119510028426,0.0,0.005236282520306945,0.005185523322605912,0.0,0.0,0.0,0.007464631323486959,0.0,0.0
2017-05-25,0.006156453208087553,-0.012359147573940632,-0.015109310796435182,-0.0021487168118787814,0.0005952138569176313,0.005305964488906856,-0.0008294498684979779,0.006770441753293666,0.005109881605985578,0.0,0.0
2017-05-26,-0.005463251192846963,-0.006993026629521171,0.0,0.0009788152371581482,0.00257785182091097,0.0,-0.00033206803778318417,0.005043699384152056,0.003304551794890642,0.0,0.0
2017-05-29,0.0,0.0033358100116718248,0.0,-0.00032595269825175244,-0.002175644924125142,0.0028149163790041065,0.0,0.00033456771783346717,0.001773491073202793,0.0,0.0
2017-05-30,-0.0015382393257600269,-0.01071292986509187,0.0,-0.004695174656728529,-0.00039644117861670214,0.0,0.0,-0.0025083229614605296,0.0010116569196041425,0.0,0.0
2017-05-31,-0.001760358443517518,-0.014563154854269844,0.0,-0.0116621569735601,0.0005948597881288986,-0.003333309240508453,-0.009134682700939978,0.0010058266061858667,-0.005558393393769623,0.0,0.0
2017-06-01,0.004078395319927486,0.012125793945631624,0.0,0.008153804749582605,0.006936232563786504,0.0,0.008716065355240277,0.0010048798226596212,0.002032469896262823,0.0,0.0
2017-06-02,0.014271326486567926,-0.016847580345010882,0.015341104309406495,-0.000986345551167056,0.0051170697600073645,0.014610068584642644,0.0,0.0030115493357403267,0.003549777110055219,0.028919412919805376,0.0
2017-06-05,-0.004653815317969046,0.0,0.0,0.0,-0.0015664385517027979,0.0,0.0,0.0030025071373653844,0.008337493711243482,0.0,0.0
2017-06-06,0.0,0.003046455560121064,0.0,-0.004146628447716627,-0.004314595282628342,0.0,0.0,0.00016627841935146215,-0.0007516607219135718,0.0,0.0
2017-06-07,0.004240903901400195,-0.006074405713182518,0.0,0.005948456834576676,0.0,0.0,0.0033233759043742594,-0.0014965107000546318,0.0007522261407575392,0.002711952463757328,0.0
2017-06-08,-0.006388610111988768,0.003055764811822348,0.0,0.014980268278230069,0.002560588279359566,-0.0067661241113489146,0.0046372768192071145,-0.00649457776192186,0.0030067384701468747,0.0,0.0
2017-06-09,0.0047948090650478115,0.00913936668036297,0.0,0.01210514469266788,0.004911591208359711,0.006288220268149569,0.0,-0.0008380696813347077,0.002498183658953268,0.0,0.0
2017-06-12,0.0026030113616819506,0.011698093054429481,0.0,-0.0038375707539718418,-0.0058651621272391985,-0.0019094013050886538,0.0,-0.0036906763705840673,-0.03089961738007585,-0.008114040600311623,0.0
2017-06-13,0.00789700163624385,0.007086927931460041,0.0,0.007383613003305145,0.0037365279667205265,0.003999992038892675,0.0,0.00084187973689831,0.00334278915288011,0.0,0.0
2017-06-14,0.006332823817241762,-0.02259261519820599,0.0,-0.011790915926708001,0.00019589187605517644,0.0,0.005769839680209277,0.0021870974279736277,-0.0012813745892870099,0.007932565533312008,0.0
2017-06-15,-0.001707049413537276,0.003410388581637891,-0.014115290163852268,0.010512744637757754,0.008423120697396813,0.0,0.0,0.004868237653399499,-0.0043623807625713384,0.0063944496436034726,0.0
2017-06-16,-0.0021361488568821807,0.003776449516557756,0.0,-0.0009573872294440511,-0.00330221776334394,0.0,-0.012129124473493902,-0.008519915319584404,-0.0018041158814600111,0.0019550790477649294,0.0
2017-06-19,-0.0006426656372916506,0.009405568123310282,0.0,0.010541107975454045,0.011888457987292655,0.013684408830617834,0.0,0.007245161183336402,0.017041049708569123,0.0,0.0
2017-06-20,-0.007927616518458191,-0.020872138186164735,0.0,-0.003982787076742156,0.010400634333040726,0.0,0.0,0.0,0.002792602489363638,0.003414619259717977,0.0
2017-06-21,-0.00021610940969762904,-0.0068519338423759235,0.0,-0.007743556947915287,0.0007625031686129269,0.0,0.0,-0.002007342494732889,-0.00126580346988725,0.0,0.0
2017-06-22,-0.0006484683692092874,-0.000383297386866599,0.0,-0.0038380616760619324,0.018285696847098132,0.0,0.004977588099916774,0.0,0.002534815518052902,0.0,0.0
2017-06-23,0.0052966074752516246,-0.0019171486659054215,-0.0016132653923880413,-0.005137091372324654,-0.009913931694226497,0.0,-0.00181609065388455,-0.009386546676555252,0.0012642032370431266,0.0,0.0
2017-06-26,-0.00014651780955876603,0.0019208311848488702,0.0022217857822814935,0.0012908735590242415,0.00018889706169566978,0.0,0.0,0.007106632732426954,-0.002020152006058873,0.0,0.0
2017-06-27,-0.006400202074586914,-0.0023005930259932805,0.0,0.0006446354142877198,-0.009633515956985694,0.0,-0.004134965328906337,-0.011424736222210186,-0.014423069033953961,0.0,-0.008804473342416408
2017-06-28,0.004315876688541387,-0.0026902265024109084,-0.011890370118665339,0.006893020201148348,-0.008201417178579251,0.0,0.0028234842422778517,-0.004078886435153084,-0.011809989100445395,-0.03354402257143607,0.0
2017-06-29,-0.0064655638113642055,-0.0050096749245917005,0.0,0.0,-0.01596157367412865,0.0,0.0,-0.01774739126127045,-0.017407169509618625,0.0,0.0
2017-06-30,-0.0059651326528233906,-0.002323759359083577,0.0,-0.002239273650405993,-0.0023451033062102944,0.0,0.0,-0.0010424143825482624,0.001850864499975069,0.0,0.0
2017-07-03,0.003600646698696419,0.016304350642941667,-0.004283073418336114,0.017633832242483605,0.007639557208167558,0.0,0.006293429060878708,0.003478274138077442,-0.000263877584963379,-0.017102528148504548,0.0
2017-07-04,0.001521850940918057,0.005729549915269416,0.0,0.003150610655036079,-0.0025271628477546715,-0.025632262273863282,0.00016461712486459668,-0.0006932567590716143,-0.00554389897699048,0.0,0.0
2017-07-05,-0.0071642205451990515,-0.01936954919709899,0.0,0.0015703277896021994,0.003118297468910125,0.0,0.0,-0.0003468688487097138,0.011149509000741631,0.0,0.0
2017-07-06,-0.010496174133286185,-0.002711064897427229,0.0,-0.00376290166765314,-0.014765924192843616,0.0,0.0,-0.010756400736466887,-0.012076636456547885,0.0,-0.022440371946369497
2017-07-07,-0.0018791025527397087,-0.015533965768166014,0.0,-0.0031476355061017536,0.0007888171218601858,0.0,0.0,0.00035076214666962535,0.009832551724221927,-0.012026642750298966,-0.0047824190434943015
2017-07-10,0.0016609865795909062,0.005522658285669113,0.0,0.0006315269250234401,-0.00019701126173798933,-0.0035075545656580998,0.0,0.0005259252947997783,0.00710527520430726,0.0,0.0
2017-07-11,-0.011494325656918325,-0.001961523637093121,0.0,-0.006626727304583024,-0.008671707269433893,0.0,0.0,-0.011915197280743084,-0.002874329998322378,0.0,0.0
2017-07-12,0.012522274391216115,0.014937073615933327,0.0,0.0063532644805510685,0.015705783847115518,0.00703980161962825,0.01003785759020226,0.013122924037531458,0.0165094620187205,0.0,0.001922196855065339
2017-07-13,0.003975338620604507,0.0011619166150309557,0.0,0.006628758915710797,-0.0009786501646352752,0.0,0.0,0.003150714192376336,0.006960568481337415,0.0,0.0
2017-07-14,0.009239024206907365,0.0,0.0,-0.0072122780382049,0.00019589187605517644,0.0,0.006842589795318377,0.0003489872148736417,-0.000512044471594586,0.007251975521124665,0.0
2017-07-17,0.0047948090650478115,0.00541583704380888,0.0012290326437134347,0.0006317264011390655,0.0005877099792854779,-0.002097216777734223,0.006148884673243815,0.0031396561090115682,0.0012807181323775119,-0.0005142827996288402,0.0
2017-07-18,0.003036772612121652,-0.014620975918163803,-0.007978710743172135,-0.014835896975238905,-0.013312456554423369,0.0,0.0,-0.009911314753260902,-0.0071629260221002244,0.0,0.0
2017-07-19,0.0004325586329907427,0.010152292959209941,0.0,0.01121436692524136,0.011706351879472443,0.0,-0.005789652759483732,0.00737622047369646,0.012625556465626575,0.0012863194863514948,0.0
2017-07-20,0.005188238121087707,-0.0030923819524864005,-0.000618737738824704,-0.008871951331907768,-0.0047068380185629755,0.0,-0.009543839461346515,-0.005230112166463408,-0.008396896253530461,0.0,-0.00047962727572525843
2017-07-21,-0.005053759241545608,-0.0069794609843308875,-0.00495249418703414,-0.0041560442858536994,-0.0017734020214362767,0.0,0.0,-0.0049071606599225825,-0.0025661351215260364,0.0,0.0
2017-07-24,0.0016211627303732712,-0.005076183717960814,0.0,0.002889250519744868,-0.0027635094763149848,-0.022416791830160876,-0.007839287045972032,-0.0008805783398286859,-0.00025722464131594514,0.0,0.0
2017-07-25,-0.0017266106680055016,0.013343805286350152,0.002281223715613123,0.013124194955697721,-0.002771167624305182,0.0,0.009711936668113319,0.00035255522519062055,0.0025733008891013487,0.0,0.0
2017-07-26,0.002161968615571608,0.0061967408715415395,0.0035174459446447592,0.0006319260033091911,-0.0007939840150710253,0.0028663534268515978,0.0009781769341663527,0.0038766734925661517,0.0010267175684632868,0.0,0.00959696552183642
2017-07-27,0.0051767144839207635,-0.008083105780323674,0.0045361076433634295,-0.004736331486230538,-0.008939228477859218,0.0,0.0,0.0015797814755036388,0.0035897279397034687,-0.005395660183772022,0.02376425752106326
2017-07-28,0.0036482340138928038,0.0019402109496464703,-0.01498356986752536,-0.011738605135148794,-0.009821564837926178,0.0,-0.01433226459683934,-0.012618317619602193,-0.019672980832169285,-0.004908257070592281,-0.012070576500969987
2017-07-31,-0.007055679702394624,-0.0019364538207399251,0.0,0.0025682158807625033,0.003238863207894571,0.0,0.0,-0.0067447828733769866,-0.00521242555399859,0.0,0.0
2017-08-01,0.006459552398247359,0.0019402109496464703,0.0,0.006083910881927945,-0.004439088268905711,0.0,0.002313274761888806,0.0032165887798545345,0.0005239837234245481,0.0,0.0
2017-08-02,-0.0008554248778042117,-0.002711064897427229,0.0,-0.004455741225604437,-0.009120404571296925,0.0,0.0,-0.007125003839159261,-0.003142155962290172,0.0,-0.004229330342285675
2017-08-03,0.0018639165645397693,-0.004271868363167508,0.0,-0.003836343881048254,-0.0018408703970437257,0.0,-0.008077838438829144,0.0035880326914208283,0.0002627301368702817,0.0,0.0
2017-08-04,-0.0012951855310086025,0.0039001709769970194,0.0,0.014120684730817068,0.00983605634714424,0.0,0.0,0.00679301175266378,0.01365537337349454,0.0,0.0
2017-08-07,-0.0019449693869306728,-0.006604509627257116,0.003959129403286354,-0.005063286249386678,-0.004464233187000066,0.0,0.0,-0.0007102435323880218,-0.0015543409576550538,0.0,0.009910291608305366
2017-08-08,-0.0014076569165063502,0.008603880458694535,0.0,0.008269727241263514,0.0032613094768321194,0.0,0.0,0.0035536739032948628,0.008043527535798622,0.0,0.0
2017-08-09,-0.0007589192787356147,-0.007367217034227602,0.0,-0.011987415109449895,-0.0036570560892239534,0.0,0.0,-0.0030098826190355643,-0.007464533133077267,0.0,0.0
2017-08-10,-0.006618682164526435,-0.00273436303832586,0.0,-0.009578519795136575,-0.007137077534342784,0.0,0.0,-0.0033742219281204244,-0.008817431029019551,0.0,-0.010747642352160192
2017-08-11,-0.008411001594955225,-0.01684294138702125,-0.01805726289693077,0.0,-0.004723753311222323,0.0,0.0,-0.005523834007374218,-0.00968086694831416,0.0,-0.009919744499975125
2017-08-14,0.013879523827060813,0.00398407888246699,0.0,0.00032238003656548386,0.005778014842841017,0.0,0.0,0.007167133154256877,0.0,0.0,0.0
2017-08-15,-0.008691599617346446,-0.00992063462028403,0.0,0.003222638475935735,0.0,0.0,0.0,0.0,0.0,0.0,0.0
2017-08-16,0.008329654311073798,0.004408765516605628,0.012048185970800152,0.004818552197969783,0.010874000021444896,-0.002858160927482478,0.0,0.010674298142518523,0.03196837378995476,0.0293354375567636,0.0
2017-08-17,0.001521522936873021,-0.010375109115033587,0.0,-0.010869569856916561,-0.005480017358536982,0.0,0.009306986709865628,-0.00211235246754371,-0.00998472070234957,-0.0002522606770630764,0.0
2017-08-18,-0.011938074844554891,-0.006854841996926431,0.0,-0.006464148658281377,-0.008163296446508261,0.0,0.0,-0.009525438594307212,0.0,0.0,0.0
2017-08-21,0.005272262422416407,-0.007308095978901585,0.0,-0.011060512528283661,-0.00761314698562765,0.0,0.0,-0.003205704368375195,-0.02017064432972404,0.0,0.0
2017-08-22,0.0028406005853889305,0.010224948556195601,0.0,0.008881594116833202,0.013269736589733405,0.0,0.0,0.005895980152942348,0.017154962690669517,-0.0025226658844804684,-0.0009541293553707586
2017-08-23,0.0028329959641535396,0.002833995654334176,0.0,-0.002282350656996668,-0.004910944731225442,0.0,0.0,-0.006039079168656203,-0.0005189532249235684,0.0,0.0
2017-08-24,0.002824992771034429,-0.0020186170159519623,-0.019632464921397585,-0.0009804145840363043,-0.00020567830579443225,-0.01809384319338958,0.0,-0.0012508880623559593,-0.004932466886061304,0.0017703513708500207,-0.0009551316740007421
2017-08-25,-0.004983950640591428,0.0020227000727368605,-0.0038346891870882915,-0.0019626910873846715,-0.001851093265427206,0.0,0.0,-0.008409397492141979,-0.003130778524638833,0.0,-0.0033460657059719567
2017-08-28,0.0,-0.012918840892629957,0.0,-0.011143892167723934,-0.004739327179510422,-0.011859177332472215,-0.004939885383201781,-0.009022014011544566,-0.005234251968897041,0.0,0.0
2017-08-29,-0.0026128384729489085,-0.010633955859663424,-0.015183898844275623,-0.013258190835888417,-0.005590071677609942,-0.003877383402221213,0.0,-0.0038237270843792803,-0.004735503773399152,-0.013885363003928175,-0.013908916557386686
2017-08-30,-0.0008735226953870967,0.014055400788817618,0.0,0.013436332293571107,0.011867576708536554,0.0,0.0,0.00804245016942673,0.015595990201784593,0.0,0.0
2017-08-31,0.010052522495606064,0.00570727214551825,0.0,0.006297664354562249,0.015020645675993372,0.020574617139098805,0.0,0.005439695897737629,0.012233244224436834,0.0,0.01167314092180427
2017-09-01,0.0030289998404289253,0.009323045866438395,0.0,0.005270087094713549,0.0058787166038074545,0.0,0.02200890302235381,0.002524786072537033,0.0025714139981440898,0.0,0.0
2017-09-04,0.0,-0.0020080015191380474,0.0,-0.009174334287215924,-0.006852078998522804,0.0,0.0,-0.004677069991357086,-0.006924863968723161,0.0,-0.010096110200739306
2017-09-05,-0.000754799279990559,0.006036201860267321,0.0,-0.007936500427734305,-0.00020288802315071575,0.0,0.0,0.0005421792572586348,-0.0036156866021372913,0.004864275986403488,-0.00534242882643865
2017-09-06,0.003237984891299117,0.010800018310546777,0.020846886001684384,-0.00466664632161462,-0.00040593581444792193,0.0,0.0,0.0025288906810860823,-0.004924894566835092,0.0,-0.003417953925236028
2017-09-07,0.003119629995446127,-0.005540217430192285,0.0,-0.015740161121771346,0.004060929196740171,-0.006901581159414416,-0.006314757128360604,-0.0010811058250633776,0.0018233835878385118,0.002802563321058882,-0.008819221289636858
2017-09-08,0.006435319535286199,-0.0027855032694750204,0.0,0.0071453214080452465,0.00566226036353723,0.0021945671399969946,0.0,-0.0003607586266071161,-0.0028601303424360403,-0.00025411931085783657,-0.00840336530601582
2017-09-11,0.002983701757217627,0.008379928024607075,0.0036162941866073606,0.015878354976262887,0.007440155545759053,0.010948947028681433,0.010102700951163168,0.005232784646497013,0.012255573387317975,0.0,0.006480611743582054
2017-09-12,-0.004887467476802687,0.0063316123669856506,0.004874937277418612,0.011639520619282528,0.005389230858023675,0.0,0.00822710610944144,0.0003590101973138804,0.0041215829126717285,0.0,0.005448177320123371
2017-09-13,-0.005552042502200649,0.01219030523878084,0.0,0.0059171697805502355,0.003176490982826463,0.0,0.0,0.005562558331910106,0.0035915698125328355,0.001016541730075371,0.004433505220216016
2017-09-14,0.0019327664001249634,0.009712509798873947,0.010124436696502759,0.001960766836418548,0.0017811231894342416,0.0,0.0,-0.0035688929277665205,0.0028118766195033285,0.0,0.0019617909134244105
2017-09-15,0.002250164389995035,-0.007695223445637445,-0.006473116778964894,-0.007501615896313929,-0.007506860162705631,0.007942213259749531,-0.008479980468749981,-0.004298024316099047,-0.0061177126324241105,-0.004061940845171863,0.0
2017-09-18,0.0012830297569750293,0.0019387062925788623,0.0,0.0085442072387234,0.0,0.0,0.0,0.002518043312732532,0.00410361222170641,-0.0015294767777506157,0.0
2017-09-19,-0.006941010497842903,0.007352961800914937,-0.003783108412120706,0.004561726530212251,-0.007165617004862956,0.0,0.005809272281106503,-0.005202743214831607,-0.0007663497528680452,-0.004340009621958352,0.0
2017-09-20,0.0007532895550275143,0.007683398014408427,0.0,-0.0009731004450129754,-0.001603885913022296,0.0,0.0,-0.005770959250159136,-0.008179951522529372,0.0,0.0
2017-09-21,-0.00419075415069603,0.0030499399581473963,0.007172998768834704,0.009415614373730063,0.003815310126849436,0.016475611863025375,0.004171319010031871,-0.006167243714865989,0.0025773786284728484,0.0,0.0
2017-09-22,-0.003344828185536497,0.005701239892628829,0.0,-0.0016082096112947086,-0.0068013630960598315,0.0,0.0,-0.004197837897300438,-0.004884381335559795,0.0,0.0
2017-09-25,-0.0018402962022490144,0.016250956918139714,0.0,0.003543772543766366,0.013494423934631516,0.0,0.0,0.011180292894070742,-0.0018083104231406688,0.0,0.0
2017-09-26,0.001518332229947461,0.0063220557884946516,0.0,0.004815397122542642,0.0015898615170881758,0.0,0.0,0.008700441777498291,0.005952369199517804,0.0,0.0
2017-09-27,-0.009096950352034394,0.002217345693836137,0.013405935633578059,0.011501617224491945,-0.001785717259188524,0.0,0.0,-0.003953301251947261,0.011577071656935889,0.0,0.0
2017-09-28,0.0006559135522767878,0.0029498496028923515,0.0,-0.0012633925575328275,0.0005962786419799748,0.0,0.0041539913867927325,-0.0030669670342163835,0.0,-0.008461585411658645,0.0
2017-09-29,0.0062253239299538965,-0.006250002629616613,0.0,0.003162507004016879,-0.002582460622192695,0.0,0.0020684339104442007,0.00036193373816795216,0.00457783078771179,0.0,0.0
2017-10-02,-0.0006508784384723354,0.002959671538061759,0.00847457293014231,0.007566197235607142,0.018522213147448285,0.020260774487067312,0.006986323116974669,0.006150509408390681,0.010632865036590111,0.0,0.03475276915648329
2017-10-03,0.0022802734831692817,0.0,0.0006148550673079622,0.0,-0.0011732021765704648,0.002935623969789747,0.005991817708713043,-0.0005393523889422047,-0.0007514724617450064,0.0,0.0
2017-10-04,0.0008673057355916836,0.0036886193976295445,0.004711174593897249,0.0018773897061894473,0.005090021773944686,0.0,0.005015729049344442,0.0025184275816541035,-0.0007520375972895899,0.0,0.0014191432124732728
2017-10-05,0.0034645713167498204,0.0051452150572457445,0.006116192491882444,0.0068707438337898274,0.0009738846301508008,0.0,0.0,0.006459727495219614,0.008529858188200734,0.0,0.004723683566808523
2017-10-06,-0.005610640749012408,-0.010237684926513335,0.00020267753879887884,-0.0006203615608689761,0.001167569060199325,0.0,0.001091698250557993,-0.007844511062792048,0.003233857354427716,0.0,-0.007522324587149187
2017-10-09,0.003146921794480839,0.002585877192957664,-0.0006077548404767041,0.0,-0.00583088887486749,0.0,0.0,0.0010781232156094056,0.0057029390477048025,0.0,-0.00047371997123168974
2017-10-10,0.005516219304400494,0.0,-0.004865227438846542,-0.004655540664055602,-0.006647119109387867,-0.00292703130652594,-0.003271582663696204,0.0010770305919416412,-0.007149923710759842,0.0,0.0
2017-10-11,0.0016138118228716802,-0.0036845422391289517,-0.0038704140582278557,-0.0018709502295598535,0.0,0.0,-0.006408250239849589,0.0010758718450514237,-0.0007449411213277246,0.0,-0.0023697224410048623
2017-10-12,0.004403195047461006,-0.004807731646213953,-0.001022557263752888,-0.0012495785778221524,0.0005904109129319934,0.0,0.003460771146126529,0.00429872570120593,0.0057156941511611326,0.0,-0.0076009431454237
2017-10-13,0.005774088737520833,0.004830957593919827,0.003070655692207991,0.00031280040965331324,-0.001573600134039621,0.0,0.0,0.006063851514864105,0.004200597079753621,0.0,0.0
2017-10-16,-0.0026578007248312385,0.002958576959962933,0.0014285652004941696,0.0043777170623013895,0.005122185674308222,0.0,0.0,0.002304574870889642,0.0036909824835555938,0.017067589691261098,0.0
2017-10-17,-0.0010656941937161601,-0.001474959966427325,0.005706109252868075,0.0012453585572083092,0.005488019929138721,0.008634087399714385,0.0,0.0007074799235873286,0.005148298106380178,0.0,0.0
2017-10-18,0.00010670473297658134,-0.0011078540151414629,-0.0016210338162294669,0.002176607436453537,0.002534133919076531,0.0,0.0,-0.0008837583976599728,0.0,0.004830882732351327,-0.0033508710803938913
2017-10-19,-0.002347686056930587,-0.008502755960200226,-0.010960034717074074,-0.007136194399721352,-0.004666569648895003,0.0,0.005643527279898919,-0.011144476685336357,-0.008048825147675354,0.0010121689034414683,0.0
2017-10-20,-0.005775432103674705,0.005219962387824184,0.006977224621009803,0.014687538146972656,0.004688448620929986,0.0,0.0,-0.0008945089515725035,0.01131062011016204,0.0,0.0
2017-10-23,-0.00516326058429184,0.0014837135343368502,0.0038719916016023426,0.0009238921518039955,0.007583110778422331,0.0,0.0,0.0035810343492153063,0.0058351047298070835,0.0,0.0
2017-10-24,-0.004758219773993599,-0.0003703788474753722,-0.003045020631193829,0.002769235464242792,-0.013508312756886576,0.0,0.0,-0.00695806235427332,-0.0019337205323388673,0.0,0.0
2017-10-25,-0.006518672195059527,-0.012967780082912772,0.0,-0.007057365485101608,-0.010367738465782761,-0.0011984197056511547,0.00950897265537054,-0.011139039410428486,-0.009445371300579875,0.0,-0.016330459057231073
2017-10-26,-0.00018934699881678618,0.012387384807309054,0.005497871195439652,0.015142084503323217,0.0047440537209511024,0.0,0.014823950784516482,0.017986879493133268,0.01638137271269735,0.0,0.012695323959633464
2017-10-27,0.0036340675492860797,0.015572861957248163,0.016200875248200575,0.005175098676990952,0.005705234908193635,0.024854315377905056,0.0053256005419981545,0.004640409457344896,0.02886698993863268,0.02249745598465336,0.011089659825195275
2017-10-30,-0.0021946943537273222,0.0018255255758814481,-0.0023913696922076566,-0.006056958212198649,-0.009585247926597873,-0.005853859900635361,-0.0010594777531034438,-0.009770815919614484,0.00023376949792353052,0.0,0.0
2017-10-31,0.0007703913869312462,0.0,0.001997572340747933,0.0,-0.001975158734123239,0.0020188887845651315,0.0,0.005561491734104251,0.006077656466794812,-0.0017305239432369168,0.0
2017-11-01,0.003955693140822669,0.016763814705532454,0.0,0.0009140395970694826,0.0071244927577369666,0.0,0.011363636363636465,0.004281921172768044,0.0037174684946250647,0.0,-0.008106823169311328
2017-11-02,0.006567396154631533,-0.0028673808171997273,-0.0033891182109738738,0.001522162985706288,-0.008253059028936582,-0.003190101360398101,0.0,-0.007283706533019685,-0.005324063383666422,0.0,0.0
2017-11-03,0.00043504273616501443,0.006829638250965386,0.005001000032126113,-0.0012158332423140017,0.006934782358941627,0.006400557098732884,0.0005992646520951439,0.00805298415064315,0.011403254592728507,0.0,-0.004807619124471918
2017-11-06,0.002282543692064154,0.014994647371008307,0.004777027383587873,-0.002130240216799195,0.0035419186591241214,0.0030125574087995766,0.003144169510317152,-0.002485410967420165,0.007133027607489684,0.007924707438328848,0.0
2017-11-07,0.003145072040285468,0.005276103303557322,0.0001981405768853861,0.0006099559989398706,-0.0013725430357689472,0.0021692152086307814,0.00014928561538019025,0.00017800563222847288,0.0015992619166582678,0.0,-0.013043499894312638
2017-11-08,0.006162079843359036,-0.003848866712568455,0.0,-0.008229212022632382,-0.0009817246566060644,0.0,0.0,0.005515970718601437,0.0034215676404383277,0.0036854473800951304,0.0
2017-11-09,0.0018265559943471121,-0.005971200575835778,0.0,-0.005839042288274365,-0.007861665044845534,0.0,-0.008655451612664455,-0.003539142703636866,-0.012730196679331729,0.0,0.0009789749126241087
2017-11-10,0.0012873193379667747,-0.004240245057237302,0.0,-0.000618134281595184,-0.00911250175602274,0.0,0.0,0.001953414899159789,-0.0029933471609886464,0.0,0.0
2017-11-13,-0.0008570376674090774,-0.002484020371403717,0.0,-0.003711807602397421,0.002998754694300665,-0.027472552250268012,-0.00948362562883931,0.005671809994804766,0.0020785255005468795,0.0,-0.008312961855826861
2017-11-14,0.00042877853669476274,-0.022767743973701293,0.0,-0.00931385425605824,-0.010763347030862125,0.0,-0.014133742584240494,-0.010398310453554327,-0.010601500136973918,0.0,-0.009861970225235495
2017-11-15,-0.0025721076996645387,-0.013469200623710709,-0.02574773239336703,0.0,-0.003223853394492493,0.0,-0.010328437952396241,-0.00623334424411448,-0.006289318794417076,-0.01762539615422476,0.0
2017-11-16,0.0030086566983473784,-0.0029520266634666115,0.009148216619284666,0.0047007686178686114,0.009500654829358801,-0.008560178074065727,0.008567026135549938,0.01111109212118011,0.01195495366519883,0.0017443232733884706,0.00647406181576371
2017-11-17,-0.0004286266100711478,0.0,0.0,-0.003743007925550823,-0.0026030688224417675,0.0,0.0,-0.003544788279562061,-0.003937877603793827,0.0,0.0
2017-11-20,0.0,0.0033308716159563545,0.0,0.005322481949011637,0.00281066825514098,0.0,0.0,0.005514008393147973,0.0051163074582121215,0.0,0.01088576104252037
2017-11-21,0.0034292972285823176,0.00516412344140571,0.0,0.004982866532881047,0.008608614586745444,0.007425320433583016,0.0,0.004953168229975047,0.012494148208663347,0.0,0.0
2017-11-22,-0.00021372618548720634,0.0007339617527952758,0.0,-0.0037185909570043307,-0.002381952045213076,-0.003085366895868913,0.0,-0.005984864361361253,-0.007769656435763328,0.0,0.0029368313776862998
2017-11-23,0.00149511339421049,-0.002566912125015808,0.0,-0.004043578909649237,-0.0047751267764508665,0.0,0.0,-0.0014167138184044692,-0.003915204424557062,0.0,0.0
2017-11-24,-0.00021323810486595374,-0.004411795436303878,0.0038276076499281775,-0.004684560161956619,-0.005597736440112633,-0.0068776053460857245,0.0,-0.004078729291111638,-0.002080928383535019,-0.018656716063832235,0.0
2017-11-27,-0.00010658812277708485,-0.00997047483472524,0.00020064862865343258,-0.0021964731826010775,0.0016083235556474396,0.0,0.0,-0.0007122670163109968,-0.0002316571262407363,0.0,-0.0026353805635307426
2017-11-28,-0.0054412971772499485,0.008205939018484543,0.0,0.006289332318799801,0.006021662763914248,0.007617771021336983,0.0,0.007305770762927821,0.0,0.0,0.0
2017-11-29,-0.0032179635179455657,0.0044394720250249264,0.013643665792414161,0.02531254291534424,0.007581825143924581,0.0,0.0,0.005306970780754483,-0.01668600684223176,0.0,0.02759831441011351
2017-11-30,0.008717081646677283,0.005524847905629349,0.000989691936015502,-0.002438336717651368,-0.002772265141553265,0.01065290247005568,0.0,-0.002111609057109942,0.0009427507716153194,0.0,0.0
2017-12-01,-0.003520896182836686,0.005494561541059539,-0.010282785463747834,-0.013443282397275658,-0.006552855978060768,-0.010200586148148005,-0.005250908693291478,-0.004761073216761891,-0.01342123094986769,0.0,0.0
2017-12-04,0.002141246421739851,0.015846974639420752,0.02237760137777256,0.02384640557236417,0.011393158279669802,0.019237356722804355,0.0,0.01506028188342512,0.0009545847105847383,0.017743998717410836,0.0
2017-12-05,-0.00170925102555064,-0.004303418979681672,0.00039086297595014585,0.0013611060821572263,-0.006324104831502697,0.0,0.0,0.005760132851873934,0.0069146620177202855,0.0,0.0
2017-12-06,-0.004708811361105791,-0.007023219849121243,-0.005469794624115898,-0.005739272899447645,-0.0027843952475608003,0.0,0.005899662037148978,0.007462692001853455,-0.001420823441662722,0.0,0.0036190577915735656
2017-12-07,0.0003224168889324197,-0.0038084709248669135,0.0011785773614387818,0.001367102162955991,-0.002792169751748008,-0.00033704849531923653,-0.0012347866943078767,-0.003617555335618139,0.007825512103002863,0.0,0.0
2017-12-08,0.003547605841955015,0.006735826139252721,0.0,0.005461174459212348,0.011800003051757768,0.0,0.0,0.0005186510929759969,0.007764748965992663,0.0,0.0
2017-12-11,0.0,0.0077757741610891,0.005297242521038026,0.0013579355603920984,0.001976645064627025,0.0,0.0,-0.003110425237568215,0.00023344200573793827,0.0,0.010818022326730015
2017-12-12,0.0,0.009868997695643644,0.008977343274872762,0.011450873517932392,0.010653007105090317,0.0,0.01591715026842011,0.008840390854063074,0.01003735536050887,0.0,0.0
2017-12-13,0.009425797695999938,-0.009417178230143097,-0.0013539592609522755,0.0,0.0015616207645821056,0.0,0.0,-0.0013746018901366064,-0.0018488983177334939,0.0,0.013330758448594437
2017-12-14,0.0,-0.0003587526056264556,-0.0007747610827001372,-0.009533731801483869,-0.004872344441801846,0.0,-0.00045632461624112164,-0.001892646462029024,-0.0011576577599061721,0.0,-0.00629978153135502
2017-12-15,0.004668837442607154,-0.0010766440657431486,0.002132207986552004,0.002406432053693397,0.0033293804225049684,0.007080276227297899,0.000608749293633748,0.003447694685852376,0.0030134694008927543,-0.012602752168581643,0.0
2017-12-18,0.008449298417572582,0.004850017363828174,0.006769796304761044,0.006451617334304549,0.003513572258133202,0.0,0.0,0.0032640859713899406,0.009013158898140583,0.0,0.0
2017-12-19,-0.011311536255783183,-0.0035752047399353337,-0.00019209071430847935,-0.0035778993233860357,-0.002528711700079511,0.0033477894647311324,0.0,-0.0032534663774289596,-0.0048098736877366655,0.0,0.0
2017-12-20,-0.006779384608005423,-0.00035881695660944235,-0.007878551886992269,-0.005984349467380579,-0.008385341564192572,0.0,0.0,-0.012368964393231097,-0.008745709124114764,0.0,-0.008577289676399813
2017-12-21,-0.003839573686911568,0.018664699893144565,0.004842145938950715,0.005719404567347652,-0.0005899465132165327,0.0,0.0,0.004522496328793535,0.00464362118311068,0.0,0.0
2017-12-22,0.0,0.006342505655342556,0.002505729582528149,-0.0023944333050818223,-0.0023612540851114527,0.0,0.0,0.0027705601283483094,-0.002542191106721492,-0.03400261170695573,0.0
2017-12-27,0.01027832756114666,0.0028011178292022265,-0.0021149163469355026,-0.0015002414944731424,0.00019720554995550366,0.0030030081631595706,0.0,0.0,-0.00787766806742185,0.0,0.0
2017-12-28,0.00254365285355318,-0.004539076939142239,-0.005587686069387532,-0.004507142929192409,-0.005127160840608491,0.0,0.0,-0.005698463429924638,-0.004203650314307139,0.0,0.0
2017-12-29,0.006765367902378472,0.0031567924189883634,-0.004456491755789549,0.0030183661604930023,-0.002180388675680045,0.0,0.0,-0.0001737085083779455,-0.007739165597585251,0.0,-0.0056422293523095135
2018-01-02,-0.0029402094722287275,-0.0029720626114523307,0.0015569874405290118,-0.00968999700954365,0.00039730746331034794,-0.01180969888700556,0.01931553829758803,-0.008858751506629847,0.0030724946631657257,-0.017338663045081804,0.0
2018-01-03,0.0,0.018236032575629002,0.009327624383521638,0.004254266002908347,0.009134215228307596,0.0,0.0,0.0015772897024501908,0.015551363543087948,-0.0004251392523652031,0.0
2018-01-04,-0.0012635785689445456,0.006543844844364655,0.0007701370154979958,0.009924930757035266,-0.000590294755549392,0.0,0.0,-0.0003499642559872118,0.004872457229807559,0.0,0.0
2018-01-05,0.0,0.0025662567874036313,0.010196205924669632,0.004194612654380592,0.011025744211446753,0.027268118768650984,0.0,0.00630142838475245,0.010621082195493514,0.0,0.0
2018-01-08,0.0,0.005631430710709262,0.008188922470398374,0.005967322170293832,0.0003894928599414982,0.008520407474431613,0.0,0.0034788127048723805,0.010737976143195604,0.0,0.0056742447425481846
2018-01-09,-0.0021086286996089276,0.00797558490190342,0.006611301433653294,0.00866057125194053,0.01440532789280402,0.009585705278654766,0.044315150245689994,0.006413637638929215,0.0036166329417204324,0.0,0.0
2018-01-10,-0.013524803411384734,-0.003703724159119348,-0.003565442637305072,0.00670432382840902,-0.008635593123559882,-0.004023173518756806,-0.01028720163850494,-0.01119534120744825,-0.010810886045889423,0.0,0.0
2018-01-11,0.0017136442293514964,0.006083146476768109,-0.002259866955424683,-0.004089244929280533,-0.0044521785310815964,-0.0001615498728680942,0.0,-0.005922315859459348,-0.001821448535805903,-0.013185936366884254,0.0
2018-01-12,-0.0012833572833107487,-0.000167990192755596,0.005851290599651282,0.0009384584711988886,0.0005832933913838545,0.0019392199388081899,0.002598532032609846,-0.007008963168352422,-0.0018248592786550555,-0.009267186563057361,-0.02539021144862985
2018-01-15,0.0029980250890822013,-0.003359599401029034,-0.0020641885618641886,-0.00316449541438224,-0.004858142332836435,-0.0040322580645161255,-0.0014398629015868192,-0.00423500743822236,-0.004798882370370627,-0.006634747517998862,-0.002315724344330472
2018-01-16,0.007685274105281303,-0.005562140921458014,0.004889024446054657,0.0029394024919324746,0.004100743765416803,0.0021052804553074456,-0.006488780939340799,0.0026581875787292653,0.006659033768261491,0.0018612990248672023,0.0
2018-01-17,-0.0038130107948080028,-0.0038982973260394127,-0.0056137583227895416,-0.0037514172349861763,0.001361406301328083,0.0,0.0,0.005832414381017115,-0.0011404935421195361,0.0,0.0
2018-01-18,-0.006805868403043314,-0.00017019118857519722,-0.0003763729392809445,0.0028242136311233956,-0.001942169072800426,0.0,0.0,-0.0022843273319942403,0.007307597354051509,0.0,0.0
2018-01-19,0.002141246421739851,-0.008679345406759631,0.008471400075073188,0.0036376597267335775,0.006226886527044284,0.0,0.0,0.008101495404357895,0.0036272918884194816,0.0,0.0
2018-01-22,0.006410443846266212,0.01236053597773612,0.0039200874681533104,0.00303987156785146,0.003287603686955576,0.0,-0.001451356631444134,0.004018160997413922,0.002710615103771019,0.0,0.008897486099781915
2018-01-23,0.0,0.0027132413786679077,0.007809631706504616,0.0031471584197575453,0.0040477848910784875,-0.002585647133974467,-0.0036337207690517737,0.0026100175395089575,0.008785748930183246,0.002841532674551006,0.0038343521126051883
2018-01-24,0.012314205413571866,-0.005919199771621364,-0.00442807518613364,-0.004415536491673033,-0.007103070278382084,-0.006318849350858691,-0.001312968100339873,-0.007809801653613668,-0.013398805057549312,0.0,0.0
2018-01-25,-0.0008388520831545954,-0.009356911338594065,-0.011489972987475006,-0.006302509550378366,-0.003093577796515312,-0.009620090249029545,-0.004820359851999134,-0.00699663676741058,-0.011770041968577227,-0.019834264783693323,0.0
2018-01-26,-0.0012594401246894815,0.002919491413000408,0.01068615847757104,0.004580750698733871,0.017649337144577837,0.0,0.006898594446656192,0.0038753077140945003,0.010077843065660508,0.007894056268054284,0.0
2018-01-29,0.0,-0.0032534663774289596,0.005750350105146573,0.0054951395839937245,0.008766896774745181,0.01580505528390508,0.0,0.0014037201965488855,0.007709754293697024,-0.0017650076940953774,-0.0034377627339926553
2018-01-30,-0.015552753035439792,-0.024566231363457147,-0.007930658345533081,-0.012906983268782923,-0.016625752182910625,0.0,0.0,-0.0064832474831486575,-0.014851482173886543,0.0,-0.0057492781418228
2018-01-31,0.0059779127851566916,-0.0075730946534040555,-0.00483365182757256,-0.005418833657141464,-0.016906841133796924,0.0,-0.016326459797371684,-0.0038800920236834457,-0.0011420566115728503,0.0,0.0
2018-02-01,-0.007683060591213153,-0.0028393939972436444,-0.006351581549435603,0.0008290855874992786,-0.010357607939461055,-0.01880064559268002,-0.006965044417930222,-0.0046033697528410356,0.0018294496202182486,-0.010498321980017211,-0.002698615122667447
2018-02-02,-0.011201886814784179,-0.018864523660797827,-0.0026320622910890323,-0.0029585348040910286,-0.0003949537520682167,-0.010736728048383548,-0.01790784270081236,-0.007826439556252063,-0.01734768574314194,-0.00748273236091368,0.0
2018-02-05,-0.010893419486259881,-0.01795758496800337,-0.012252548926099838,-0.021246278547829678,-0.016001532510573457,-0.014693622926757577,-0.008813162485589832,-0.016134774666142215,-0.009988392864025974,-0.0014628657768067654,0.0
2018-02-06,0.0,-0.03417064083814547,-0.026145089822286027,-0.0337133573845223,-0.03734191044108115,-0.031350593572988084,-0.025908360484954818,-0.028425680446959034,-0.03801029968287528,-0.040793275660788164,0.0
2018-02-07,-0.01982386536220848,0.025435035247101778,0.03390161833470784,0.030622484942795403,0.03128258552936969,0.030790733489004518,0.022348098024630447,0.025506388187087392,0.03902435302734375,0.024788473537386668,-0.026285211669995534
2018-02-08,-0.014381972077848526,-0.019955235287928197,-0.02312353003824752,-0.01546515546679994,-0.016784667709787704,-0.0242701380671837,0.0,-0.016459427960056505,-0.028168943455976203,0.0,-0.02113937009036626
2018-02-09,-0.018239760767620683,-0.023977133012869745,0.0,-0.018923918021991004,-0.021801677949001563,0.0,-0.04125616291482337,-0.014317599018988658,-0.017391333192416814,-0.01673735132388321,-0.015918036028448768
2018-02-12,0.004180368760953401,0.013452887783047318,-0.006402829359579365,0.0121028385997628,0.018502885366024513,0.0,0.0,0.010564070760657573,0.024827883823901997,0.0,0.013187646960509669
2018-02-13,0.010175818319106522,-0.005194314354394769,-0.005272416766075261,-0.0047334463614021605,-0.009909156809341124,0.0,0.021034062282712984,-0.007280182786450817,-0.0052769828076922876,0.0,-0.01006711214139755
2018-02-14,0.0018311374320441054,-0.0011602699604720268,0.009030288801946229,0.010763510008567456,0.008548787640507927,0.0,0.008491855630355705,0.0030086469818342287,0.01157462088514949,0.0,0.002362682894119006
2018-02-15,0.00868377398218878,-0.0009681132677752391,0.00350195135860365,0.0070579691319390125,0.005581981883933773,0.0,0.007796663362142242,-0.0007499234235641694,0.010965413018038328,0.0006996058101529368,-0.006353788920157921
2018-02-16,0.0,0.0168605188432005,0.01260173881557125,0.010205241069226823,0.020148017157354037,0.0,0.0,0.01744841122866525,0.019099301490340448,0.0,0.0207302198398287
2018-02-19,0.0,-0.0011435367237487837,0.0,-0.0004868196538635461,-0.0032245032417623776,0.0,0.0030946091000512155,-0.00239721683962002,-0.0032392268786279876,0.021437727057372014,0.0
2018-02-20,0.01132811615981022,0.004960853315973512,0.00536088037049387,0.005357972784745257,0.005256816438399259,0.0,0.007866643412489438,-0.005360390185016328,0.013231190125282843,-0.0012547773458244649,0.0
2018-02-21,-0.008961026638942604,-0.0009492925536122021,0.002666219935647751,0.006540801518486239,-0.0006034310791941389,0.0,0.003979218714459831,-0.003716795350961033,0.0050400320347165906,0.0022842004062373356,-0.001717712218545886
2018-02-22,0.0,-0.00019000991516826549,0.0,-0.003850847180641659,-0.0004025046954403422,0.0,0.0003049431848511919,-0.000746146522513147,-0.006838368916451176,0.0,0.0
2018-02-23,0.0,0.004561829708899623,-0.003228907477980214,-0.0022952468816070937,-0.0018118852669274377,0.0,0.0,0.0031734550048729826,0.006196935039128437,0.0,0.0
2018-02-26,0.0,0.010217614590694257,0.011432970542148535,0.007991280559812353,0.014521931815558942,0.0,0.0,0.008559714739587942,0.014826677089793128,0.0,0.0
2018-02-27,-0.0013563643564517003,0.0044952553139254725,0.0,0.011291275053998628,0.00556665205250817,0.0,0.0,-0.0023985436584001985,0.010564113020326893,0.0,0.0
2018-02-28,0.0,-0.01081487636589884,-0.0037679117565976306,-0.007126673985079934,-0.008303716260142702,0.0,-0.002438336717651368,-0.00554834915394431,-0.0011120826974797549,0.0,0.0
2018-03-01,0.0,-0.012441090610818217,-0.014561279164344687,-0.01256137017861969,-0.015151481735349637,0.01826403211697647,-0.01985938650389696,-0.010414754854445207,-0.014473425252446548,0.0058112626806572365,0.0
2018-03-02,0.0,-0.02500472559372824,-0.024179660745967668,-0.028471003747452595,-0.01761139108723042,-0.030577398147128454,-0.023223276311064245,-0.011088144385254517,-0.02462720727347134,-0.02061846759538366,0.0
2018-03-05,0.003168960265391707,0.015465878475160677,0.010029540836466788,0.010350440522845172,0.01009688215108362,0.0,0.0,0.009692173063147624,0.015751687144266446,0.0,0.0
2018-03-06,-0.0018050336061713468,-0.0025062127645053556,0.0,-0.0004937871686667705,-0.0026520005487810083,0.0,0.0,-0.003952623657972221,-0.000912134600271064,0.009716556314768754,0.0
2018-03-07,0.007233303475404185,-0.0032856972966301967,0.0,0.001111481683516713,0.0032726498140638327,0.0,0.0,0.0,0.0036521306185042235,-0.0027494750366545695,0.0015182533551623134
2018-03-08,0.005834846799963822,0.000387831256196014,0.011098124767337625,0.0066608978019260245,0.01671762910456187,0.0,0.0,0.011148907275172926,0.016374741551447913,0.008500902840908653,0.0
2018-03-09,-0.0013387006168186222,0.01666990904841903,0.0,0.013233647629445677,0.0066172415905887405,0.0,0.03175371870602928,0.006914646948010361,0.013873411627528753,0.0019363531317158067,0.0
2018-03-12,0.0,-0.00019069849542374673,0.015212803983916112,0.004232657780391946,0.004581664118342488,0.0,0.004639582514268881,0.002783921830142644,0.01147650500999986,0.010118315903875352,0.0
2018-03-13,0.007149047035500455,-0.006483603384663694,0.0,-0.010356393287299537,-0.006940283006208303,0.0,0.0,-0.01054968920418764,-0.013964721334836061,-0.005402401176910265,0.0041434472602224215
2018-03-14,-0.00044317985534836346,-0.0034549003924672084,-0.012518964949358335,-0.006814396048460347,-0.0035942551636282127,0.020616707822824987,-0.012315200640981905,-0.0011222888069816195,-0.004868276448139364,0.009618653295728752,-0.0022142022033371234
2018-03-15,0.0,-0.005007672008908393,0.007299217122435975,0.004778303429453734,0.006613186498326762,0.0,0.0015585796199095725,0.00018723448029045464,0.008894767630059475,0.0035867005081025027,0.004135602989808529
2018-03-16,0.0017753897527523765,0.014518002365762062,0.0,0.0039019128373560807,0.0015927101688986145,0.0,0.0,0.0009361399963188077,-0.0011020330226503283,0.005249042757709876,0.004018077565000722
2018-03-19,-0.002658530966624495,-0.02003433009192035,-0.014683456863621824,-0.015425708502540103,-0.0170940287592225,0.0,0.0,-0.010475076097717362,-0.026037076635517797,-0.006888153746575254,-0.011105559010113675
2018-03-20,-0.003998259976429108,0.012850464166059394,0.010644533989714322,0.01270659855334677,0.002022213803402728,0.0,-0.012449471291050007,-0.0009452372460395653,0.00906210990960532,0.0013424414083482716,0.0
2018-03-21,0.0,0.02229911259524009,0.002680953396702268,-0.00024361738710187986,0.0022199921704395553,0.011395091211574782,0.0,-0.00794698545073702,0.002469703818825275,0.0021226737741379953,-0.005261032648679942
2018-03-22,0.0,-0.012034587927336804,-0.019098548287684758,-0.021445064720754248,-0.020942426877223252,0.0,0.0,-0.0034331547611685664,-0.025307973784956972,0.0014492234358918221,-0.01545967015787908
2018-03-23,0.0,-0.007042305674431093,-0.014408132197678558,-0.02390734765020397,-0.014603025505355194,0.0,-0.026473374242245162,-0.009378022554388465,-0.021599232923291356,-0.010018941842957929,-0.009194287096944587
2018-03-26,-0.019625442432926632,-0.010734091973326754,-0.013038322033554706,-0.00905729010634404,-0.022542225418432316,-0.050187817506138765,-0.01343473669079387,-0.012557916001925906,-0.016909375052633457,-0.012706614251217108,-0.015014081885337927
2018-03-27,0.008416688992553656,0.015113326294757368,0.02201766030776886,0.015061804982076543,0.020072572922378962,0.024802319972202946,0.0,0.01291332106301013,0.027711414966516967,0.013098032834855555,0.0
2018-03-28,0.011053548293108673,-0.011070777307014446,-0.02134743680516349,-0.007863065676409708,0.004605426388840872,-0.012627169675953454,0.0,0.015259820524279544,-0.034867503115735055,0.018437273643080676,0.02360543421761796
2018-03-29,0.004350749145245247,0.011194711464656004,0.0,0.008947995918571428,0.008543443072978274,0.01669631357272694,0.0,0.012747301206993189,0.020712923913052572,0.007285570662329377,0.0
2018-04-03,0.0,-0.005344508161078565,0.0,-0.00861526866024831,-0.012190085412960627,-0.009783391978859468,0.01722722270577881,-0.010144672556287926,-0.009674370860754289,-0.005260310760916043,0.0
2018-04-04,-0.001666431997003337,0.0038380495221050914,0.008405006177412355,-0.001661343356034184,0.00020912615030344028,-0.008645054266558483,0.0,0.007591602510996109,-0.007624486192923108,-0.0014321400338981327,0.0
2018-04-05,0.0048958339121882855,0.03613074632059665,0.031156969911508625,0.026625789212212148,0.026348852870587525,0.028652796755653798,0.0,0.019024266691096914,0.034093592243040094,0.008826116787434835,0.019751807986997605
2018-04-06,0.0007746330032369908,-0.010147587256799873,0.0,-0.01421450298350213,-0.016707487345744898,0.0,0.0,-0.005545272560479875,-0.01996750908858047,0.0006561204166088963,-0.0026366517317975013
2018-04-09,0.0,0.0014911093025566924,0.0,0.004300521034754645,0.0010361179754849736,0.0,0.0,-0.0027880615856646918,0.003316735197465004,-0.0013114846364624677,-0.0009150812901899119
2018-04-10,0.0,0.01991438123841993,0.0,0.004659972169285265,0.010349823758780463,0.0,0.0,-0.002423132607974443,0.0063754537778475395,-0.006018751838755776,-0.00030533882904404397
2018-04-11,0.0,0.003832100134969263,-0.012894499244622382,-0.010781050514609869,-0.011473086612069805,0.0,0.0,-0.007660684676855878,-0.002111688288207847,-0.0042937917409684445,0.003257618666580253
2018-04-12,-0.004314540036391978,0.005090030949601587,0.006823912417110778,0.013179583610143819,0.010569913399651965,-0.010034567889501522,0.022419344994329737,0.00489546824600362,0.01575363279739217,0.0009952209779675592,0.0028412818776903936
2018-04-13,0.0006667285261692246,0.008862323307213371,0.0,-0.005378329584838526,-0.003691478602841247,0.0,0.0,-0.0018736832700468886,-0.0034722574821709484,0.00441842039811613,0.0
2018-04-16,0.0033311996411582445,-0.0005378053057256693,-0.005615819499515284,-0.004024152952951332,0.0037051561073315753,0.001223343120078324,0.0023663279274837024,0.0015017461173263413,-0.002322844968485116,0.0025293921089510896,0.0013153429237282577
2018-04-17,0.009960308230293702,0.0075335994429652775,0.0,0.008712091747321571,0.00861365869770947,0.0,0.0,0.00412373433918356,0.02281721827306571,0.010201783295614275,0.0
2018-04-18,0.0019722406418176686,0.014776604203515342,0.0,-0.00425584185216954,-0.00040667868319566036,0.0,0.0,-0.004480079618009003,-0.0022763139864879767,0.00390924673706472,0.0
2018-04-19,-0.011162115925373195,0.01035087986996297,0.0,0.005656829255251683,-0.004678591191013548,0.01797868324030194,0.025967917880147517,-0.020626331352904925,-0.008898087794953602,-0.007571627440856932,0.0038399461563338733
2018-04-20,-0.007467814686481278,-0.005903805377444726,0.0,0.00625002384185791,-0.003678730922810569,0.0,0.0,-0.0036377298176183404,-0.009208050732665174,0.0017438467219330622,0.0
2018-04-23,0.0,0.006986926216225431,0.0210321687078332,0.007204920438093065,0.00964105068108978,0.008401949263217912,0.0,-0.0013451132512054542,0.0109200138477763,0.0008704573880551347,0.010267791056428166
2018-04-24,0.0,0.007632239636827576,0.0,0.004316705509174845,-0.000812696353825304,0.0,0.0,-0.0019242310269279583,-0.013100430172669597,0.008370438232977007,0.0029892120584493753
2018-04-25,0.0,-0.011361677494895028,0.0,-0.012034824631898977,0.0,0.0,0.0,0.0019279408304919698,-0.009548203552039447,0.0,0.0
2018-04-26,0.0,0.019153725723068726,0.0,0.008576786014452331,0.008946698332221725,0.0,0.0,0.012892017571829673,0.023512815158762468,0.012828852369756172,-0.00019867425437469777
2018-04-27,0.019651720471662637,-0.0023919253813132757,0.0,0.0006162329607413142,0.00624750866513657,0.0,0.0,0.008738584532793858,0.00022977570666116165,0.011069625631840996,0.0
2018-04-30,0.004295133506538873,0.0037677893989176425,0.021171096774569076,0.008868031285778288,0.004005623106690059,-0.010542471214149862,-0.007363143717704634,0.0043315134377204245,0.005282488226919346,0.003684682869392164,0.010333872238914354
2018-05-01,0.0,0.0,0.0,0.0,0.0,0.0,0.0,0.0,0.0,0.0,0.0
2018-05-02,-0.0007675045049176932,0.006654144098056092,0.002054550027466684,-0.004395098502879224,-0.005784977246126477,-0.0012029506182543726,0.0074177617636339566,-0.015563506517102144,0.014850301676575528,0.004824787608916248,-0.013178581983490645
2018-05-03,-0.003073246320387968,-0.010000002586235457,-0.0150978816449856,-0.01692207714599825,-0.017656522179395284,0.0,-0.00690296917907296,-0.006095232282366081,-0.012832051290418867,-0.0039666082582622275,-0.011959421416060878
2018-05-04,0.005284226875206022,0.015065931696868873,0.0,0.01571653331246048,0.012050656936695159,0.0,0.0,0.012840133480774618,0.02896238316891142,0.011842372484286656,0.008674646595063118
2018-05-07,0.0,0.019058816595869388,0.02535957889323104,0.0042982687700985345,0.007265400926228516,0.0,0.0,0.002459812145101381,0.015070929106233866,-0.0005178782578152408,0.0017999649047850674
2018-05-08,0.004380303137035524,-0.022178026787484373,0.0022148196974687284,0.009660004279756107,0.001001787962600753,0.0,0.021316109489475155,0.001321247554342042,0.003493446508240128,-0.00663203922852984,0.0
2018-05-09,0.001308381541651027,0.03520646499479452,-0.005156515344953649,0.0036332485263497194,-0.003602888480270683,0.0,0.0,0.001131034385559504,0.004569170771450359,-0.010953525043152168,0.0
2018-05-10,0.00914627170573401,0.002125589739038203,0.005553484533846076,0.00784367520109508,0.011852152813496497,0.0,0.0,0.0018828558269985418,0.015594568968109845,0.0005273826040590457,-0.007386644789337704
2018-05-11,0.0032371261190453637,0.0045684251119979535,0.0016568511246966011,0.0009577849544406547,0.00138971007164157,0.0,0.02253475199449473,-0.0018793173433877541,-0.0017060784260765072,0.0023192402133269674,0.011665343184642962
2018-05-14,-0.001505883938200947,0.0030858961775332983,0.0,-0.0020334025583798043,0.011895366874586921,0.030282212122769492,0.0,-0.001694598974836925,0.0017089941040477896,-0.00010521711385946819,0.0
2018-05-15,-0.015941431568612607,0.007610123599036012,-0.0003675879033222529,0.005992956321649867,-0.001763325841957597,0.0010019632184958827,0.0007395807026535639,0.002451925065877658,-0.008104096247847803,-0.0011570084780413437,-0.013021919814573901
2018-05-16,-0.006129587222527877,0.0028925005061846143,0.010479862129446849,0.0022637977124086994,0.009224679076898612,0.007841195052909145,0.015518701825777415,0.009031035342541127,0.009675355389791696,-0.005686594268031864,0.0
2018-05-17,-0.0026430583149574804,0.017465152303362652,0.006550229555103204,0.0004755900973412164,0.003889552120992512,0.0,0.007713561146250214,0.002051102147319517,0.004046048660786061,0.0006354125055363369,-0.00030217135959154096
2018-05-18,-0.0035336721689139816,-0.0025196826364112246,0.0,-0.0038023455673183992,0.0019372780102207,0.0,-0.002888459769101681,-0.0018608538462034918,-0.004029744119986134,-0.0006350090128683927,0.0
2018-05-21,0.00753572317887885,0.0,0.00198844199129411,0.0,0.003866916928109587,0.0,0.0,0.005219962387824184,0.0021295206722315996,0.004236386380497059,0.0003022626947208895
2018-05-22,0.005719030223241495,0.008051757504019541,0.0,0.009422766540545302,-0.001348222212882999,0.0,0.0,-0.0007417860198132287,0.0010624571951016737,0.004956752752147908,0.0
2018-05-23,0.0,-0.022709428079781158,0.0,-0.008980291971049659,0.0005786421384199603,0.0,-0.007097303842290792,0.002783921830142644,0.0002122335258685215,0.006611367769492116,0.008157954363288145
2018-05-24,0.0,-0.011378251311027099,0.0,-0.00846549403501562,-0.004240578569269404,0.0,0.0,0.00037017320406329546,0.0014855623177201238,0.00010429570028303026,0.0
2018-05-25,0.0,-0.021397304655680793,0.006133865248348913,0.0030062071399885593,0.0060008008944378854,0.0,-0.001750587034860196,0.010915821663570746,0.013350309100425894,0.006462974911000119,0.0
2018-05-28,0.0,-0.0033129164564854596,0.0019723975156655804,-0.001198810176612164,0.002886236437529499,0.0,0.0,0.0010981217782075614,0.004182366462062159,0.0017607663215362113,-0.002097892903805798
2018-05-29,0.0017496700331094406,0.010968982585909615,-0.0026843508055066634,-0.01620456410583393,-0.004412884630656144,0.014236063772948393,0.0,0.001828125643991596,-0.0024989365002258124,0.0,-0.0035038388516727137
2018-05-30,0.010043815221415064,0.01726120673112508,-0.00484479562141471,-0.0036602894836695876,0.005010640572147285,0.0,0.0,-0.0031021564108042465,-0.001670184311193923,-0.003928877903360051,-0.0005023221020000745
2018-05-31,0.0023779406472614895,-0.0024240711585280517,-0.0041471248833958585,-0.004531062266544872,-0.0063279352137876055,0.0,-0.008768061836114227,-0.006955904460653972,0.001254733870220237,0.0019721874353157975,0.0
2018-06-01,-0.0002156830199213644,0.0066418248898831855,0.00688033806382049,0.009349270061945969,0.004052471742751251,-0.003427437292373048,0.007666174687147587,-0.0033179779755904137,0.010025052872356222,-0.013674502346594064,0.0
2018-06-04,0.003451245175349671,-0.00933373064136267,0.006293804536588121,0.0028031400003207807,0.0009610427240238639,0.0,0.0,0.0051784498035363224,0.006617032481089691,0.0007352136907607942,-0.0005025745563075334
2018-06-05,0.008598437622015842,-0.0034113530618119503,0.0,-0.0066844134166728075,-0.0009601200076763128,0.0,0.0,-0.0014719046661153534,0.007600635364939157,-0.003988256433498205,0.0
2018-06-06,-0.0006392530752434844,-0.004563957396266027,0.006075771232137761,0.005505943282226422,-0.0013453718329140552,-0.0014739625051377603,0.013899116296197223,-0.012345715459575413,-0.0048929228848630935,-0.018756533272180298,0.00030161963510266787
2018-06-07,0.001492932168455141,0.012935990166613731,-0.000177590082925283,0.0007300516942978508,-0.0007698405741368708,0.0011481005973876801,0.0,0.002798536010244934,-0.007990231374160883,-0.003543813509156779,0.0
2018-06-08,0.0008513649912635923,-0.0004849463142723165,0.003553042453127375,-0.001702327213497945,0.0055855340091441885,0.0,0.0,0.008000005677688993,0.00041306192730306,0.001939826328296368,0.0
2018-06-11,0.004361708869535574,0.0012938381689848732,0.0019471905184280658,0.004506662884494306,0.004405277653121598,0.0,0.0,0.005721693826963747,0.00041289137759470407,0.0,0.016789059829715347
2018-06-12,0.0,0.000969170948778908,0.0037102986719326214,-0.0016975796538371002,-0.002288309211046502,0.0,0.0,0.002936315699827441,0.003714409999513446,0.005808314640926904,-0.0013842138146424876
2018-06-13,0.0,-0.007745675855755363,0.0,-0.003765351399977246,0.008218660315059578,0.007536026827870579,0.0,0.004391543587713986,0.009662854165313872,0.005347042202154428,-0.015841662875575313
2018-06-14,-0.008155759231975757,0.013010232805713118,0.018130588882209198,0.004876854851274759,0.01023698418061314,0.0,0.0,0.008380380571827883,0.010181225693053797,0.017019449741789705,0.0
2018-06-15,0.0004273259546478947,-0.021512283398503862,0.00017286171346508894,-0.010191657073418514,0.0003753135188602208,-0.0022764128398119476,-0.008225103459209127,0.0037940904238344952,-0.005039306529414422,0.001673443596213131,0.008048378345835605
2018-06-18,-0.005444306401395482,0.011402784021732337,0.0003457296160971346,0.0018387280383405091,-0.0069405878268726795,0.0,-0.003492004676875271,-0.008639300402664807,0.002431096645075792,0.0008353737204511713,-0.0028942396170379414
2018-06-19,-0.0022537946145745336,-0.0023521852005341515,-0.007084842837040584,-0.0014071158826848285,0.002266768977993383,0.0,-0.018250840107869815,0.0029048627830998708,-0.007275679338765273,0.007198773486282173,0.0
2018-06-20,0.003227055703257209,-0.0011382064199060293,0.0,0.003124462123126781,0.005842396354512669,0.0,-0.00014863930924247093,0.0038015763593743923,0.008957704620808471,0.0038325773121736795,0.002101882502095531
2018-06-21,0.0,-0.011802026217147987,-0.0005220810959772892,-0.010382317734870417,-0.005433710073710074,-0.025586696206116977,0.0,0.0,-0.007667495108666933,-0.0049530838684281875,-0.00019974580750503623
2018-06-22,0.00965055735688658,0.021332643602406387,0.0,0.006911843276307783,0.0056518317014266906,0.0,0.0,0.007394045838970298,-0.010573413065004478,0.0023852243078072988,0.0037962143798839776
2018-06-25,-0.00467283669188423,-0.030322597872826318,-0.030123620634569526,-0.02525126886730311,-0.017422260894844444,0.0,-0.022609016756863998,-0.009667040988668996,-0.027332470623263938,0.0033105303952352116,-0.012241256055850691
2018-06-26,0.0029873530873456566,0.011809762338391705,0.004488330279635022,0.0035211113471711464,0.00019062576525774588,0.0,0.00547862753564754,0.0037960789159638963,0.006338458175670469,0.010723870080803666,0.0
2018-06-27,-0.003616936851705388,0.028111113480185246,0.0,0.004761858381395978,0.005337449463986399,0.0,0.0,0.006663114617607047,0.007138361221148415,0.004284821128176741,0.0
2018-06-28,0.0,-0.004157373399812592,-0.002144752998184951,-0.003866258649141363,-0.010049347309947776,0.0,0.0,-0.0014311597293543699,-0.008338576520741658,0.00233642460479766,0.0
2018-06-29,0.0,0.005940956227266758,0.005552526391308765,0.0077000216060307825,0.007852898958085719,0.0,0.0,-0.002328933515334475,0.00315327994200576,-0.004155205644066573,0.0
2018-07-02,0.0,-0.011971268662941625,-0.008371949159475589,-0.011865563974205018,-0.0072215366995705965,-0.018063251622634002,0.0012108647105224524,-0.0034117190051045077,-0.0006287215680356173,0.0038673016471990618,0.0
2018-07-03,0.0,0.004765721513302124,0.0010778044775379136,0.003897917397391204,0.008996887268470255,0.0,-0.0012094002903898504,0.0028828801335514243,0.0012581542255991618,0.008819940223262712,0.0
2018-07-04,0.0,0.0036176296362264715,-0.0034092702004239195,-0.0017535590481938534,0.00018975785247965504,0.0,0.0,0.0030542936419084565,-0.008795773171629606,0.0033162487852655964,0.0
2018-07-05,0.006192522534859801,-0.0040851852114413,-0.0039611310240655895,-0.0011292126425149762,-0.0005690931961199741,0.0,0.0,-0.003940555498616383,0.0027466141641405706,-0.001502438202449996,0.0
2018-07-06,0.01146024276025237,-0.001689045937263045,0.0,0.0006908478591174383,0.009679296821464511,0.0,0.0,0.0053946994024074435,0.009481685032031173,0.007122088490340017,0.0
2018-07-09,-0.0022031667701680746,0.013454706187486787,0.0,0.01349407591242957,0.008834537580181268,0.0,0.0,-0.0005365548091351702,0.008349019560694337,-0.00667334555315624,0.0
2018-07-10,0.0,0.010493677440313043,0.0,0.001981643955383472,0.0033538347552979353,0.01532961233032859,0.016346327168808683,0.0032211936602573044,0.0099358213328824,-0.009224908409776411,0.0
2018-07-11,0.0,-0.017229190707972464,0.01572666190679972,-0.008343648104793377,-0.005942427184617349,-0.008387854300963893,0.0,-0.0008919559495700335,-0.006148785231218867,0.004857842101600562,0.02589420297667444
2018-07-12,0.0,-0.0028017809738337673,0.0,0.0010595324576767595,0.0123295322709287,0.0,0.0,0.00517766334972114,0.0167044242226424,0.0038271837235483996,0.005107056075243532
2018-07-13,0.0,0.009873993416929405,0.015483231319540991,0.001120635583368168,0.006458798628679929,0.0,0.0,0.003730001550948936,0.005476682798013277,-0.0007023145858395807,0.0
2018-07-16,-0.0041003915928684576,-0.019872813508370335,-0.0033298709574722807,0.0034825718983255705,-0.00770080631815695,0.010827260751818724,-0.017721554942148998,-0.005308781560275366,-0.005446852116722245,-0.004016060411629163,-0.003908536354103376
2018-07-17,-0.006756640798318947,0.0012976158049864406,0.0,0.007188964517475416,0.002956390439206924,0.0,0.007125549230242001,0.004447607259774111,0.0014198721279410353,0.0058467349248798595,0.0
2018-07-18,-0.00807858557429153,-0.001943932168712581,0.009847043851042514,0.009106497812569891,0.007737693314075145,0.0,0.00978475873690865,-0.001239810413731779,0.009317458155196245,-0.002605734987299102,0.0
2018-07-19,0.0038580601784312663,0.009251739801613423,0.0015671278445001935,-0.0029268498054795256,-0.0016453409750016856,0.0,0.0,0.002305392259661865,0.003210913938044291,0.005576771743334374,0.0
2018-07-20,0.0007473158315627337,-0.009810238136984784,-0.009909591277607266,-0.00684928550824393,-0.004028588504747632,0.0,0.0,0.0031847187494327134,-0.005201082766565834,-0.007943966736372432,0.0
2018-07-23,0.0,-0.0003248409592789825,-0.006496908286707903,0.008497567132154549,-0.000551549542811447,0.0,-0.021466940997303285,-0.004585575533191388,-0.005027146637869406,-0.003726899118687066,0.0
2018-07-24,0.00010646822483839635,0.009910651793871406,0.0,0.009769193117473929,0.009197939558241774,0.0,0.019957306075178538,-0.00106303260194196,0.013540864790644536,-0.007380442396517806,-0.008632557920230433
2018-07-25,0.004692771968283216,0.0027349096534732276,0.0,-0.0025395946682351678,0.0020051150041513477,0.0,0.0,0.005143616447962129,0.0011963620492172478,0.01181505167743424,0.0
2018-07-26,0.0020170213070431764,0.007219588240377384,0.0,0.008001937873576948,0.011278859707415378,0.02912136700362833,0.0,0.0093524371116811,-0.000796672301468182,0.007398800025421037,0.0
2018-07-27,0.0,0.0033450605806506495,0.008306776083345735,0.0020447676327943753,-0.0043173534414107095,0.0,0.0,0.0038461084453060845,-0.0101654044278775,0.002498183658953268,0.0
2018-07-30,0.0,-0.002857601212563732,0.0,-0.0022806448994795447,-0.006142731020071457,0.0,0.007020182854772461,-0.006792048103187898,-0.029802648948527022,-0.009519062031272507,0.021571384636784208
2018-07-31,0.006462603857463112,0.005413153083172473,-0.01139347449385053,-0.0030077684526566006,0.0074531877826220505,0.0,0.0035598561210672397,0.0007014013042880851,0.0035283970084791783,0.002918318185744395,0.0
2018-08-01,-0.010105350098061128,-0.012193197769728048,0.0,0.0,0.0046914858322055775,-0.0006505271497065923,-0.000739034127274496,-0.001752207370874781,0.010754921906398707,-0.0071241368988722575,0.0
2018-08-02,0.0036233029733092614,-0.0011221496252906693,0.0,-0.0039821399246382505,0.0005387711769477832,0.0,-0.011093033474772196,0.004388274436426531,0.008185011962787758,0.005052979762251164,-0.006586670970086472
2018-08-03,0.0,-0.0008024883751526213,0.0,0.004967333129519247,0.007718548056764085,0.0,0.008226189750776935,0.015029720237761834,0.007915554820884685,0.010558119570912794,0.0
2018-08-06,0.004282885304245365,0.008030838636034376,0.0,0.0048221773942283,0.0033844396770921215,-0.00016276869172149322,0.0,0.00017214740389115413,0.006443811836638558,0.003980095631232361,0.0
2018-08-07,0.001279250181409175,0.00653282119785259,0.0,0.004679011075780171,0.001775225827632898,0.006022180254756426,0.0,-0.004647967930012875,0.004801954395057262,-0.0029732143228459185,0.0
2018-08-08,0.0004255934234485004,-0.012505890829967559,0.0,-0.0004776343773755798,-0.0033669790126078514,0.0,0.0,-0.00501558140882008,0.003385068992695084,-0.0039761391833571524,0.027301160151922188
2018-08-09,0.0,0.0008015267105550006,0.0,0.0016726331130538785,0.004267387208514606,0.0,0.0,0.0005215121611463758,0.005556633909275188,0.0019959584007662734,0.0
2018-08-10,0.0,0.0033637527382046617,0.0,-0.002743292458271873,0.004426345644940266,0.0,0.0,0.0038220535225341745,0.0037498016236894305,0.008715101480351484,0.0
2018-08-13,0.0,0.0011174919461411914,0.0,-0.0050233006324522655,-0.0014101536577285634,0.0,0.0,-0.0032883113659231133,0.0007864906615671075,-0.003949638460662763,0.0011389601021813966
2018-08-14,-0.011919689243309883,-0.0014351802567666994,0.030496407082837518,0.003005122947061123,0.006178260630076204,0.0,0.0,0.009550255870867996,0.004322149300801215,0.009665507288577402,0.008532346989886364
2018-08-15,-0.003877751614065783,-0.023954008712641972,0.0,-0.00491364012600759,0.0,0.0,0.0,0.0,0.0,0.0,0.0
2018-08-16,0.012543406327133466,-0.0006544028391534118,-0.007914643718623715,0.0061423146638071024,0.0007017704478480269,0.0,-0.02388370453770694,0.007567981527784262,-0.004499208666705834,0.0046636872577598965,0.004888141384778555
2018-08-17,0.002883414458826561,-0.002783267494208652,0.0,-0.0014364476648107694,0.0014024897453261964,0.0,-0.003039583105784893,0.0020484624126650974,-0.00844960326848121,0.00610798920439759,0.0005613207702870326
2018-08-20,0.0,0.00886555437333958,-0.0006937376974193166,0.002637294747668939,0.0045518582124015605,0.0,0.0,0.0022146689339961334,-0.0007927252527368811,-0.003399693749658428,-0.00037394446951377613
2018-08-21,0.0030879958704166377,0.0009763638380608786,0.000520697579838636,-0.0010761331723352363,-0.005576850625087171,0.0,0.0,-0.011558733367518448,-0.0009916548765632749,-0.010477590048325047,0.0
2018-08-22,-0.002123412191772256,0.002113494905912283,-0.0010407870199983238,-0.005146531410415323,-0.0024536137570307925,0.0,0.0,-0.007910625745473188,-0.002779420143283251,-0.009603530750724176,0.0
2018-08-23,-0.0018083027905924087,-0.0030823917681753743,-0.0043410314175656994,-0.005534225112107216,-0.001405446572924629,0.0,0.0,-0.0006933108299912449,0.0029862935943842928,0.0,0.0
2018-08-24,0.0,0.008462171705574395,0.0,-0.0014517401672379249,-0.0005277758482818973,0.0,0.0,-0.005897660773439228,0.00575619481305667,-0.003978116423570599,0.0
2018-08-27,0.0,-0.0014523180702765703,0.0,0.007875034691146476,0.002464344063794588,0.0,0.013414708891489546,-0.0012214219708053253,0.008091645488960353,-0.004892734735045701,-0.020950240269369313
2018-08-28,0.008632414389343479,-0.00387850152430691,0.005406372034636675,-0.0051689169359897535,-0.00263391613466879,0.0,0.0,-0.0034940733241574096,-0.001566206503266998,-0.0033112576444186415,0.0
2018-08-29,0.008453229673936136,0.0034068638311492982,0.00693838162349536,0.0044707228553995115,0.006690159739778601,0.0,0.0,0.0012272036062530578,0.009215710209865113,0.005637844732444552,-0.0066871079235318875
2018-08-30,-0.008277436467504451,-0.0014551358901899736,0.0,-0.004089912688262642,0.002973035467611407,0.0,0.0,0.0003502093775156201,0.003302859236710809,0.0041044560237673,-0.006539703917044504
2018-08-31,-0.000950743920327346,-0.007124330289296266,0.002584005647723542,-0.004106823960527861,-0.00017433865386617953,-0.0012943185451741446,0.0,-0.0003500867738445157,0.002711064897427118,-0.002243274052441846,-0.003485019558170932
2018-09-03,-0.0012689686592852745,0.0037508079481569645,-0.00017185800857988376,0.0018193260801648847,0.002964739597016486,0.0,0.0,-0.00017513808656233198,0.0009656827527351197,-0.0014488798150190663,0.0
2018-09-04,-0.0055061971593119985,-0.004224180743395589,0.0,0.0016949078180279464,-0.0013910279723912122,-0.0025919301571132314,-0.020306949990170575,-0.000350203915950531,-0.0013506368328842777,0.005954141941246771,0.0
2018-09-05,-0.002448911556569011,-0.013868531181617572,0.0,-0.0038676022525800935,-0.013407634575517746,0.0,0.0,-0.006832571685965183,-0.02279745998344851,-0.004476506074960085,0.0
2018-09-06,0.0,-0.00545992759522651,-0.01907538789912966,-0.004974449696223182,-0.0038828312971337375,0.0,0.0,0.0005292396316975978,-0.007315198362742303,0.0049962720219440815,-0.011268624975576791
2018-09-07,0.0,-0.005489965524935636,0.0,-0.00012198565197552025,0.007795932886469403,0.0,0.0,0.0045838913247113755,0.008564037303652405,0.0012428346415478408,0.0
2018-09-10,0.0,0.0030110456482330683,0.0035038006626932905,0.0020731949706938035,0.0,0.0035731885949905617,-0.010901260777120614,0.0036854876475911347,-0.004739294365366686,0.0027308990487879825,0.0
2018-09-11,0.0,0.00683788948753139,0.0,-0.0026774142369172527,-0.0005274717551114749,0.0,0.0,-0.004546220104502341,0.004365027764788865,0.003466189446992507,0.0
2018-09-12,0.0,0.011263878038875186,0.004888313546810741,-0.003416702742206512,0.0014072442075985236,0.0,0.0,0.008080082241468611,-0.005531386511359759,-0.008388851784559281,0.0
2018-09-13,0.0,-0.01048320061665009,0.0,-0.004408014274170591,0.001932208146177672,-0.0003236843739655715,0.0,-0.005053161153712349,0.006754075318976982,-0.0004976476349113357,0.0
2018-09-14,0.0,0.008938932575588643,0.0,0.007379218155914469,0.006311371047919456,0.0,0.0,-0.000350203915950531,0.005327554383145916,-0.002987277504471808,0.029868332420230903
2018-09-17,0.0,0.0013125187096973967,-0.004343293850510688,-0.0019533383025458484,-0.005226533863811111,0.0,0.011952876348142016,0.0008759501656734336,-0.010794881821878377,0.0019975488783694484,0.0015264065512929914
2018-09-18,0.0,0.00606263729285117,0.0,0.0039143226013576005,0.003677809190574699,0.0,0.0,-0.0008751835484990256,0.004761862232212533,0.002242714931283585,0.004572240555940077
2018-09-19,0.0007472188946184843,0.004723079700704069,0.0,0.014134297380689942,0.001570409185678967,0.0,0.0,-0.0008760169963871745,-0.005331762658331796,-0.010343121670439048,-0.005689310509534806
2018-09-20,-0.0017066387126506433,-0.005025086164607839,0.0,0.004565674278568244,-0.000696880042926673,0.0,0.0,0.0008767850750150963,0.004963271894011134,-0.005527113254453098,0.0
2018-09-21,0.0,0.00391003355479258,0.0,0.0023919990364023036,0.0020920315656884902,0.020883938901852694,0.0,0.0042045875275176225,0.0007902196043341192,0.0036378589433181396,0.0
2018-09-24,0.0,0.012495950521109744,0.002268317052921187,-0.007636222329816977,-0.003827439499916263,0.0,0.0,-0.012212155733885344,-0.004342700777058228,-0.007349975135525599,0.0
2018-09-25,-0.005982870692233577,0.011700585821089904,0.0,-0.0003607381578756286,0.006112509589207171,0.0,0.0,0.00017665376932463062,0.00436164208352352,-0.007404397271363661,0.0
2018-09-26,-0.0005375770467357377,-0.0022179878329768865,0.0,-0.0016838992959397059,0.004860246074126273,0.0,0.0,0.005120909330043277,0.0061192533404015315,0.0010217938841470264,0.0
2018-09-27,-0.0038712863736098946,0.00317562344225375,0.0,0.0004818927700114273,0.007427885812910651,-0.0030130421387324358,0.0,0.00614902143495355,0.007455311836712664,0.007043716565175773,0.0
2018-09-28,-0.002159084808118439,0.006172829815837888,0.021935970862725362,-0.007827502548127252,0.003772311760191105,0.0,0.0,-0.0005238131492421028,0.004089637885301256,0.006183463934675615,0.0
2018-10-01,0.0027046691465657524,0.00959573089948007,0.0066439418156645225,0.002548841804894897,0.011274339547149737,0.010020694748186676,0.03221350506941012,0.004367574994220247,0.010667168782223069,0.0023172192216398546,0.0
2018-10-02,-0.011005191327678077,-0.00031157125227987414,-0.007446245144233865,-0.007869313832502889,-0.0038851273525711827,0.0,0.0,-0.00069578908261414,-0.0005756818066686709,0.008141458585814831,0.00553114729766202
2018-10-03,0.00043565883044394127,0.0,-0.0018755431797051747,0.0,0.00746139761914244,0.0,0.0,0.006440364264075793,0.004608253750606028,0.005982095833907408,0.0
2018-10-04,-0.020719173338208274,0.01044261425659787,-0.01725319645429957,0.012568718084784436,-0.014307330016903208,0.0,-0.0059444422713123,-0.019543429160833847,-0.015672777133164617,-0.011496548436257692,0.0
2018-10-05,0.0012248159307994833,-0.008329490980650833,-0.00886491104388365,-0.0038564160511495027,-0.0013661514545519893,0.0,0.0,0.0007056079819429684,-0.014951465199294578,0.008873072297099771,0.006638908448076908
2018-10-08,0.00500487777842995,-0.0037330511798385757,-0.005261298397967629,-0.0038712301972108065,-0.002393970429964254,0.0,0.0,0.005464505125902797,-0.010250354079556656,0.0,0.0
2018-10-09,0.008632173073772842,0.008899292235218237,0.007757380416775872,0.002671770534429463,0.0010284774277353748,-0.015905485378475692,0.0,0.0036816108187593954,0.009559839693061623,0.0,0.0
2018-10-10,-0.006363698590919897,-0.020272381888134516,-0.029916009255379183,-0.010295547798480409,-0.007363018731861404,-0.030084829854678308,-0.0547166972762525,-0.006288220268149569,-0.038863631078653316,0.011677048961568293,-0.0032033536557424247
2018-10-11,-0.018109633067470376,-0.036803060819986966,-0.02578900424707542,-0.03438987599548737,-0.03450060303406943,-0.022768537439670333,-0.01708046851456968,-0.024608854389201906,-0.024425336855298907,-0.020825136231154118,-0.025708914439188102
2018-10-12,-0.012595517107862775,-0.0026238086030369034,0.009440916645899522,-0.009125478823987843,0.001250664522021161,-0.00455850852355888,0.002896223664625719,-0.008830449876467417,0.013885963904118448,-0.012640489481359207,0.0
2018-10-15,0.005922388126399891,0.0009865401774429294,0.0007335579758445121,0.00012790068319823433,-0.00035689609987377136,0.0,0.0025669796680865,0.006181820956143502,0.0004150333748420554,0.0062995605171856095,-0.001358162543005803
2018-10-16,0.00815218990841915,0.0021353030738702206,0.009712273818230255,0.0049878546480282004,0.014280600330657034,0.0,0.0,0.005240349019294044,0.011201014847172397,0.0,0.0
2018-10-17,0.0043800165312326556,-0.006228442286054792,0.005989144105143396,0.007253774708090521,0.007215766448683381,0.011533248231593962,0.0,0.0016178348168229828,0.00574356470352555,0.01070274066770871,0.0
2018-10-18,0.003963531474076909,-0.000989631737324359,-0.005051394150375477,-0.003916631393368175,0.0022715545894647082,0.0,0.000800115790007716,0.009152877070356391,-0.010401760845006436,0.007492488266757524,0.0
2018-10-19,0.000897494640706098,0.0016509571508160903,-0.004895747058809685,0.0016489106714150381,-0.00017437475808990133,0.0,0.0,0.012982385704769506,0.002267118905889376,0.010907253967393782,0.023508897177618726
2018-10-22,-0.0023532242031385486,-0.01318607649917547,-0.0030977037232848836,-0.008104299631747858,-0.012728850246887746,0.0,-0.01311160349888374,0.0015800588840322316,0.0026731904290087094,-0.002452145098441272,0.0
2018-10-23,-0.013703301803496215,-0.0322365181160531,-0.015353686102076547,-0.01966044665998501,-0.017484950237468655,-0.04191817614998028,-0.020738862097831268,-0.00911481971459649,-0.023995041206320566,-0.009587005573321372,-0.007023572210821727
2018-10-24,0.009907964431742133,-0.003796986731450236,0.003341383121306274,-0.004297433623757563,0.0082689030314671,0.0,-0.013070766359696284,0.018043525204129773,0.001050624856067106,0.01811862808757092,0.0
2018-10-25,0.00687830734324657,-0.0020790496196141373,0.006290474697264514,0.0062777739250521325,-0.01390620034186052,0.00017504613820973347,0.005867535040535499,0.0010425955531963016,0.004827866187720797,-0.0014627345836525363,-0.011661225563576627
2018-10-26,-0.011311495511314718,-0.010069410272953494,-0.02463688486164828,-0.012217294711960092,-0.0119327396677813,0.0,-0.009666697184244843,-0.013712912813012457,-0.015249625204192263,-0.015380792663562182,0.0
2018-10-29,0.01042148023881051,0.00035076214666962535,0.0030160197872413086,0.01460527137210832,0.010612955172247807,0.0,0.0,0.008271756832584742,-0.008697493693691993,0.010661950680781018,-0.01025144536073419
2018-10-30,0.00650219795760032,-0.004908881302593371,0.002819047706442701,-0.003890511361011706,0.003440134497261438,0.0,0.0,0.003665545140805637,-0.0034239214418886332,-0.004661399277060552,0.0
2018-10-31,-0.007796866367766664,0.03276956774760742,0.023425786838493945,0.02720995019625061,0.012630833382663242,0.0,0.038370963720186335,0.0059130461319634176,0.03650420386685971,0.0,0.012116434741663129
2018-11-01,0.0007861087616298779,-0.0180825243587166,0.0032961051668924934,-0.0011406621896350444,0.0028510308349489755,0.012073466461703264,0.0,0.0017288809449738096,-0.0012430365179614267,0.0,-0.017570975449192727
2018-11-02,-0.007515542106987239,0.0015635884371201225,0.00949079118588414,0.00164953830413328,-0.0008884015306507287,0.00639693863949975,0.021069679432506705,-0.003969615942142957,-0.006430150684105573,-0.011091958745981012,0.0
2018-11-05,0.011302093367608013,0.01474411884862703,-0.00741276147590364,0.005700541675893511,0.004090335125533251,-0.004981977668587545,0.0,0.009010578166922523,-0.015240153103944998,0.0,0.0
2018-11-06,0.004582025562065883,-0.003247839772803185,0.0041894268824000935,0.0011336219142077386,0.002479620827463558,0.0,0.0,0.0015455976866805,0.010387994434763348,0.013708854728394337,0.0
2018-11-07,0.012348232911651325,0.009089328876943581,0.010157764334193464,0.002767971325456031,0.017314547409072345,0.0,0.0,0.0017146514856716255,0.01720519717686786,0.010081231388459733,0.011399388714984804
2018-11-08,0.0004397272363818594,0.00458872292765955,0.011851317358366309,0.015934797392963107,0.010246549481219835,0.0,0.0,0.007360498436378871,0.005363080418430144,0.0009736392173147479,0.0
2018-11-09,0.002636133821614095,-0.012349848328515933,-0.006566085925533538,-0.00321106860518805,0.0027506217491131135,0.0,0.0,0.009345846491392473,-0.009848242519565953,0.013618710793710243,0.0
2018-11-12,-0.0013146014454746835,-0.0005139190381160397,-0.012504479611710417,-0.007805690071566285,-0.0024001920101289764,0.009323220521385789,0.0,0.0011784460105395134,-0.02631572082959943,0.0074376528555955,0.014574482595536065
2018-11-13,0.0017550735784546134,-0.016623777744159907,0.005246036937973875,0.00724270831584195,-0.002577723229448492,0.005131701022216273,0.0,-0.006894229678767516,0.011491744659322567,0.0,0.00766135996217443
2018-11-14,-0.0004379730063135412,-0.018647606742879463,-0.008097908321229808,-0.013265543555344261,-0.01636803494062833,0.0,0.0,-0.006264861801194566,-0.01914579993232579,0.0,-0.003991709686392286
2018-11-15,-0.009421612713654715,0.006748308367085398,-0.015420872470833902,-0.008166862208441983,-0.008407769153151223,0.0,-0.01269840058826266,-0.005963511370092545,0.0034320002376206915,-0.014050967587611485,-0.005534314258996864
2018-11-16,0.006304152322643697,0.0035279726192340988,-0.002579682853649401,0.00025333861514753586,0.009715584369027086,0.0,0.0,-0.0013713032369805367,0.0,0.0,0.0038380312911689973
2018-11-19,0.0051652203571495026,-0.0033397544163721316,-0.011269177873910574,-0.00468587929111175,-0.009272197003353688,0.0,0.0,-0.006694119479648042,-0.028430911737133968,0.0,0.0
2018-11-20,-0.010277994926182532,-0.01763668406603669,-0.019805705609579283,-0.016032625150183333,-0.0052975318983254915,0.0,0.0,-0.004147189704496457,-0.021122091713042468,0.003381627644649443,0.0
2018-11-21,0.00905855194882621,0.013644493916037392,0.012962263001202512,0.012672966779377681,-0.0015977303330793058,0.0,0.0,-0.0010411482245176185,0.015059522222261368,0.0,0.0
2018-11-22,-0.006130708828015918,-0.008147344880123475,-0.011290901035237333,-0.012769749269871622,-0.007290181991034483,0.0,-0.024276561377956973,-0.0050373617694046136,-0.01727189508264737,0.0,-0.009176038873304204
2018-11-23,0.003084799638781499,-0.023035730634416884,0.011990811618577402,0.009313158349535167,0.015403846810836619,0.0,-0.0008238464028987869,0.011696962254209131,0.011491624814304213,-0.004814654755211922,0.005788101960901848
2018-11-26,0.0019762915613581455,0.015353686102076658,0.011284602397612975,0.013328218878461584,0.001764019954857421,0.0,0.0074208569833242866,-0.0018981986005754958,0.011806611416864676,0.0024189277637154394,0.015921769798598717
2018-11-27,0.00043867740417424805,0.0014401769964618172,0.007439049800563868,0.0035411505880920124,0.00352176016402872,0.0,-0.014241265832570349,0.00466805769452594,0.010788236420533837,0.0,0.012084616626436562
2018-11-28,0.004382396100439001,-0.0012583083494552838,0.0044305277197587145,0.0027725061281236307,0.012984696297160037,0.0,0.0,0.004990550894533596,0.0043563660118532965,0.01085909212963676,0.0
2018-11-29,0.0030537715385348108,0.008639300402664807,0.00680020093590139,-0.00087972473005693,0.009180647557585964,0.0,0.0,-0.0008562166173172736,0.011277389956202644,0.0,-0.006156714841155875
2018-11-30,-0.0034796111733121915,0.0024982046281452064,0.004198604369506809,-0.0005031081986123231,0.008067305771435551,0.0,0.0,0.0010283011972593847,0.006433609911831617,-0.003342071895160559,0.0
2018-12-03,0.007311014407102245,0.018511942148058846,0.021814230131865342,0.008935325735704103,0.007491888815571279,0.011402348583748223,0.032547310606809265,0.0008560047456114273,0.022160684184198587,0.007185610468516179,0.020461746999896002
2018-12-04,0.0021668015069895574,-0.0008738736576558992,-0.010496355847671057,-0.014594000262180162,0.0010140506193645482,0.0,0.0,0.006500189429803793,-0.006879337557995857,0.0,0.0
2018-12-05,-0.00767470326702413,-0.016267212178846746,-0.016540780054167037,-0.017974708436716003,-0.017558685185971146,0.0,0.0,-0.012746430966265265,-0.02141058922820438,0.0,-0.02796172811544584
2018-12-06,-0.01252763206383678,-0.04107399189810956,-0.03126140878650996,-0.03402938160218638,-0.03608864965941416,0.0,-0.0601479842410918,-0.02513339784192814,-0.03324751764420264,-0.012604014005064834,-0.024981069546484047
2018-12-07,0.025372162261746878,0.02410530743007966,0.009246987134341689,0.0053375983556180895,0.006239944253324081,0.0,0.0,0.012890685651908651,0.004881322879804362,0.0,0.0
2018-12-10,-0.020118121945325362,-0.03802278637563905,-0.025430078945260504,-0.025749903021802023,-0.01842659684860304,0.0,-0.0107802407293357,-0.01464435396878816,-0.016559946673413872,0.004576074773945615,-0.00329963542133771
2018-12-11,0.010540333813599645,0.016751352752796267,0.026093642329673372,0.01294275043824844,0.02436820283281893,0.0,0.023352334233723182,0.021585300969960253,0.030534364220846877,0.0,0.0
2018-12-12,0.0008693053304269505,0.013513504925033892,0.008975309393135733,0.0036314661219543076,0.01585905772473839,0.0,0.0,0.0015587140625501483,0.013289690095334095,0.0,0.0
2018-12-13,-0.006079217623767397,-0.004931515210295334,-0.007598218205494556,-0.0028142466829079726,-0.007632305806769768,0.0,0.0,0.001037481526786621,-0.011610344448885312,0.031407369984304045,0.0
2018-12-14,-0.0017472998451217858,-0.005873709572558505,-0.003921551586639871,-0.0037629186919909685,-0.01922738143199243,0.0,-0.0035496802740753175,-0.008809782810680011,-0.008048786964473642,-0.00023249967745320177,0.0
2018-12-17,-0.007002392142059555,-0.014955712252087805,-0.019122618201083408,-0.008093881278162907,-0.010871513165498392,0.0,-0.0018659984550961628,-0.013070756117792404,-0.01425433624850947,-0.010695166296771363,0.016552981016774604
2018-12-18,-0.008373690115081045,-0.02774132304716448,-0.011085589062317935,-0.00815992675656907,-0.018018018018018056,0.0,-0.007138035053592784,-0.01518630750716643,-0.014460545380342249,0.0,0.0
2018-12-19,0.0017778027911699024,-0.0005783454774361818,0.0038654221444569536,-0.0027424183678740333,-0.006788971227243423,0.0,0.006162283834903137,-0.005020598475858451,0.0,-0.02373674123720093,0.0
2018-12-20,-0.013309534513097021,-0.030478430293288006,-0.03600306086498739,-0.021861669883389,-0.020690979576605928,0.0,0.0,-0.01513786496989522,-0.03814895385585382,0.0,0.0
2018-12-21,-0.005845788263289076,-0.0041782549042124195,-0.007389633196323242,-0.001967941983783361,-0.0015091118447541074,0.0,-0.024328008419072122,-0.00018302170084538716,-0.007040582791910777,0.0,-0.05545972630459495
2018-12-24,-0.01956111131854177,0.0,0.0,0.0,0.0,0.0,0.0,0.0,0.0,0.0,0.0
2018-12-27,-0.014185205834500447,-0.016383610535942505,-0.0068410492428286895,-0.012816912863515273,-0.014169657957222026,0.0,-0.00784650322955538,-0.02543922776675167,-0.012290249134615516,-0.03793933988658027,-0.008011405793883375
2018-12-28,0.013453530558946936,0.020922177308029477,0.016612635427161182,0.02025969495211144,0.021272529778836757,0.0,0.014411242053328888,0.01427226894898026,0.02010050572350619,0.0,0.0
2018-12-31,0.006464139592762264,0.0,0.0,0.0,0.0,0.0,0.0,0.0,0.0,0.0,0.0
2019-01-02,-0.017318480941157954,0.020493486438356134,0.015544017029757162,0.009788864695473132,0.006567807620718513,0.0,0.0,0.0029624116345938756,0.015716588134135234,0.013161869865982556,0.0
2019-01-03,0.007936563878254699,-0.004289358876508054,-0.013540004692017882,-0.008724581149645694,-0.013236373835784798,-0.1174490914755798,0.0,-0.0012922225805861443,-0.03879908394404463,0.0,0.0
2019-01-04,0.013432278253713514,0.021147480663959106,0.025462477971774033,0.022492284870698986,0.020404269981683987,0.027645390692996985,0.0,0.01183000411084767,0.02474778040431569,0.009878925527295523,0.05009208192903114
2019-01-07,0.006169687439899096,0.015148553743340676,0.015324945241888432,0.0030059179539065894,0.0033327219176013667,0.0,0.02616074652804401,-0.005115136744767157,0.00633051895443848,-0.003668322656410039,0.0
2019-01-08,0.01203761367118239,0.005855711774322092,0.01031717451190417,-0.001362243396364038,0.0018454012059905267,0.0,0.0,0.006977617967378613,0.006523825860662136,0.0,0.0
2019-01-09,0.004039499171180294,0.0069483367490097425,0.0,0.004910687832573757,0.009025563741138054,0.0,0.00996117098003979,0.0,0.014351826873499673,0.0,0.0
2019-01-10,0.00670544839862619,0.003916503232995083,0.00340393913653525,0.006786984281073272,-0.0016429381999530923,0.02708718076328198,0.0018388600954988288,-0.004741034296312563,-0.0018256051326916989,0.0,0.01460276615678091
2019-01-11,0.008436684156043484,-0.0037154143811318763,0.0,0.001752731800596763,0.0029255778283010514,0.0,0.00083429395638146,0.0058629476747680265,0.005029661581246847,0.0,0.0
2019-01-14,-0.0012107364475205662,-0.0011188023885140286,0.0,0.0033647504636646897,-0.005287094054649888,0.0,0.0,-0.0036430010451853345,-0.0065969272421977365,-0.0007364406666188206,0.0
2019-01-15,0.004739309016818849,0.011946973927466242,0.009800234532700625,0.008987245197536575,0.018878276271471872,0.0,0.000833598490199039,0.010968893340996155,0.019235177188196673,0.01645792185483308,0.016311655863939567
2019-01-16,0.0036199928578923846,-0.0025825381297329697,0.006905541605829457,0.021935650817757946,0.0025184275816541035,0.0,0.0,-0.005244139593640229,0.005841432173334438,0.0,0.0
2019-01-17,0.004262780996671767,0.0,0.0,-0.001300865397123152,0.002332694584300299,0.018605469074078673,0.010661326048021946,0.005635364165602397,-0.0006700643062350631,0.0070081462867224165,0.0
2019-01-18,0.003918050128396633,0.023857978968156557,0.0,0.021102016194450623,0.011815249556044627,0.0,0.0,0.014461302268145015,0.024586464748626025,0.006719524989151848,0.0
2019-01-21,0.00010824276581922199,-0.00018067442413649548,0.012418872279341242,-0.002296227244317439,0.0005307639606140224,0.0,0.01697713243909993,-0.0033855778746466614,-0.006762682640905626,0.0,0.007552862882215905
2019-01-22,-0.0020594521080240513,-0.013008083574609253,0.0,-0.004730875696401071,-0.003713511711862738,0.014718954425224862,-0.008427884138309638,-0.0035759120659426546,-0.004173042648869529,-0.002622183750917606,-0.0014992310822049548
2019-01-23,0.0011950088541119452,-0.015376169433724551,0.0,-0.007194213313937992,-0.004969804375905995,0.0,-0.010460924917555015,0.0016149318738050145,-0.00838114395316214,0.0,-0.011824362118438514
2019-01-24,0.003471577116273439,0.010039057563419052,-0.007323283028263461,0.007246345066089788,0.0008918879028849691,0.0,0.0,-0.002508050706088061,0.015347029703222326,0.0,0.0
2019-01-25,0.012866400094617036,0.006073955553758115,0.0,0.005909558618718336,-0.0033862491416761786,0.008738203238959352,0.022134128383275442,-0.0017959495972165174,0.009857545086544794,0.008365164264930058,0.0
2019-01-28,0.00298878467492969,-0.019575552466359558,0.0,-0.01085568824715144,-0.013948476481353667,0.0,0.0,-0.006477160822085715,-0.013665884474413303,-0.011851149947264217,0.0
2019-01-29,0.011068801251001625,0.012688940161216689,0.0,0.002453202541834454,0.004896635124271631,0.0,0.0,0.008873557641027707,-0.00615796319500983,0.007196043694892573,0.0
2019-01-30,0.007683946386274121,0.007554815624724265,0.0,0.0027047795739763014,0.0066774757788063965,0.003984745969718206,0.01422102841351447,0.007359537859450205,0.013498575545231928,0.0,0.0
2019-01-31,0.004372724108215653,0.013167542368045071,0.0,-0.007964007583334154,0.013445679749250372,0.0,-0.0022307105384418158,0.008553092504847148,0.011353721974364017,0.0,0.0
2019-02-01,-0.009532440152511756,0.008303232343013223,0.0,0.004272949910488766,0.003361090491936114,0.009836060178082917,0.0027148193315604807,0.0014134599507324985,0.004317805791389073,0.005477483520899051,0.023171931724887074
2019-02-04,0.004970632497540262,0.0014321162814774357,0.011619277743162737,0.002836492502448884,-0.0031734890920643855,0.0018797096632108268,-0.00031852934339937633,0.0058221244633143154,0.013542585165862597,0.005684458949088089,0.0
2019-02-05,0.006524841838130957,0.012870955280277041,0.012762092660216329,0.0077140580767804945,0.012203725071385563,0.013644878432308438,0.0113111212250252,0.011576913994800542,0.014209928892103596,0.009656143576367793,0.012066095453467929
2019-02-06,-0.0019865861448408184,0.0003529907839310287,-0.0036003738197357693,0.0012758649031112679,-0.0013978336012109294,0.004543167699431416,0.0012602682991744718,-0.0006935512762269447,0.006691754430497188,0.0,-0.0009171156110551193
2019-02-07,0.0014670180322950976,-0.02117150240787624,-0.014453464482651945,-0.01274208766573326,-0.009973747674636657,-0.011055273684717037,-0.017463822944755347,-0.0032969362811858804,-0.012463616155552137,0.0,0.0
2019-02-08,-0.0012555442242941917,-0.009012256743429758,0.0,-0.0038719939658068414,0.0015906033046684254,-0.006775093490449247,-0.009287459150823407,0.0008705266879056595,-0.0014724378097635826,0.007464420405810079,0.0
2019-02-11,0.004818294628611941,0.01345947043703255,0.0,0.010494927689479239,0.006705506977119802,0.015347911583331042,0.010990792256589943,0.009566867646597199,0.014535466799357355,0.0,0.0
2019-02-12,-0.005837298240856326,0.006460886619970241,0.018148518649184542,0.011027111791322985,0.006836098069482377,0.010077233202806735,0.010871307969143595,0.004479640203858937,0.0072674101999588014,0.009261438726500426,0.0020194889569784547
2019-02-13,-0.0007341747070120919,0.015870174047597718,0.0070219550453662904,0.006087489849446515,0.0047005651848697205,0.005819792024783554,0.009172890008756873,0.006518028697908962,0.0072150546470539645,0.0,0.0
2019-02-14,-0.0007347141155326087,-0.0005266384650038924,-0.005363833996489098,-0.013109805924934492,0.0036388682690025043,-0.00033064072092414687,-0.0026641902520587735,-0.0059645274761565,0.00020463203864728996,-0.002752900469481623,0.0020153314760740226
2019-02-15,0.0073507151922329594,0.014576779962642172,0.008628429498834578,0.020436817919283312,0.013466896040275511,0.013064281211881523,0.011942208414824185,0.0096005064463347,0.00736649515489729,0.0025304947610438333,0.004571237153994323
2019-02-18,0.0007295866700471887,0.0,-0.0012475440039704244,-0.0013768531456719302,0.0006814465929716462,0.00016327353092582264,0.0,0.0003396240103745729,0.0022344223313914835,0.0,0.0
2019-02-19,0.0033335845115201046,-0.0013848334848669541,0.0,-0.0016294824739038205,-0.0037453390265015374,-0.0031010057987507222,0.0031055426009860554,0.0011882480904010784,-0.005472242742778133,0.0,0.0
2019-02-20,-0.0057100440246703466,0.006760326115957671,0.004817995241839235,0.0036409045693510667,-0.0023923340490996647,0.005730164761441614,0.0,-0.001865049359194848,0.0028530546264340373,0.0,0.0016381187827929633
2019-02-21,-0.0005221769700264334,-0.005853996933004479,-0.001065554463287155,-0.0016262211048699848,-0.005138732983415384,0.00016275958788103395,0.0,0.004076807929697557,-0.0014224689316506556,0.0,0.0
2019-02-22,0.00929770665662244,-0.0019051023060947525,0.006933322482638893,0.002130083758678847,0.0049930628734073945,0.005208328482694924,0.016408749427647695,-0.002030095257074871,0.0,0.013538235729724013,0.0
2019-02-25,-0.004761338936879245,-0.002949886873013341,0.0,0.008377023532193606,0.005482263160526024,0.005343294041826985,0.0,-0.0008476529977123892,0.021774515834642516,-0.002943112040003748,0.005633316110121189
2019-02-26,-0.0009361236194137534,0.0050470052235993546,0.0012358703315418218,-0.0028517997130108608,-0.0039188881856891955,0.0,0.0,-0.0008483074011794711,-0.0027882770802863943,-0.002270714957753328,0.0
2019-02-27,-0.008536100151861126,0.0,0.0,0.00012439746091619241,-0.0035921841902394336,0.0,-0.0036552768775210964,-0.00815078191902141,-0.008188533051948332,0.0,0.0
2019-02-28,0.00881999120833954,-0.010043321749864664,0.0,0.0006216727966394942,-0.002231777993394579,0.0,0.0,0.002739254371342037,-0.0004027478418269226,0.0004551765677915931,0.0
2019-03-01,-0.013738738103971193,0.004897719135248169,-0.0026449958314795907,0.0026093324517060257,0.006022062891442026,0.0,-0.009324375228141335,0.0005121867757074128,0.00221596719790651,-0.0025022887316304976,0.0
2019-03-04,0.0023215166330283754,0.00539595395086101,0.005834476809494227,0.0032222111911650586,0.004788759593829628,0.0,0.005091835264402489,0.004778201387117598,0.00562811616677128,0.0041049101810577415,0.0
2019-03-05,0.008844034817748758,0.003635784371060602,0.0,-0.0032118618938262733,0.0001701841963097639,0.0,0.002916832102955791,0.00526490409256497,0.0005996920792761262,0.006132193169413158,0.005240383575604968
2019-03-06,-0.0019829548843700584,-0.005520091221076884,-0.002812442417449268,-0.0009914950549346768,-0.011912814299480101,-0.011757119350013445,0.00030608667543163826,-0.004223686531514614,-0.006392322933393868,-0.00338595290665733,0.0
2019-03-07,-0.0015685213243052942,0.0029487973017485736,0.0,-0.008931897762231134,-0.0013779164512988107,-0.006681874891359407,0.0,0.007465260462474088,-0.001608400248392483,0.014043010429373393,0.00305585491807836
2019-03-08,-0.0023042132796584625,-0.021964726123603895,0.0,-0.011015123598951404,-0.008796107719209023,0.0,0.0,-0.0013472857799869953,-0.00583972848204628,0.0,0.0
2019-03-11,0.007663323023725299,0.015030986742459618,0.0,0.01392224482452753,0.011310208758921858,0.002953245330970189,0.0,0.006745388381538486,0.02207818870103173,0.005584096436091146,0.010573479581627465
2019-03-12,0.010105365774827568,0.0010452536062512952,-0.0072272140088218695,-0.002995842213143529,0.003441169418703094,0.0,0.00260134924123423,-0.0005025560068797619,0.004359913291612116,0.0035539725851894133,0.006206747258545642
2019-03-13,0.005569020788324552,0.006613314900276723,0.004083798712404274,0.0065105257310273945,0.00805900588413122,0.0,0.0,0.0020111069258332837,-0.0005919253969264293,-0.002213334958956148,-0.0015861517206140485
2019-03-14,0.0008204010968835274,0.008125885537054067,-0.004597671530343961,0.003731893058451119,0.0017009435714208099,0.0,-0.0001525413209403359,0.0038467894081699594,0.0069101374842459595,0.003992823495284847,-0.0001765097135896232
2019-03-15,0.0016398536163548805,-0.0010290065490977662,0.005684840817544723,0.005948615759913789,0.002886771699855961,0.004580382372067815,0.001984387867178361,0.0054981341859476895,0.010588253245634283,0.0011047957050855928,0.0014124111855018384
2019-03-18,-0.0045016702665054975,0.006695268491818673,0.002296432904320911,0.0064063136837877455,-0.00440233881112051,0.0,0.0,-0.00033134454966032845,-0.005626715373999502,-0.003531225834533358,-0.006875887659450797
2019-03-19,0.003391321417655746,0.00767395579166541,0.0,0.0019587156718383625,0.009353728642804038,0.006025059970755864,0.0,0.003480840014902231,0.008780502691501546,-0.0037652708282885916,0.004793174312554216
2019-03-20,-0.0052236259292259835,-0.006261616702137762,0.00035242584552119816,-0.01783761205090073,-0.009604038912869761,0.0,-0.0027422350220827063,-0.005616124008030687,-0.008123829350959122,-0.0028901971862663745,-0.005830387501811307
2019-03-21,0.013694188677922492,0.004598100343166767,0.01039464711125726,-0.009827033672926366,0.0028921739906953015,-0.005827138515130614,0.0,0.008139499295009678,0.01872080581167057,0.008249782813159356,0.0
2019-03-22,-0.002945416666830347,-0.014239703825852157,-0.007497825921823131,-0.01645729162485854,-0.00848176409718282,-0.012373792643931902,-0.006416104106621301,0.0013182045289992228,-0.006699890458897739,0.0,0.0
2019-03-25,0.0029541177745593394,-0.005331063889191023,0.0010541351936259602,-0.00408737576516105,-0.006843481961638087,-0.001813396152790414,-0.0004612358375554182,-0.0021392309879212368,-0.008672205978657699,0.008182196415230658,0.0
2019-03-26,0.0025394198990873473,0.013312594324556226,0.0,0.005001928264169564,0.012058583499387154,0.0,0.0,0.01038919977665409,0.008164891035290722,0.0,0.0
2019-03-27,-0.0003038487673842072,-0.0054598138797442575,0.0047385128103332175,0.0043389382389387166,-0.006978720807014671,0.0,0.0,-0.0014689105910801192,-0.007327440486751269,0.0032902286768339284,0.004976071705734775
2019-03-28,0.0021285679756815057,0.0005146470891352894,0.0052401613460357765,0.00038122737522772177,0.005485082173247502,0.0,0.010613671578810546,0.006374622224633253,0.007381528195303577,-0.007651995539456502,-0.0028294023430368576
2019-03-29,0.0028314755626053234,0.006687232367784901,0.007645568153594295,0.00889110803192894,0.008012294952705501,0.02543354145221466,0.0,0.0035731885949905617,0.010027004466711897,0.0013219073385732916,0.0
2019-04-01,-0.004840782495315388,0.00902746725019643,0.013795468423957846,0.01800334956648819,0.009301525911135533,0.0,0.028919354857439572,0.0014565488146038863,0.012982059780630939,-0.0026402404811973756,0.015428248648721832
2019-04-02,0.0019254842401266181,0.00033755304692495436,0.0,0.0077912097321479745,-0.0020107059529347326,0.0,0.002810687066494344,-0.002100857560945024,0.00678471138968928,0.0,0.0
2019-04-03,0.007181428644370991,-0.0011812301182395624,0.011566597968808434,0.005522159205678001,-0.0035259048745437394,0.024158479566978697,0.014308912931153994,-0.004858287239846937,0.010108591052727878,0.00264722980449017,0.0
2019-04-04,-0.006326958883653533,-0.007433665094062625,0.0011770589101627316,0.0030509662906283985,-0.005054747173942387,0.0,-0.0015997761334216598,0.0,-0.007227564793652164,-0.00616067303176937,0.013622087137787897
2019-04-05,0.0023247619992405877,0.015489359104887024,0.00755795693684802,-0.0007299629182085932,0.008128696840610239,0.0,0.008157283993397213,-0.0008136572244064055,0.00504014297744626,0.0,0.0
2019-04-08,-0.0038317482614719234,0.006369444671256108,0.0,-0.004505132690544755,-0.0060473814502539636,0.0,-0.004190159216349465,-0.0017915408406822264,-0.0037147244125674828,-0.0006641306290222637,0.0
2019-04-09,-0.003845801836811158,-0.009327137987204637,0.0,-0.005870766160003815,-0.0013520030223594937,0.0,-0.004933202944335302,-0.0003263249708747029,0.0003728646157952209,0.0,-0.0029289665433495093
2019-04-10,0.002438589157716331,0.00487560386279795,0.0,0.0002460451498129679,0.0006769489833144959,-0.012737873428956936,0.0024788300438385313,0.0022849581949153652,0.004658963859688781,0.0,0.0
2019-04-11,0.001568577016768824,-0.0030115493357404377,-0.0028338386212047872,0.006396069501155566,-0.008455944376256963,0.0,-0.0018908691406249734,0.0006513746234608764,0.0016694519169473399,0.0,0.0048384097221712
2019-04-12,-0.0012237701496583542,0.0005034196882036657,0.0023403442053269163,0.009166439476474553,-0.011768760512295029,0.0,0.003788902600253552,-0.004882005424505675,-0.0038888719346787948,-0.004209096793930334,0.003611334177235248
2019-04-15,-0.0010208620179261718,-0.0023481951049409977,0.0015010032348581337,0.0020588831811905184,-0.0022436530289809964,0.0,0.0011614668154000807,0.00556010047594202,0.0037181773477479307,0.004226888175397736,0.0037696771928443784
2019-04-16,-0.0062341320470680195,-0.001344956573185896,0.008826021660746974,0.008943606889783906,-0.00294070194783147,0.017202960370410914,-0.00014504258067371545,0.0011383914931446526,0.007964372608086245,-0.005316744949371177,0.007169732870247136
2019-04-17,-0.014705568817213632,0.005723908145688572,0.003961668149810249,0.003473919953499882,-0.02966688241811044,0.0025054185904425097,-0.0005800331820584592,-0.0003248937186078882,0.0018376018409245187,-0.006904261976747206,0.00016947923806598375
2019-04-18,0.002295999737130572,-0.0015065308011253942,0.005425876894286974,0.007043096129849102,-0.012515658128374296,0.0,0.0020316265013553547,0.006987330171899453,0.003668392539622145,0.004485327702512754,0.004575487257110877
2019-04-23,0.0023949874178703645,0.021626103400356422,0.00768597537658211,0.00047412400954272016,0.025891731251640016,0.0,0.0,0.004841039715202111,0.01663011379955548,0.0,0.014170059211302544
2019-04-24,0.005298321621493685,-0.010994390942628995,0.001947464275594779,-0.0033175212466557413,0.001058972351793086,0.0,-0.008254882978020461,0.0009635678954540428,0.009527211380922385,0.0,0.0
2019-04-25,-0.0004133042099502271,-0.0013273905831600041,-0.0012957860200801807,0.004398556518866448,0.007933655475274248,0.013120962376309775,-0.003942819205974835,-0.0012835204348546903,0.0012464333157835572,0.0,0.008815697364816355
2019-04-26,0.0058926403515777714,-0.0206013937873607,-0.0004865192891844172,0.0021303880085139504,0.0076963871873143574,0.0,0.0008796006362563613,0.004176679863987287,-0.007647168925420167,0.0,0.004122027226969083
2019-04-29,-0.0004111515587704728,0.00033927832917424183,0.0,0.01015713268305074,0.00572813769937941,0.0,-0.0033689137080457066,0.0012798245593157453,0.004659536555294164,0.006697906473061677,0.003284069035370152
2019-04-30,-0.00514071894077428,0.002543627405064086,-0.007626175767604937,-0.005962889326396881,-0.005177757061979871,0.0,-0.003674309180424329,0.004473538562298485,-0.007492008086940283,0.0,-0.021276614009850037
2019-05-01,0.00816446901093637,0.0,0.0,0.0,0.0,0.0,0.0,0.0,0.0,0.0,0.0
2019-05-02,-0.003383110501692932,-0.024357216724040898,-0.004578135709539577,-0.00023522172143042308,-0.00017346151351627093,0.0,-0.014161367038022399,-0.007793826500624101,0.0001797652110027137,-0.0008871349610107826,-0.007023380729192508
2019-05-03,0.004834513503939819,0.00485434774298632,0.01314059170540216,0.006470624138327219,0.00937006924903283,0.0,0.0074816697037356494,0.00801538941068669,0.005031424467556667,0.0,0.0
2019-05-06,0.0,-0.007591418800192096,-0.007944255448158244,-0.010870883538255272,-0.00481345690408419,0.0,-0.009208417194726204,-0.005407127016737512,-0.01037013817074861,0.0,0.006062609246737738
2019-05-07,-0.008291795264950053,-0.017385257163450296,-0.012256904998076412,-0.009099464107606758,-0.0027638598911562395,-0.018809762707717503,-0.015290011348595867,-0.0038375707539718418,-0.014814809709662535,0.0,-0.007197814626720422
2019-05-08,-0.003405815099618903,0.008492560834195695,-0.0006617654159311037,-0.004531914821019778,-0.00034644825779084343,0.0,-0.0033490822427562073,-0.0035312585666130714,-0.00018335451599160724,-0.010210856654004896,-0.001348908030086915
2019-05-09,-0.009425262857778005,-0.011052650317811108,0.0,-0.01725171334609321,-0.016115063592610723,0.0,-0.021842069322026814,-0.009987157350112796,-0.027879685344852634,0.0,0.0
2019-05-10,0.00752817697267405,-0.00017736955335556637,-0.026324505172514612,-0.00012195591241448422,-0.004050714110268583,0.0,0.006089934167285094,0.0003254223570061665,-0.0026414979178950304,-0.0015698518633029401,0.0
2019-05-13,0.0025941673070573046,0.0,-0.013773190858296536,-0.011094806997797746,-0.003183029312188168,-0.03095539345689502,0.0,0.003903735853184598,-0.012485808546942478,0.0,-0.029883513421279706
2019-05-14,0.007142424973093808,0.01703334056203576,0.010689636756633814,0.012082304526749077,0.007628176571288892,0.0,0.0,0.008101101589613746,0.014367815881958457,0.0,0.010442120008447908
2019-05-15,0.0048302416570906725,0.0006978526821408426,0.006823635843864473,-0.0034108757679117696,0.001936630489948854,0.0,0.0037249396652609956,0.005785930621804214,0.011142590067738878,0.017520188034069406,0.008956177549972022
2019-05-16,0.009512144049284688,0.014469979210698147,0.013724184463039357,0.014179217569709968,0.017044477654259538,0.0,0.013607621891585042,0.013103222608365384,0.015875951804001254,0.007505522258590469,0.015022243176214145
2019-05-17,-0.00638281257825235,-0.0015466601600259144,0.0,-0.00614675688086308,-0.00017280815559583829,0.0,-0.001983293314416046,-0.0007886916491224305,0.0,0.0,0.001345424969682485
2019-05-20,-0.002243382867120003,-0.0056798283136687555,0.0,-0.0035168907674013594,-0.007776063093920538,0.0,0.0,-0.00347272946021826,-0.025739983947271172,0.0,-0.012764563935461881
2019-05-21,0.0040880133300857935,0.010212915837160885,-0.013371269050213686,0.007788746457379148,0.008185322808967221,0.0,-0.007642922867542201,-0.002534450256692966,0.011511545127996792,0.0,0.005273926246317062
2019-05-22,-0.0014249207164382938,-0.00976695834240815,-0.00186346963622408,-0.0037435257595709315,0.001727453616733765,0.0236744436925429,-0.00015395112627591967,0.0023820503140203897,-0.0011193574683162621,0.0,0.0
2019-05-23,-0.003873300649505751,-0.033915886025639996,-0.015274910711996603,-0.015030254017223021,-0.0024142645334271906,0.0,0.0,-0.0023763896343457214,-0.023347029858519885,0.0,-0.009646248798929613
2019-05-24,0.007879058523905691,-0.004836117659116512,0.0,0.003322603030797122,0.0034572302197886096,-0.01916684426892956,0.0,-0.0022232711915909364,0.0,0.015337440234458377,0.0
2019-05-27,0.0,0.009899194086862462,0.0,0.003557007570440751,0.002928544115019527,0.0,0.0,0.00350147062859274,0.0017211732838422478,0.0006473625204594935,0.0
2019-05-28,-0.0030457766876718084,-0.002495088007940738,0.00672180948933887,-0.000977801721299354,-0.0012023307000434968,0.0,0.0,-0.006661350896550622,0.0030545980173624088,0.0,0.0
2019-05-29,-0.013136548677323612,-0.01572272733468738,-0.014894691562361118,-0.00905302261330565,-0.01977646596220828,0.0,0.0,-0.012134793601614402,-0.011990884224157838,0.0,-0.004784749425016832
2019-05-30,-0.0027863426917260625,-0.002178234371980281,0.0,0.0033332681852142887,0.00473685013620484,0.0,0.0,0.0025860651393943,0.006549800685557994,-0.021349965205386123,0.0
2019-05-31,-0.0017590304128224377,-0.0054575776804753895,0.0,-0.011197195138995086,-0.0036668252626875786,0.0,-0.025265800521022563,-0.008060615989676223,-0.00784688703181069,-0.0035257788375092636,-0.010645569896968299
2019-06-03,0.0038355753870498166,-0.0042070523127797355,-0.014598542565563588,-0.005226517224465987,0.0015772897024501908,0.0,0.008850977860587417,0.00048760920834345356,-0.012345667202249944,0.00353825393836682,-0.024991331362097524
2019-06-04,-0.0035110915307120516,0.009919194143080068,0.009700162780598154,0.01613712629438413,-0.00017501550242193797,0.0,0.0,0.0017868225016319794,0.003906264842953311,-0.0050683018250946565,0.0
2019-06-05,0.01233167197631202,-0.011458731781750164,0.0066375732421875,0.0018465332242727506,0.008925483753555286,0.0,0.0,0.009080612776359853,0.01439684517123907,0.023034265020655198,0.0
2019-06-06,0.00409441410617184,0.00919963227299947,0.0,0.0009830885104269438,0.0032957263084145705,0.0,0.0,0.0049815422717560676,0.002493307818124846,0.004979423015252671,0.0
2019-06-07,0.00825808151052776,0.007110359438381897,0.011972906713873632,0.0019641289204725965,0.00639693863949975,0.0,0.0,0.009274032744911898,0.02238374131813381,0.0,0.01673190853689599
2019-06-10,-0.003943583129829786,0.0,0.0,0.0,0.003951203330248454,0.0,0.03571986078476974,0.0006337280767465536,0.017776960841175082,-0.003231316611339019,0.0
2019-06-11,0.0016242108157435986,0.011585795984830893,0.016803833116674438,0.01176190576898195,0.0035934788518960925,0.0,0.009529530291962018,0.0037998999215740348,-0.006067255378940595,-0.0049708134852144426,0.007002794573005344
2019-06-12,-0.0016215770327883128,-0.017000729147829574,0.0,-0.011140712456351065,-0.0006820275274791454,0.0,-0.001198594609239323,0.0011040961063013555,-0.005364426714029369,0.0062988903075702485,0.0
2019-06-13,0.002639172067549156,0.0049153551112983696,0.0,0.00440843699256499,0.0037536464496175093,0.0,0.0,-0.00031511670677497605,0.005579305086601094,0.0030217868360755684,0.0
2019-06-14,0.0012151945871026193,0.0010869122783423446,0.0,-0.0018287478983584071,0.003229621295178786,0.0,0.007950776330337028,0.005358552379820969,-0.00443865110272057,0.01075962958609189,0.009735784789258961
2019-06-17,0.004954946298363572,0.0009048688613211286,0.012816225059164799,0.004030779438563448,0.0,0.0,-0.0043161319391265,-0.004389443329291143,0.00204341058726909,-0.005322546167825237,0.007231373323013823
2019-06-18,0.006339331253575331,0.01753746848529758,0.01548452021163893,0.011070510987267523,0.014232466046641523,0.0,0.0,0.004881142835519547,0.02057843230648393,0.0070633135217297305,0.014871776855856389
2019-06-19,-0.0046996432824008005,-0.0019545240358467275,0.0,0.003970640462711561,0.0033411420130333713,0.03649874358949723,0.0,-0.005484150357172091,-0.0021798171398335064,-0.0014877724964782457,-0.007916444826678082
2019-06-20,0.012658283994284592,0.01548874443551318,-0.0032792385216487974,-0.008149549484885554,0.004328976283520802,0.0,0.0,0.005356863810441981,0.01092296506076229,0.0010642664441833372,0.0
2019-06-21,-0.010614991343581681,0.004908814425012675,0.0,0.003987432609876773,-0.008454879378538283,0.0,0.01524658624517139,-0.0028208791929461574,-0.002160974869848231,0.0,0.0025467476507268216
2019-06-24,-0.0005012244293014501,-0.015177929806641677,-0.012831100217912783,-0.009507819578455035,-0.004681534652483332,-0.0012465227590258143,-0.001913976103100179,-0.0029860512056703037,-0.009023641966736995,0.0,0.0
2019-06-25,0.0016050498842263838,-0.000708607882847101,-0.004665868807338436,-0.006682789132515521,0.0033596634812800286,0.0,0.003982838758224139,-0.0006304713382077054,-0.00764884666021548,0.0,-0.012870484491568468
2019-06-26,-0.021334325961429035,0.01311827123681053,0.0,0.004281326800674057,-0.015402614699415174,0.0,0.0,-0.011198783629052578,0.0033032939059285393,-0.016797727436426046,0.0
2019-06-27,-0.0018421240821304696,-0.00804904438999221,0.004018109497842648,0.002679697040554707,0.004931084748482695,-0.005616174792884565,0.0,-0.0017546147402121015,0.0,-0.00583911003380011,-0.006519146823879218
2019-06-28,0.007382488712368129,0.001764019954857421,0.006169733606025574,0.009718163301195792,0.001184428030990059,0.007059942753209425,0.0,0.003036091740967306,0.0005487944942201839,0.0019578018315857815,0.0
2019-07-01,-0.005191005903563917,0.014791338951329669,0.011932403362320043,0.013955747310276045,0.0141963863204706,0.0,0.0,0.007806242794266671,0.023400342988004308,0.005427702834263748,0.01934035411767554
2019-07-02,0.015244683853499419,-0.014922793586886973,0.0,0.0007118610351304344,0.0029995052526303745,0.0,0.0,0.007745837677330503,0.0023222770485582522,0.01079680382580106,0.007115076164700751
2019-07-03,0.013604731535503012,0.00035230680997710984,0.0,0.010078259188189609,0.010799161666544155,0.0,0.018219299700922287,0.013490205652573639,0.006594170876136118,0.0,0.010428897566157502
2019-07-04,0.005567455416555234,0.005282606660048872,0.01473956257680853,0.0023476351642186533,0.0026298462690799163,0.0,0.0,0.0017025322599042436,0.005488692914368709,0.0,0.005327129184688584
2019-07-05,-0.009887111272398164,-0.0026274570936763997,-0.0003227962888832092,0.004215980048672074,-0.001147535980724923,0.0,-0.009956744747773083,-0.004480854605339202,-0.005458731612843715,0.008758808702920673,0.00016557832672092765
2019-07-08,0.0035951332999977215,0.006322455550300976,0.0,-0.0031486267256362055,-0.011160352892990555,0.00950304700343918,0.0005830187315478685,0.004966625691580351,-0.0015934871338054712,0.001694155321672275,-0.0043046395782107005
2019-07-09,0.0003979646215468424,0.00034904813315828065,0.0025831425728046753,-0.0025737379435176733,0.0021576940766014907,0.0,0.0,-0.004015477007420332,0.0008866685157249421,0.0012685279970152674,0.0033255705236932
2019-07-10,0.0025858842054284903,0.005408258460249282,0.0,-0.002463043442515911,-0.0006624861679319638,0.0,-0.01544071616063536,-0.00046516948814678827,0.004961066633719424,0.001478034077746937,0.0013258032995329128
2019-07-11,-0.002182434374141229,0.004511509920430257,0.0037037578516117,0.0005879029245898781,-0.0014915504202900332,-0.008950645119436551,-0.0026630076273631564,0.000775722191560746,0.0058180184988601,-0.0004216836946022706,0.008606429551845762
2019-07-12,-0.001193230649079724,0.0036275537517143075,0.0,0.0032902323356771568,-0.009460575847704877,0.0,0.0,0.0031002471185761493,0.0007011554086289173,-0.0025310890586580648,-0.0009845818997180622
2019-07-15,0.0005973280747060272,-0.0048192562246209825,0.008021819112973061,0.00011705910881820714,0.0015080454444984515,0.0,0.01260938181195903,0.0016999012812219938,0.005605179435434149,0.0006343577651957144,0.002299674148211528
2019-07-16,-0.004775008015955873,-0.003804932927435112,0.006048022319651514,0.002459405458470565,0.0020076782828462036,0.0,0.0,0.00030849495773765945,0.0003483793383876055,-0.004015186558206318,0.0
2019-07-17,-0.0010998906825328003,-0.01527773049878356,-0.005378898236235052,-0.006308510729559735,0.0,0.011678604574025142,0.00395541509839914,0.00030851748289273395,-0.0033083514835339223,0.0,-0.006063614856876232
2019-07-18,-0.0016009389716454825,-0.012870231426755918,0.0,-0.0017633894210312695,0.00033395321368345776,0.0,-0.007004169503707525,0.004008666879182332,-0.005939904657895845,0.004031373273987171,-0.011871397530683225
2019-07-19,-0.0015033591085937825,0.006608303639809687,0.0,0.005299738000702936,0.0018360976570144238,0.0,0.009110875670585106,0.005067478312990037,0.012653732630892645,0.0019019474464987418,0.0
2019-07-22,-0.010138552542394152,0.005500311483971343,-0.007316670785552759,-0.005388997105795212,-0.00549819774304916,-0.003078414250867967,0.0007281644545087396,-0.007944945260694447,0.0,-0.008226099787041585,-0.00667444712987475
2019-07-23,0.0017237912193910354,0.007940723089453927,0.010575225909722263,0.013780987395547895,0.007371460069180991,0.0,0.017898656951253145,0.00924069723242038,0.009371761984336535,0.003828164683610913,0.0
2019-07-24,0.0026319584094798287,0.005427195012042807,0.005073722790115642,0.0010456400786518216,-0.001164139257954111,0.020534227265504468,-0.0008577206749292854,-0.0018311478623956878,0.007049515964370423,-0.00042373850509291877,0.01595830490439787
2019-07-25,-0.0019181748643211094,-0.013233538780983989,0.0,0.0012766573051772312,0.0026640000624984506,0.0,-0.006867874255700124,-0.0029047917867082163,-0.0008536663363678532,-0.0023315093183561286,-0.0003306638703992615
2019-07-26,-0.0023265659242227565,-0.001941005809217966,0.0,0.0031297586298573155,0.0026569220220657996,0.0,0.0,0.0075129999171785755,0.006493524694851871,0.0,0.031756518713334625
2019-07-29,0.005576594400982016,-0.006541774002798317,-0.008045406632650742,-0.0008088709560998275,0.0033123676615014475,-0.002269312092913811,0.0,0.004717661891841418,-0.005093430288384604,0.0061610562440523875,-0.0017633343561100912
2019-07-30,-0.0007056574935386806,-0.000177937742971368,-0.0071565005613150046,-0.013530770857116847,-0.005612415686880978,-0.006368433485674396,0.0,-0.002574949675692939,-0.004436831541011488,-0.002956068155493985,0.0
2019-07-31,-0.0007063495038265311,0.013527915938141843,0.0,0.0026964499276806997,0.00498006687751773,0.0024416857178384266,0.0,-0.0053150870498295255,0.0037710185143591257,0.0,-0.00562073597557422
2019-08-01,-0.007385421294670125,-0.015454816906250946,0.008169122521867411,0.006664235185685596,0.005285756359183491,0.0,-0.007923973818460661,0.008854989787094425,0.009733601117779322,0.005082546750640571,0.007428941289809199
2019-08-02,0.0006158323295666346,-0.0324652096011423,-0.03574833252451326,-0.03577231395845859,-0.01610252271456014,0.0,0.0,-0.019824533167198455,-0.04853716716960499,0.0,-0.028374486719725645
2019-08-05,-0.014876366290254905,-0.02230831234745867,-0.028011154831268037,-0.02384966913176123,-0.017535057086357497,0.0,0.0,-0.01929900031014664,-0.03466045158938158,-0.013274278667739892,0.0
2019-08-06,0.0020826560367506186,-0.01640578826911865,-0.0018647331280160495,-0.009254665402004814,-0.007649171323022341,0.0,0.0,-0.008973546768206164,-0.0023936855980115634,-0.008541565454598166,-0.0295330646177695
2019-08-07,0.0020785252958417377,-0.008435556518331055,0.003566560473219349,-0.004608317099252801,0.0006851164799297482,-0.058151976975930664,-0.06622128257588566,0.005083394613914161,0.001291984024177406,0.005169025677193018,0.0
2019-08-08,0.015557048825657782,0.021075021787732906,0.0,0.02089593237981413,0.01865799703443516,0.0,0.02721617289180145,0.016437444180585015,0.02764976958525356,0.009642185142378912,0.013940879974525533
2019-08-09,-0.0036764302347119804,-0.0017042255301551457,0.013030977420465328,-0.009069782446782915,0.0001680748867849413,0.0,0.0,-0.001865885892441077,-0.012017904375700716,0.0019100202595079274,-0.004694894988292897
2019-08-12,0.0012301612371106163,-0.00967378839950006,-0.008018702595090188,-0.008286999231044812,0.0006720583874277875,0.0,0.0,-0.0006231642624388023,-0.00163398964408068,-0.005719137110775208,0.0
2019-08-13,-0.001843072072414187,0.018004260829144636,0.01010438638141542,0.009728120738170976,0.009066438690047418,0.0,0.0,0.006547126406160508,0.014911796141030553,0.0046868603992233915,0.0082547615034958
2019-08-14,-0.009025662377149635,-0.025023552076609112,-0.019339777530262725,-0.022974293081231556,-0.011148056338700418,0.0,0.0,-0.0037168633251328798,-0.01648453612263956,0.000636106433289596,0.0
2019-08-15,0.0028981053144301328,-0.008876863897754883,0.0,0.00037929955212279154,0.0,0.0,0.0,0.0,0.0,0.0,0.0
2019-08-16,0.014860517986168054,0.008761696993608625,0.007480425518392231,0.017313292313165807,0.010264186559299615,0.0,-0.01907648869059264,0.019897384468578805,0.014756811482926846,0.01631702649230138,-0.0031746120270518263
2019-08-19,0.005796388249493578,0.020266342583072028,0.013837386647773897,0.009441020102150866,0.007661543595241627,0.0,0.0,0.008535246965161614,0.015619370196914506,0.005838252696814372,0.0
2019-08-20,-0.001516473450127065,-0.006621306938649929,0.0011651080674242031,-0.006399217719516681,0.001322344314953483,0.0,0.003704242327183138,-0.005289383161647954,0.0003535523753148695,-0.0033167463069042613,0.009051273900902768
2019-08-21,0.0011137053267069597,0.008379403075048586,0.011305075443484691,0.0,0.0014855783289939861,0.0,0.0,0.0019750418417001647,0.00759852101106806,0.001455900419267575,0.0013288865495881819
2019-08-22,-0.00384322305094964,-0.00018889775422759048,-0.0024659135519263797,0.0029724068747229992,-0.005933687267499654,0.0,0.0,-0.001516277160703683,-0.008067328670286367,-0.00228454012182,-0.006137973324963131
2019-08-23,0.003350274954898369,-0.026444989563624954,-0.015491078147354731,-0.014818401463698172,-0.01177255650808784,0.0,0.0,-0.005922542121268304,-0.01644272069651942,-0.0006245335849783817,-0.01185112620639961
2019-08-26,0.0,0.0003880569927898758,0.0016738947323655662,0.0,-0.0013422486309653259,0.005657059881376325,0.0,0.00427740273774746,-0.0025166166989106786,-0.0004165099722037713,-0.0001689066736259015
2019-08-27,0.001517951063475298,-0.001357635627614262,0.0,0.0010027446526312822,0.006720391601231279,0.0,0.0,0.003346535257865657,0.002883399577805257,0.009168547849966346,0.00810945390264095
2019-08-28,-0.001010337483280388,0.009710623105477545,0.0,0.002379170205428105,-0.0006675083787103242,0.0,0.0,0.004699781123355562,-0.0016172533714313708,0.0024777809442206866,0.003686917368843412
2019-08-29,0.003034462695772344,0.017118664376136294,0.0250668448558673,0.01449096487416801,0.006513015743015771,0.0,0.0,0.005734191973167269,0.0197983881737247,0.0,0.0
2019-08-30,-0.0012102856730719092,0.0020801930432994276,0.001141175328498445,0.007634443882592157,0.004479848277965104,0.0,0.0,0.00525128981407752,0.0008824432967737827,0.008856855034665712,0.0
2019-09-02,-0.0012114641614120458,0.0016984364924914619,0.0008141872200746469,-0.00012213744728306608,0.003138398147269461,0.0,0.0,0.003880628898962124,0.004055714088334383,0.0034708449414333487,0.0
2019-09-03,0.004346505590829608,-0.007347460265487937,0.000813524858531478,-0.006477688718704466,-0.0029639437927312384,0.0,0.02075962631804451,0.0037169192991346467,-0.0057955395910850305,0.008138305163043258,0.01753214590341612
2019-09-04,0.014492882645740002,0.013285268194799693,0.004064379886553837,0.008365093148960279,-0.0019818155804586235,0.0,0.008436354491705655,0.0039993576436505585,0.007242533880791768,0.006659976511318888,0.0
2019-09-05,-0.0037700145793900797,0.0170443876721329,0.016191710284605643,0.019519435143685815,0.004467987032933163,0.0,0.0,-0.0013277713117650913,0.021220608115724904,-0.010826000480431586,0.0
2019-09-06,0.0033859060571139743,-0.007550641863218965,0.005258155511158824,0.0010769204434579738,0.004942326742831238,0.0,0.0,-0.00059094274020699,0.002404248510201157,0.0,0.012799486449342368
2019-09-09,-0.005756194453063301,0.016329580220486584,0.0033285637020883385,0.011116358637620616,-0.0121311750568327,0.0,0.0,-0.005321516662698755,-0.005482263160526135,-0.012768566399815717,0.0
2019-09-10,-0.009283511882857254,0.02044913132232784,-0.008688771622267777,0.004019434708650627,-0.008463297971101347,0.0,0.0,-0.008470793387858166,-0.017054226990195986,-0.0014370703375055083,0.0024303089197135197
2019-09-11,0.003929612169655705,0.0010735618884643028,0.013705189009586727,0.013187273203379979,0.01790794468325063,0.0,0.0,0.00959231681563355,0.01840166862582726,0.009868411765204144,0.0
2019-09-12,0.0038137141167273736,-0.01519217653668714,0.002358083787806553,0.0003486646785613168,0.0014797789056146815,0.0,0.03585291020246273,0.0037114013915489075,0.006367216107357132,0.009161253516382972,0.014223420142567056
2019-09-13,0.0015997787716022227,0.003266793287849623,0.0012547338952433318,0.01173325214693044,-0.002462674868735526,0.0,0.010383635112909406,-0.009318107494906802,-0.007010941358096212,-0.0060520322555472905,-0.003506025891763409
2019-09-16,-0.0039930114466897315,0.035274978400863466,-0.006265688047036977,-0.0021816573894486435,0.002304200266840528,0.0,-0.0035683700929466378,-0.004478994277726578,0.003444132322895088,0.0024355374623474813,0.0004798112112174291
2019-09-17,0.008017848367990466,-0.006465122048650462,0.0,-0.008055201174259619,-0.0018062497142109502,0.0,-0.00802173869328282,0.0014996771695174882,-0.006006560598400101,0.004656803909265372,0.0
2019-09-18,0.0015903041096079207,-0.0070348491309386585,0.0,-0.0018561246193462555,-0.0009870270173937268,0.0,0.0,-0.0013476540810978266,0.00034531178169805443,0.004635218605144598,0.0
2019-09-19,0.006750397770896699,0.002125447193197516,-0.003310200016054976,0.013133416419602417,0.008727132937458304,0.0,0.004476499041065063,0.0022491211724899873,0.01104596512797773,0.0034102705886909224,-0.0003196699213698917
2019-09-20,-0.00039454109674919025,0.007069595232181536,0.0006326255862239005,0.0005736049600253423,0.009141387343038376,0.0,0.0017251689303316997,0.0035907466534077503,-0.0015363630893603375,0.007996755448240966,0.00015988607145289713
2019-09-23,-0.004339882467223832,-0.0028080001526414877,0.0,-0.007911057461008952,-0.005499840735462724,0.0646093951172857,-0.006888681900564464,0.0008944179629699622,-0.0075226949697325685,0.00019837637036301814,-0.0035172361954692866
2019-09-24,0.00039613454100972945,-0.010207638498284877,0.0,-0.0015023153577166104,0.0014638931889721096,0.0,0.0,0.0040215113928430135,0.0008613133112433946,0.009518134827119162,-0.0008021238188468116
2019-09-25,0.0003959776805730897,-0.0016002871604171576,-0.01153784632455701,0.001851827936408812,-0.006009402853966006,-0.0010567587119821864,-0.007658942235117205,0.00014826444582372034,-0.006024070280776117,0.0,0.0
2019-09-26,0.006335677251142258,-0.004808556552562737,0.0,0.0015017946396365112,-0.006209167702255103,0.0,0.0026212364930160437,0.0059329803729237796,0.007619023839116723,0.006285596067242771,-0.009152241283883256
2019-09-27,0.0027543317407752177,0.009126669860144432,0.004637046870514805,0.00565240995566052,0.0023018643596006694,0.005440541337667915,0.0031953700156699405,0.00044232939297939033,0.0039525613965345485,-0.0007808103822910528,0.0012963696318633033
2019-09-30,0.00039234186010528305,-0.0033693674191431766,0.0,0.00022939377689801255,0.00295276095602226,0.0,0.0,0.006632344697964143,-0.00017114552972574693,0.003907028097381193,0.0
2019-10-01,-0.00764864507677232,-0.012277623345892663,-0.0017507656715870512,-0.01307343084215451,-0.00637879282861864,-0.008417218831634932,-0.00579124840953027,-0.009224082791549515,-0.0005135897855716998,-0.0066160762137774665,-0.007120840369363224
2019-10-02,-0.0065218713236817605,-0.0365699665047442,-0.024872470391089196,-0.031141023787004563,-0.022880648389274727,-0.029104109950247592,-0.030144164118535488,-0.018915306841020163,-0.03151764506549182,-0.013320280417989161,0.0
2019-10-03,0.010742160800544909,0.0,-0.004414657593807991,0.0,0.0006738698638149021,-0.0021858422743956663,-0.003002957249614635,0.0013556856169996134,0.0038910046417321986,-0.002779420143283251,0.0
2019-10-04,0.003936241775005067,0.002430835251084229,0.0,0.005996550165062953,0.013131292243436343,0.010952914483034482,0.0,0.0073706052801880695,0.017970410287639238,0.0073660946696534335,0.0
2019-10-07,0.0027446125825369982,0.009886192375728742,0.0,0.005960919588583025,0.007809923867060808,0.0,0.01280118154500065,0.005972846328025083,0.005192160922393496,0.004150255049460538,0.0
2019-10-08,-0.008211207932505182,-0.017916535493877173,0.0,-0.016236085373632858,-0.013849960947312945,0.0,-0.01144976420916588,-0.007570166475261764,-0.012568927925606044,-0.005117144837692211,-0.00847596476550494
2019-10-09,0.0047310327229372895,0.002633124114483687,0.00821152906900835,0.0030117544012226993,-0.0005016317222078515,0.0,0.0,0.0,0.0022668015967584054,-0.003165180016359015,0.0
2019-10-10,0.001177212187621679,0.0048771021353501975,0.0,0.012971390687575468,0.004182000754516357,0.0,0.01519245571353589,0.003140877693024402,0.010612397620207492,-0.001984490480895662,0.0
2019-10-11,0.009406064745001386,0.01736046874134356,0.0,0.022172192829011506,0.01032821521222238,0.0,0.0,-0.0023855081771707587,0.014632440555833348,0.0021873256780473582,0.017096763370880286
2019-10-14,-0.00912443920322703,-0.006972496662664862,0.02117607509342556,0.0,-0.0032976217297226995,0.0,0.0,-0.002839671663534049,-0.0018662503939125274,-0.0019841723371181175,0.0
2019-10-15,0.006073564824011557,0.007391011340971199,0.010368504388544864,0.006611780338756201,0.014061182190128418,0.0,0.018373174283796034,-0.0010491560782900367,0.008838970370249388,-0.002385664685981781,0.007273327584363942
2019-10-16,0.004284286983880392,-0.006969938828405131,0.001578757086835969,-0.002880913909632632,-0.0026101117357825165,0.0,-0.0027644759512016615,-0.0012003275202270292,-0.010446486062760552,-0.0037863416810179906,-0.0008022525200178654
2019-10-17,0.004080559535279749,-0.008311798448699115,-0.0011034000053516957,-0.004391552912007546,0.0008177827536748339,0.0,0.0,-0.003455060207120275,-0.008513536589429438,-0.004000815287541815,0.0
2019-10-18,0.0,-0.0035388085596721464,-0.005680931299028802,-0.00011601285085860447,-0.0044124932803286665,0.0,-0.0070032586886770165,-0.0021103315854190674,-0.006182390746722222,0.0008033925445232182,-0.006744867855540737
2019-10-21,0.006805408287300585,0.007102823703088568,0.0,0.01311816947679878,-0.0022980859135974807,0.0,0.0,-0.002114794503055517,0.00570246824167242,0.0030101887551639006,0.0
2019-10-22,0.0028965893078243266,0.016146973174423485,0.0,0.0013750525493438914,0.007732827083622995,0.0,0.0014693815325150794,0.003633144142204614,-0.0020618372905791826,0.008003231883603412,0.0
2019-10-23,0.0005777720049089385,0.005479438119827318,-0.001428347166883448,0.00011436670636766344,0.0022857043207908934,0.0,0.006161944635850958,0.00015074670250214695,-0.0072314388843219835,0.0025803344712558296,0.0
2019-10-24,-0.00038471650066529417,0.0038146973184929323,0.005244784498699584,0.004119022049518195,0.0014660393139385164,0.034669522405338604,0.0,0.005429054797256638,0.013180685458626717,0.0055435082815034065,0.0
2019-10-25,-0.004620830194334791,0.006514669223420588,0.0,0.0031905056810235255,0.0030904135999294535,0.0,0.01618548528310071,-0.0028497797694588822,0.013693993098806256,-0.00669423403148528,0.0
2019-10-28,-0.0042552647194928905,-0.003955365160565383,0.006324134796504399,0.002953205722522556,0.008269858138041597,0.009424157026067581,0.0012913808973717966,-0.005565624667548064,0.01013168628425043,-0.006937607205656837,0.0
2019-10-29,0.0033022317361077747,0.0009025132794842072,0.0,0.0003397802293700902,0.009006133331337374,0.0007408924107314974,0.0,0.0013613120111897192,-0.0033433761945799167,-0.007185565002367222,0.0011317654886309203
2019-10-30,-0.0007744168096368576,-0.013525698641671968,0.0,-0.00701916374651379,0.0020719995208828834,-0.0004442289329060767,0.0,0.006042319400583196,-0.005199556594221333,0.006634459292756301,-0.0009689990385478575
2019-10-31,0.002712651008418998,-0.01700183349551032,-0.010212121135843577,-0.008550884739253584,-0.003181179677705148,0.0,0.0,-0.004654618103545505,-0.00033721897320138083,0.002396623379591789,0.0
2019-11-01,-0.0005796902495296408,0.01803982169323315,0.006507934085906442,0.011614515984518015,0.007340081579862989,0.005333342375578809,0.0018630680006699318,-0.0012068461298806454,0.008770457914219598,-0.0007969137661779646,0.004526407267041677
2019-11-04,0.002513356774281883,0.02977707715451472,0.0075697767448570374,0.012163277456784582,0.0014256320460186434,0.01385208418732109,0.01544834995117439,0.0018124565509951562,0.012205308902773604,-0.002592244549546985,0.0
2019-11-05,-0.013307436808897122,0.01188579024903258,0.006886875029107342,0.009433920836251497,-0.002056328149400044,0.007412710526368382,0.00943803096917395,0.00030147207167785517,0.004294653412641791,-0.009796115033636421,0.0
2019-11-06,0.0027363265842754725,-0.009992981866678963,-0.0023317506856730397,0.0023364384338393496,-0.00031701470463307846,0.0,0.0018140838232569845,0.007837291400447643,-0.001480265686138904,0.0034323034086896076,0.0
2019-11-07,-0.006237695754950812,0.007083366434123439,0.0,0.014208043278120197,0.004280964944824994,0.0,0.002785860784115579,0.0002990375690903324,0.014989291074538169,-0.011267633092444496,0.0246218011567636
2019-11-08,-0.007846130525841377,-0.002461744193386073,0.002025510327202218,-0.006566752661223085,0.005052094948742258,0.0,-0.0018057682633074723,-0.0020929793829554955,-0.003407969622083118,-0.001017485504305471,0.0006281938147174593
2019-11-11,-0.0035588767214218553,-0.0021152641081095824,-0.00202141592836369,-0.001872782342031698,0.0012567048577827311,0.0,-0.0051489388176922946,0.00014984473753520966,0.004070998218876243,-0.0008148485517011084,-0.0045518452835144885
2019-11-12,-0.0013887476575777935,0.006712613743476092,0.006699911236072387,0.0056290992335974455,0.007844307689619079,0.013850802456905065,0.00769342660781569,0.002396585194655243,0.01054170495438611,0.001019352453379252,0.008199313420657717
2019-11-13,-0.003079709141813658,-0.007896135281383665,-0.005262404644377661,-0.009000085413043202,0.00031139902126642305,0.0,0.0,0.004781824620143427,-0.002888786731000459,0.00794303903189042,-0.004066315713327939
2019-11-14,0.004484198127506334,-0.0033604959025401726,0.0,-0.0037656878575156316,-0.004046095978634812,0.0,-0.006940588473704934,0.0002975055487282052,-0.0006438260878748325,0.003637027366617307,0.003611771887334747
2019-11-15,0.005357147041085586,0.005501355486875248,0.0006223886357035191,0.003112826935622204,0.008437514305114746,0.0002846772935332087,0.004892346514425716,-0.0038656278318851545,0.005798044926185408,-0.005234514417513325,0.0053200434711955236
2019-11-18,0.010459853199425773,-0.014648747239545457,-0.0037318904195395852,-0.002770654902534031,0.0063525879593875345,0.0,-0.006120495828931705,0.004925400463502871,-0.0027222094726292445,0.007893126712261278,-0.0026459451921531096
2019-11-19,0.0015627232881934017,-0.006448156878822053,-0.00405803531717841,0.002667278001782014,0.002463489909581895,0.0,-0.001679427884012652,-0.00430715739849552,0.004495867043710078,-0.0046184647742959495,-0.0009363361374552515
2019-11-20,-0.004290115922939153,0.002884439226447988,0.0006268155456712332,-0.0034360603252365784,0.0015358389369326542,-0.007397983577861478,-0.0021029233426095306,0.0011933447190057844,0.0009590402377990248,0.0002017780167853367,0.0
2019-11-21,-0.006658973012851788,-0.000359526467367588,-0.004855091088520447,-0.0036703360834778875,-0.0019935171790076422,0.0,-0.009272318899686494,-0.00372467207642857,-0.008942790931741995,-0.00181525109447489,-0.004998448156471658
2019-11-22,-0.00670342592746942,0.00953063789749753,0.003619759819363244,0.007032789021439445,0.0073754719427499005,0.0,0.0,0.0,0.0017724265746090762,0.00020202710030536863,0.004866583655579015
2019-11-25,0.0077412757939783194,0.0028500151256076744,0.011760956247749643,0.009422463031772965,0.014033035884688516,0.0,0.014605877165660308,0.005383588987065924,0.015280694722844546,0.004646455398713778,0.007030163432750758
2019-11-26,0.005514784553579233,-0.008525746869288753,0.003564838327658304,-0.00362398336966252,0.002707585681206215,0.0,0.0,0.00535464767189997,0.0034854439864699938,-0.00040218093600996596,-0.001706508878891233
2019-11-27,0.004897084520185002,-0.0034037733383686097,0.009111912554295332,0.007935688736173896,0.002250133336995752,0.0,0.0,0.004438571800744917,0.003946952942812443,0.0,0.009168611621355183
2019-11-28,0.0015594929958167025,0.0035951961010132205,-0.0022955908309011397,-0.00021878716409706733,0.0014968733298923453,0.0,0.004612078093434224,-0.0004418733181112966,-0.0011007972111377606,0.004224483772687249,-0.0010779133858411782
2019-11-29,0.00038933514060834895,-0.011105189436643736,-0.004141804914083558,-0.003390482866092337,-0.004184821302737007,0.0,-0.004451860142621333,-0.0013263183978137194,-0.0012594746611799268,-0.00040057379406810423,-0.00107907653688466
2019-12-02,-0.012062210932374584,-0.0039847384469117175,-0.017714074917083766,-0.013608488035898869,-0.013357337930893887,0.0,-0.01145891172163327,-0.011066844284353894,-0.024117257446672258,-0.014629325342906063,-0.019753052806403715
2019-12-03,-0.002559975145330462,-0.01418444390227358,-0.008624733152147623,-0.015910063460511492,-0.001977445355069163,-0.02278911300547748,0.0,-0.002238046911330227,-0.013406525898935429,0.00020341949568725148,0.0
2019-12-04,0.009279142148437503,0.01162149195268447,0.010914245703668612,0.014697581742932675,0.008840143661927868,0.01349366624856807,0.0016963917190544464,0.006131239956256751,0.015225875288132018,0.007523361724050881,0.0
2019-12-05,-0.00273856051767829,-0.0038293049578473903,0.0,-0.0023398225687681906,-0.0006043347039117464,0.0,-0.0026813779250588476,-0.0034184859053510985,-0.00048377326413273636,-0.0010090663537921651,0.005982309282034359
2019-12-06,0.008434669071224699,0.020867643554079995,0.0,0.018650860852384987,0.013454261059997918,0.0,0.0,0.015659886272529455,0.016779621219884522,0.009899023807410146,0.014241014399064555
2019-12-09,-0.0023341881150730215,-0.0005379017222636451,0.006728156650057215,-0.0029602484801959372,-0.006712478691695445,0.007235890174255966,0.0,-0.0038179462857003132,-0.0036496277462021443,-0.006401350245589743,-0.0009257895403660399
2019-12-10,-0.002144594102389208,-0.002152901739656543,-0.003263896431852653,-0.0039586818026898785,-0.004204817460510268,0.0,0.0,-0.0030955055396334474,-0.0027074690422649317,-0.0032212573648159326,0.0
2019-12-11,-0.00781556149792828,-0.002157478140762281,0.00015596657818250925,-0.000220783299559546,0.0015081602653845838,0.0,0.0,-0.0008871441820251791,0.0,0.0038376580054055864,-0.008030895218880785
2019-12-12,-0.01063411498726341,0.010090114834072406,0.0,0.010931976565896173,0.003613881200648983,0.004022971055106961,0.020942456421117583,-0.0019238900992317731,0.0052699111575145174,-0.0014084445422466452,0.0
2019-12-13,-0.006867319664695226,-0.003567619658224608,0.009354513249620222,0.0030584247674905196,-0.00015006955741159178,0.0,0.0030492199036782353,-0.001779400092493999,0.007783921490561951,0.005641724224679789,-0.005760501831958975
2019-12-16,0.006513883052288172,0.010741111127197334,0.009113438164250143,0.011760945212483165,0.012905171341960564,0.0,0.00967247370009594,0.012032049350351182,0.014186597267717094,0.007814053112417785,0.01111801136957169
2019-12-17,-0.0034847833010313023,0.004959309219527475,-0.0007653918621818301,-0.003659497942995138,-0.0034074571397569864,0.003148271742274167,-0.007663850567025787,-0.008953480624439014,-0.004973573407491272,0.010337981424471732,-0.002323039646828895
2019-12-18,0.0002997672084876779,0.004582275534755098,0.0027573576676118705,0.0034567989757143813,0.002824475262194426,-0.003851592709607332,-0.0004137191892576997,0.003258312079992054,0.0039050298829885755,0.0,0.009158648876490316
2019-12-19,0.006392582645283085,0.0,0.0,-0.0029066072621343197,0.0029647877312639626,0.0,0.0024834478040702823,0.0019191745927413795,0.00015562683604941618,-0.0007871097160084828,0.0024612015108278484
2019-12-20,0.005160600509309443,0.008421044600637417,0.006721699473879461,0.007773650314546687,0.012267132083011667,0.0,0.007707095105553563,0.012671291815954389,0.012289995807868381,0.00984639645568186,0.006598088554006232
2019-12-23,-0.002369773679431364,0.0012178095925832189,-0.0007587716327772664,-0.00782086534044557,0.0010220425902691677,0.008878635270374247,-0.0012292265198666774,-0.0008730566718679889,0.0026125429497863006,-0.0013650486835128373,0.000914640550915502
2019-12-24,0.0,0.0,0.0,0.0,0.0,0.0,0.0,0.0,0.0,0.0,0.0
2019-12-27,0.011084808127269863,0.0012163283362676136,0.005618872515652962,-0.0018355734022376113,-0.0043756626757008865,-0.0032646662526902848,0.0,-0.003349289845227865,0.001992717459678106,-0.005272416766075261,-0.0021321868713644054
2019-12-30,0.0003912518635553752,-0.005206512367610272,-0.01223191699882531,-0.0011900295026212593,-0.0090829582065447,-0.011250368866334126,0.0,-0.007451813530648277,-0.014073822237799294,-0.0049077347220209955,-0.01282052961528446
2019-12-31,0.0007831220558396357,0.0,0.0,0.0,0.0,0.0,0.0,0.0,0.0,0.0,0.0
2020-01-02,0.001564187233627612,0.0033147004138267544,0.009631512278647225,0.004982181483823567,0.002809024883511757,0.0,0.002324706751331007,0.0013248393564893046,0.01923980685615656,0.00019731971792169567,0.008348778812505842
2020-01-03,-0.0019522957411733932,0.005042617353350876,-0.0015142106713323944,-0.0033408919480557575,-0.0019166280304150352,0.0,-0.010777638235151432,-0.0013230864794492314,-0.002435738410149879,-0.0007889726809744424,0.00291322506648628
2020-01-06,0.0011738535939194161,0.008823566487237366,-0.0027297588491254077,-0.0058390895297842915,-0.005317586803243013,0.0,0.0,-0.0023554197172170888,-0.0032046251851755025,-0.0027635094763149848,0.002599021350218278
2020-01-07,-0.0037123524874256297,-0.0022294814792231943,0.00805959188077443,0.004785694014319386,0.007573539708428889,0.01742761168305007,-0.003309963951085626,0.0032462923358522744,0.011175801597430812,0.0025732594405638576,0.01082648646420159
2020-01-08,-0.00313794760033248,-0.003437620520632123,0.0,0.004871192541973546,0.005158415357291224,0.0022650575239504533,-0.003874343327837093,-0.0008824468374593053,0.004087761250439748,0.0013820274968492363,0.002564447284319371
2020-01-09,0.0,-0.006554002606336984,0.01146480805150274,0.005170778383368546,0.009384155693352048,0.0,0.0,0.005005098430195698,0.01613389173323121,0.0027602402657531666,0.007523351101963005
2020-01-10,0.0029510049177219333,0.006250010761950087,-0.0028337424721603943,-0.004929855217505885,0.0023242834198309303,0.0015536808701992477,0.0009723530615555198,0.0017577669911050808,0.0019290288558444502,0.0058985299539986435,-0.00044806740665681577
2020-01-13,0.006473182766790764,-0.004140749957910694,-0.0040383528267442514,-0.0032309890645343398,-0.005507206571274903,-0.00028210790336802294,0.0,-0.0021933254454979956,0.00014813591125228953,0.00039093936323930656,-0.001494061300470917
2020-01-14,-0.0005845692139154757,-0.0015592541698632445,0.004655431822150113,0.006915194911758515,0.0010201062667212213,0.0,0.0,0.005128934423764386,0.006515658956907089,0.0015630718225949636,0.004788278382424016
2020-01-15,0.008774956592224825,-0.002949886873013341,-0.004035938210800949,-0.009443104972737593,0.011355346507117003,0.0,0.00346933123050297,0.005102873920438844,-0.004119446436196217,0.011900129346967159,-0.0010424377249975691
2020-01-16,0.006186120146308927,0.0069613910938435275,0.004352407736478936,0.005524823065054196,0.0021592273390402816,0.0,0.0029041500700162093,0.0036263416180246644,0.005909201980464074,0.008868380733417558,0.0026833107567862946
2020-01-17,0.004226560485080633,-0.006394727410676371,0.0,0.00721831416429386,0.007181844014284344,0.01622233792890726,0.010066235393343614,0.006648346122869464,0.010427474696045547,0.009936874161502907,0.008771932312091613
2020-01-20,-0.0013390643141257819,-0.00034789454130701447,0.006724515689624511,-0.001069657600419105,0.0001425343189453976,0.00027757694075902783,0.0032764213483895688,-0.0012922320935156995,0.00625000415846344,0.0058656836753328,0.005747978660183728
2020-01-21,0.000574873962978284,-0.010266228293994706,-0.0028202825242706897,-0.0031051857152879503,0.001996283974495805,0.0,0.0,-0.0005750563101105666,0.0018777588778631227,0.000188079788598694,-0.002491166738231798
2020-01-22,0.0028719948711599663,-0.010021091492977141,0.0038702312451528442,0.00010735237793202401,-0.0007114760886816063,0.0,-0.006667544945066606,0.0040277103310149,0.004613605709462121,0.006394586501725197,0.0038196007457349523
2020-01-23,-0.0031908443040399304,-0.006393191290567368,-0.0063760422539927974,-0.004403330803107286,-0.0038451191650126226,0.0,-0.008904130491491857,-0.0005730789939605296,-0.00028697822874323986,0.005793335507660924,0.0
2020-01-24,0.006362944872390086,-0.0026809923830826143,-0.00014926333251163992,0.0019417096180158744,-0.003573981571221241,0.0023592257021880503,0.004699432957234517,0.0051605590499916865,0.010766579968010337,0.013192104951664119,-0.0019025334546651784
2020-01-27,-0.01072987049201568,-0.019892484328464577,-0.02313437390683304,-0.02056416694064611,-0.012912395062982474,0.0,-0.025863321222583946,-0.009555130805703027,-0.030393508134336278,-0.005501544906955758,-0.023167153723416378
2020-01-28,0.005423260975329081,0.003656989723195503,0.011153604140132778,0.013630822686399036,0.009447585285648818,0.0,0.0,0.002447887772645041,0.015233645329803425,0.006269595343128875,0.013659501774611504
2020-01-29,-0.0009630801211080176,-0.0032792914406504226,0.002568724209147888,0.003687278795075244,0.003023854904179446,-0.005814838416444923,0.013133742935186987,-0.0012927889074174637,0.006204015586817269,0.002382280902368583,-0.0010365718507051591
2020-01-30,-0.004820675956707876,-0.018826517940651932,-0.009947189870279538,-0.010372740845525308,-0.016221717246724054,0.0,-0.014636122855163247,-0.004746179157893882,-0.009033514091133288,-0.0014625563060117752,-0.018529499475768874
2020-01-31,-0.004650400884246175,-0.01862891196562788,0.0,-0.009498945637546719,-0.015613595708212191,0.0,-0.014712135798685022,-0.004190654608694722,-0.017218961523609133,-0.004210903455401982,-0.009817185050344457
2020-02-03,0.00019480519480530312,-0.0140471084696272,0.013091803598556107,0.005291042556772485,0.008597714778033394,0.0,0.004307184720617974,0.00014503709628210792,0.010306310313723976,0.004780329824382257,0.010677195292811525
2020-02-04,0.009926098930624683,0.019445555697629402,0.018482279055381357,0.017324560784346854,0.0201352546758915,0.0,0.0,0.011897848470833194,0.026522874117997253,0.0009148990972465132,0.00528219858058554
2020-02-05,0.0009636319793813186,0.019074566704069262,0.0,0.0109937742889894,0.016135932258982244,0.004317019893160801,0.03788422646879752,0.005162039308558519,0.0076661115390581624,0.00457038384850228,0.007956831095195627
2020-02-06,-0.00038542495698401513,-0.0014825429524597533,0.010180030301461196,0.007782511016310778,0.006096700873643002,0.0,0.006198410290561229,0.006847408949813172,0.010002804323667291,0.005277541610571479,0.011915388892506984
2020-02-07,-0.0005775019134099946,-0.0059391181974861595,-0.005257785949077998,0.0007405024258515525,-0.0022547355521296275,0.0,-0.01040386179986863,-0.00014171345949254288,0.00334771733291106,0.0014481899697083023,0.006770680424992959
2020-02-10,0.0,-0.0076549633476403756,0.0052855763782924114,0.0005285533214329785,0.003248527085103703,0.0,0.0,0.005101326511383952,0.001112217860631981,0.0005422772860153025,0.0
2020-02-11,0.01059922846151884,0.010536172013486889,0.012414173491559488,0.00834648896720247,0.006898463637765806,0.0,0.011204835362227383,-0.0016918475407545763,0.013192569366196727,0.00794945715512485,0.0
2020-02-12,0.002288442938199964,0.010984922037700295,0.009953872539583575,0.008067961088407793,0.005313267626521068,0.0,0.005882357238735203,0.0,0.0015076838230796419,0.0007169907666413344,0.016374266967455142
2020-02-13,0.0020926447873828025,-0.0009207962755627408,0.0012854782908804374,0.0015590260052436022,-0.002503481242778438,0.0,0.00040798014136944616,0.002400872817417632,0.00780073487347499,0.005373441290013936,0.003596101101821736
2020-02-14,0.008354167980523242,0.0005529728902649023,0.0,0.001037798797673517,-0.0018126726240904611,0.0,-0.004622027585302724,0.0035221187401588416,0.0014937616955905675,0.0106894434830489,0.0012899275073590122
2020-02-17,0.0007528965714629354,0.002579207678645723,0.0007133103116438999,0.0022807705799281486,0.003911250496086538,0.015529604472187541,0.0,0.002667342454831134,0.003932215803760686,0.00757976923401249,0.004294264630559708
2020-02-18,-0.003198219617730147,-0.011576576159781582,-0.005559506502712863,-0.009205600557842253,-0.004313415557828493,0.0,-0.0071019429635560405,-0.001540193407613244,-0.010264750497471775,0.005423397027966459,-0.0019954303557425668
2020-02-19,-0.0030203927874351555,0.013943111865303948,0.014621511064098147,0.008560369004939172,0.010201276996073982,0.0,0.00935351215571445,0.005188651791468768,0.016784980587105203,0.002784058535124423,0.008854652376715233
2020-02-20,-0.0034075699320591513,0.002566912125015808,-0.008759467757561645,-0.008591261871695122,-0.00995990056141327,-0.00709989975741987,-0.003270616963103712,-0.00767303361350713,-0.018521068893399883,-0.007808446201616026,-0.006936616975429466
2020-02-21,0.006269017768916196,-0.018471143573400184,-0.011830128103356152,-0.008665711266490073,-0.0047505426762662895,0.0,-0.005742386825952739,-0.0030928384620177996,-0.01189655613103191,0.0003497806515726509,-0.01012118325494693
2020-02-24,-0.01415888382718189,-0.03968692614285263,-0.0385114394696201,-0.030121143256146454,-0.027937742515497965,-0.04042907579832711,-0.03369093147016078,-0.021435681765070158,-0.04276230107853618,-0.011713321236119234,-0.03485017774613819
2020-02-25,-0.011681423911678257,-0.021924738999661186,-0.015301593405713021,-0.019328863452970135,-0.01776423693656215,0.0,-0.014657732012265612,-0.012970190716173557,-0.021541100234385824,-0.017689722653350448,-0.008952542750812476
2020-02-26,-0.007362990801283997,-0.018051970842424603,-0.00030464112206496363,-0.007086715615822747,-0.0013233930959871687,-0.019059929124694786,-0.005632573681122355,-0.003796094538549677,0.005466943630520804,-0.0030613753409389766,-0.006624532890563528
2020-02-27,-0.034842704284788084,-0.05252522169941598,-0.04693693541814303,-0.04360430396717663,-0.031507647929043925,-0.042366603736698205,-0.04110387645278468,-0.03781330359252433,-0.05304923509857673,-0.02962426610489921,-0.04092148816265129
2020-02-28,-0.049752288930366206,-0.04477616674830176,-0.037895790084544245,-0.044776097826343175,-0.049863162665931826,-0.0424104113587771,-0.051348011925523185,-0.048286396191369096,-0.03553694644269434,-0.06180192887904712,-0.039506952795081096
2020-03-02,0.017984474698267583,0.02299112972176287,0.01013795294855746,0.0008544884216237225,0.01935998535156247,0.006850411056873007,0.013891089207208607,0.02288732899572299,0.026548635087234818,0.01984126924056806,0.014972043284072756
2020-03-03,0.014844050319871904,-0.0030548374154948377,0.006910200593581495,-0.0009757743005778252,0.009103780244693827,0.00806959359773085,0.014488160140871065,0.012361087509251023,0.006896530281671254,0.013229577528969694,0.005349325915832148
2020-03-04,0.02152869384214018,0.004377342283887531,0.00506531952171918,0.00341837113683896,0.0279980618561253,0.007848061641580806,0.0,0.0193199390874772,0.005759694254141801,0.027265708890559015,0.004998332761441349
2020-03-05,0.0034286340379519054,-0.018522520928880848,-0.007315834181784608,-0.018250349317018855,0.0033288127234618603,-0.011524651523449059,0.006985479516105508,0.009401103491613716,0.00433367554019215,0.011588765081958163,-0.004171349866136764
2020-03-06,-0.02622853063444819,-0.06238901678890241,-0.04438262099933943,-0.04796134244813832,-0.04252746167929067,0.0,-0.043317423374690245,-0.033949258623868994,-0.05624900208835426,-0.04028086378788587,-0.04913804401651933
2020-03-09,-0.048503676426799536,-0.17480464242248728,-0.054670072153023,-0.10453006463806247,-0.04000631356714557,0.0,-0.07766676745351508,-0.03498672478183085,-0.053069887506922875,-0.04851753031175121,-0.04473058983108802
2020-03-10,-0.023102013990679682,-0.0281221176036327,0.003807090011848757,0.008576830012444692,-0.0019688093582064248,0.0,-0.0050664029878328964,-0.015307778632249747,0.0005173095090289515,-0.028733270367412023,-0.0039020638388368445
2020-03-11,-0.015543628523894348,0.0016534709994364682,0.0,0.007062523054058856,0.004274179084447605,-0.11753588712294782,-0.007023731703603597,-0.003109187359001009,0.008273001352107068,-0.013125022252400753,0.0
2020-03-12,-0.10612360653361064,-0.1114255603834623,-0.09246882843872373,-0.11736083769922212,-0.06449498472528781,0.0,-0.09885057874456049,-0.06992774867982166,-0.08085469302968085,-0.08507491809513812,-0.07158118551427173
2020-03-13,-0.01816842027752419,-0.019904408573527266,-0.008557220003498123,0.03275501007644244,-0.0059492588540689395,-0.09462594886425746,0.003139714487570666,0.0007059815678620573,0.004091523504373695,-0.017535724939027775,-0.0011507559844020632
2020-03-16,-0.05666872950786317,-0.018683997904395677,-0.041549572611484176,-0.03956662846628756,-0.007569095137849202,-0.029777131705678972,-0.032276951206125615,0.0012345625023337803,-0.008334890701048647,-0.01315174610637504,-0.010560734109457237
2020-03-17,-0.03678004128794565,-0.020971295166800186,0.0,0.011443467981948396,0.01897835534858361,0.005894327459966098,0.043056341234262385,0.03840056874400899,0.00579001780524524,0.049976164951066604,0.016301205630916638
2020-03-18,-0.07438833287176116,-0.1193630353506604,-0.03560211021862725,-0.05899463116949033,-0.021409913418657278,-0.05597091056412118,-0.045155001652296245,-0.0022052767842704046,-0.025255280114963696,-0.004306405968012794,-0.02616003135816647
2020-03-19,-0.03177988836402601,0.0193630679590997,0.0,0.01958087308047851,0.023123429541688,0.03017979046600061,0.02983562425503261,0.019211170927881938,0.02838631770097244,-0.022308207043669537,0.05019608759779248
2020-03-20,0.014675681628467885,0.058869702784474454,0.06340938180282518,0.01752023143953907,-0.014951331771686172,0.0,-0.003941678287810002,-0.02852375417365738,-0.005742893218227185,-0.022351549881717725,-0.03230019801740436
2020-03-23,-0.03794722694015107,-0.04610820987056474,0.0,-0.07251651127617254,-0.05506528309719483,-0.056305897341133115,-0.03541750856948256,-0.0521978164133764,-0.05012108661232406,-0.09111693404825671,-0.030098424597400086
2020-03-24,0.06611701498332989,0.1436120273835262,0.052481103344095725,0.10406991818182898,0.05715348349398908,0.09423167693829804,0.09702563163561706,0.03586955642880496,0.10062771899134848,0.07247664642503593,0.06604341731845631
2020-03-25,0.07187296321700631,0.07977716578561744,0.032013924754986656,0.040582042011782615,0.014134329917404376,0.04688124709436359,0.023373223835067458,0.005771213966355049,0.021743026330996784,0.030539946021987507,-0.003545447410976288
2020-03-26,0.025745882556262645,0.02404021444647908,0.007144220303183513,0.034959588124116925,0.021254309644152647,0.02825295512572734,0.008953072950213636,0.018953228732398797,0.00662824422259356,0.04599332889219854,0.017602970034625187
2020-03-27,-0.005792171678105085,-0.0704276671526467,-0.03602763330540493,-0.037381715066129084,-0.0035823795342724285,0.0,0.0,-0.0015358388213548846,-0.029284329466636394,-0.007706259311402119,-0.029444211807660325
2020-03-30,0.0002773688073851588,0.02036226382832451,0.02091405584468653,0.0015595370812644394,0.03629513674752549,0.0,-0.007243779736262224,0.026149421259358707,0.032309913575521376,0.030607587710156814,0.025597221795272906
2020-03-31,0.011233054338996906,0.06220027753813362,0.0,0.014792941146770433,0.014538263437339216,-0.009906519239193945,0.016417393850585604,0.013157909784825339,0.016600364068415807,0.004654319683982111,0.021630635002704235
2020-04-01,-0.05883184803089392,-0.034646755965583975,-0.03945375157233255,-0.057388378256167716,-0.02491448922160111,-0.04946201031156505,-0.031048088735388224,-0.020877863217740655,-0.04354484322885732,-0.05515111182473631,-0.03601156006517292
2020-04-02,-0.005682603550781207,0.09806647446146277,0.0,0.0065114701340274195,0.005678025159036482,0.004965243447395462,0.015187991652744648,0.008059092195581652,-0.008002859089505043,0.010973555589836037,0.004505291979280512
2020-04-03,-0.021981130136169313,-0.04476924078240152,-0.015007865929962061,-0.011159670574397151,0.013948856452349334,-0.001383393220061424,-0.00620325021107504,0.013324437456057048,0.002689163305155562,-0.004157051001093759,-0.005045776725070561
2020-04-06,0.054989415825107635,0.024216892651089283,0.05693664979496771,0.04596011523019006,0.03029804180335849,0.04551757584249483,0.04222506307171425,0.03090074068705051,0.05453243733986346,0.04313545121579776,0.0420736254859615
2020-04-07,0.05482180054630503,0.04093630822267813,0.038315637537778,0.043471443121007036,0.015418871770082054,0.0,0.03223530036289013,0.014987222710682868,0.029671075170945027,0.01600714157471339,0.02721701995848913
2020-04-08,0.0029621328721134432,-0.0021471413103069104,0.008220623574061836,-0.0013486924493159025,-0.006731375986003374,0.03161079142654222,-0.006484594937076427,-0.012409690817167918,0.003457913486836217,-0.0065645346182101605,-0.0005263699990353254
2020-04-09,0.07061336390765294,0.0232162996010552,0.018119224948051516,0.037515005809127366,0.019700491257249153,0.021651381746344622,0.040192375532891234,0.011611254249061398,0.005415192623750009,0.06101313986713097,0.005617988815423081
2020-04-14,-0.01692769705054531,-0.02512454237353967,0.027940910005253894,-0.016777578087946443,0.018083552604736708,-0.01311062389071993,0.00743059673113966,0.00943393849868146,0.02578746539175536,-0.015569857349164606,0.019902206762013597
2020-04-15,-0.03928552492982673,-0.06403260682793166,-0.012465329413582027,-0.039276217574388705,-0.0018218117743779016,-0.02784354090539043,-0.03655137852133428,-0.0028037432045502353,-0.008273614251248063,-0.014550794039483006,-0.002054105427536479
2020-04-16,-0.01009050911861964,-0.010795814799789083,0.0,-0.010105647428175102,0.025247203986454414,0.005054295526363939,0.005784283083511088,0.012496143294385087,0.019412787565005196,0.0036379624504152552,0.01766726678900299
2020-04-17,0.0207886864442135,0.04377686850298379,0.03611496363130273,0.028151535821275164,0.01142258717157163,0.02477187306898254,0.02080513471682366,0.00030849495773765945,-0.0006295391084510937,0.004904041252736802,0.0015169095551719192
2020-04-20,-0.006175490877646683,0.020089229944969977,0.012521179315949205,0.008725754350735748,0.014227063895003944,0.003816777221473444,0.007787924317921302,0.012029710868993293,0.009291280911663424,0.0010608791836921316,0.008078064551490183
2020-04-21,-0.0407191318713388,-0.05021304731523035,-0.04227939125744573,-0.041610709712913474,-0.027187344053910434,-0.036212203812721944,-0.039953967730495976,-0.031392887641997436,-0.053518437922747575,-0.03200513197251542,-0.04056753972714411
2020-04-22,0.017365187031864293,0.045592387072213914,0.0,0.015094871373809715,0.01679805171997084,0.014465535682612662,0.02500426613690787,0.011799813862463093,0.032476116479699835,0.028246134601435546,0.02905860632957946
2020-04-23,0.009877104371005752,0.04024122883416492,0.036817252575353177,0.01042470015107022,0.015058461349700014,0.0,0.0,0.0015550630899108242,0.020277829093160005,-0.0029812477082166167,0.01521815219232625
2020-04-24,-0.01883003902521485,-0.013935339607454078,-0.007404891286902471,-0.012592957380771375,-0.005905281006873486,0.005000008477105133,0.012197215965665364,-0.0029498902438042096,-0.010798160014547142,-0.008970486366571717,-0.01165892229881571
2020-04-27,0.02871794562604779,0.006331232805964149,0.0,0.03441917342607281,0.017676054477549386,0.0,0.02145921422528141,0.006228612866328476,0.023097596988121083,0.017672406634876348,0.022244686407649983
2020-04-28,0.02227875421586889,0.03392877710367359,0.027975611032301284,0.026292342407334912,-0.008684519204209762,0.04809287982930521,0.018099529937821268,0.009439810962927009,-0.0047935297258537846,0.01037691340750535,-0.006923807616251221
2020-04-29,0.02796363977248606,0.051396237012366175,0.0,0.029960957878831795,-0.004021237833427227,0.024613180114133826,0.02698407854352669,-0.0036793726937398574,0.02548165590577489,0.002096044660183205,0.03071048101342777
2020-04-30,-0.017752368918723116,-0.019429488663585404,0.005607787342868598,-0.028808374857789865,-0.011391505881894748,-0.02693891090783518,0.0,-0.016156320535069546,-0.006969683098070556,-0.03262918486679878,-0.01481720180225854
2020-05-01,-0.027954631530687557,0.0,0.0,0.0,0.0,0.0,0.0,0.0,0.0,0.0,0.0
2020-05-04,-0.01658636126877433,-0.05807331853838149,-0.038543582774611895,-0.05078857525454483,-0.021003425660583663,-0.04478929565390877,-0.059969048476491205,-0.020957150162154492,-0.024717771192435678,-0.024864897856841206,-0.015530532193757218
2020-05-05,0.023802803151009355,0.06254895357269841,0.026270913401359675,0.030487848757137836,0.03292608751547155,0.03138269928748194,0.0,0.016773212098269985,0.036451844458698535,0.029933532915594308,0.03072068213528989
2020-05-06,-0.01806809662997877,-0.03833196180723286,0.0,-0.020858027525071376,0.00475987050828075,0.0,0.019401517775347932,-0.0047133235595577805,0.009962319428066024,-0.014208823176999785,-0.0016110443694418164
2020-05-07,0.01474792846698425,0.03219444512905523,0.0,0.0214534218559419,-0.004306675796530213,0.0,0.0,0.003472789676435273,0.014347616678076713,-0.0026207194623867336,0.00451829559610073
2020-05-08,0.0,0.006683713283765158,0.024102406359993056,0.0028102430063943196,0.0010092228115374802,0.0168248158112958,0.029354833787487378,0.008022685837325794,0.002504761486161522,0.0024085967760418825,0.007550189888432257
2020-05-11,0.012399790064199223,-0.002107751827197357,0.007141675415517801,-0.006932213380261287,0.0064813041374658376,-0.001232172031897294,-0.013632073582653503,0.006710366618113861,0.012051729626550989,-0.002839608057760734,0.004145411920944531
2020-05-12,-0.028315609882793025,-0.002640154070423839,0.0,-0.01113913730502647,0.008299969288082965,-0.004582342765935166,0.001588538092281766,0.003255294954559007,-0.00014525321146985348,0.0061335984652299835,-0.00015876906052103568
2020-05-13,-0.03239323811484773,-0.046696312297834,-0.02884771857431756,-0.03499546438911627,-0.012205515491428454,-0.030453279650204168,-0.023473426806425612,-0.014833171833483094,-0.022803191425114444,-0.015893741288611873,-0.02445605957276542
2020-05-14,-0.022832745740021698,-0.010107803434837526,-0.013773614992963479,-0.007159533455116662,-0.01120687925858066,-0.01789626684212231,-0.00812083811074038,-0.01913421327042031,-0.016646776716829237,-0.009070792931231031,-0.01123233643604793
2020-05-15,0.0012904190795290926,0.015372541348449786,0.012619888880173624,0.0048596425119262765,0.008137133988332046,0.0,0.016210933083576018,0.009753767211732045,0.005743609921164516,-0.0029024573667773,0.010042862746966863
2020-05-18,0.062132846359089555,0.06254834767410533,0.03888335228849504,0.04149770314751211,0.020467077753738128,0.06266275238145491,0.04463423133206379,0.019477366552952624,0.03591823499796076,0.037617561820773915,0.0335778066082244
2020-05-19,-0.0012131156759305206,-0.013832493326263351,0.004478547300811986,0.0005991177369919498,-0.01652550491395488,0.0003498975071305477,0.0013881896552332407,-0.010251569755694634,0.003916968545931265,-0.008847644498534035,-0.006150454792551829
2020-05-20,0.004048902054826664,0.014237425670835746,-0.0006369572613583729,0.0007485201451211676,0.0031595753178395025,0.007346545340117361,0.0,-0.004080384985083674,0.005635829578722884,0.002394962108005272,0.00999678274899729
2020-05-21,-0.008064462247525439,-0.017365064301371858,0.0,-0.009274464974081353,-0.014173198072958026,-0.010244836795010426,-0.010320366417782889,-0.007091093120572656,-0.01020260269917661,-0.010642955445761992,-0.002356616971717629
2020-05-22,-0.002981490247820684,-0.006560875757628648,-0.0011153552692209079,-0.005888575189291312,0.005808909705684373,0.0029824240165843285,0.004980539997264,0.004443780375382955,0.0037747117682640496,0.000878175986769314,0.0023621837339955487
2020-05-25,0.0,0.0232211783973455,0.017387145899912193,0.019289163564340406,0.01862548189054314,0.02273925298923607,0.015487068371167423,0.00979615931294231,0.020971897035614973,0.01842509650748947,0.021052679682586062
2020-05-26,0.047159934985516516,0.005100956344927576,0.004076546585241703,0.02816273739630426,-0.014883104271271153,0.0167607238203602,0.002287654820452012,-0.003285856438335788,-0.012041344641136376,0.0068920890097117216,-0.006616436493750877
2020-05-27,0.002336111765809168,0.0018643814831704741,-0.0014053740053284747,0.032753598410100615,-0.01913671699359265,0.012279218382977852,-0.00030438636776286554,0.0007849173698855072,-0.021221619915017698,0.0,-0.011926837992725314
2020-05-28,0.01152370344651188,-0.001757489690300873,0.0,0.0007016719747088285,0.0305119830852838,0.010967096112748598,0.015829542828543097,0.014117670994178821,0.018019274671048136,0.016256648588945488,0.005643482344878548
2020-05-29,-0.008064135337460532,-0.03458995264220921,-0.008913208569569675,-0.028887932970778407,-0.014092496281416844,-0.0276134171755803,-0.015133271488823707,-0.015313250658942512,-0.014246623891259191,-0.0037886023329311014,-0.017770825296229975
2020-06-01,0.02077684464887608,0.0,0.01846011303131978,0.0,0.003609586951907273,0.012846489578996367,0.014300848379807052,0.01460880447231605,0.011970798464587151,0.011409192477059404,0.017616260744633294
2020-06-02,0.017319687170367137,0.04998933484742696,0.003253277684654332,0.031046883729820784,-0.003452819533708018,0.00901203157591568,0.010799478633231718,-0.004180161919408842,-0.004471978649141506,0.009191611682138001,-0.0034311154382421494
2020-06-03,0.03467141885760605,0.025490424186302763,0.017603448919756293,0.03599439415801009,-0.0004330703154419302,0.024313616324229237,0.016471295747215287,0.007151727093519744,0.015504994373307879,0.015110733212272631,0.00704226560785437
2020-06-04,-0.003963626324156699,-0.011506893723013278,-0.012291428971669904,-0.003785301953575515,-0.013287091238151416,-0.002260606958801148,-0.008759101811986802,-0.00926209455738436,-0.010987503600773607,-0.014477958222220422,-0.011654982118421198
2020-06-05,0.04835410311257626,0.07211246551917538,0.023198682150661787,0.05156739267265187,0.015222495904169797,0.04272534957974128,0.02312223357205445,0.00997194432230053,0.01890066706294169,0.01572518710406623,0.017924503333998754
2020-06-08,0.004370714662130126,0.01574622786500579,0.0063062789574763745,0.007226707360380447,-0.0018742395079877072,0.0006208430131595666,0.000287845727868552,0.002005511478401667,-0.00042489956845626065,0.002851892222718977,0.0007723377291621869
2020-06-09,-0.011566673916476256,-0.025451232247800992,-0.004476207660244924,-0.021780858833532313,-0.0020223459808477173,-0.02000932047621995,-0.011080683072921316,-0.0052347398593654,0.0053832682040886315,-0.017062769863875782,0.00401296843969523
2020-06-10,-0.02259300944264042,-0.03110155726053654,0.00239802202919015,-0.01388348660821459,-0.003618468855858037,-0.013295348979589616,-0.004074487402839555,0.0047979810503837594,0.012681435964472909,-0.000826635999832237,-0.004611869220686127
2020-06-11,-0.04741582926486221,-0.06993383963521738,-0.031997599843487934,-0.06348780708544943,-0.030505499503712508,-0.04635866831207358,-0.038135600778010925,-0.02479970488391736,-0.024627858700688843,-0.03495343702262044,-0.025791477892540327
2020-06-12,0.004853005601774152,-0.001053875913598623,-0.010657936898046505,0.007942101109087663,-0.0062930503804122795,-0.00151387975496875,-0.0007595784652435489,-0.005528388583577182,-0.011412203135191423,0.00535790829013183,-0.005865595874466667
2020-06-15,0.006811884696991344,-0.012976067493459364,-0.005464516348820947,-0.00830167669957027,-0.0045235683525074455,-0.0053908303829838244,-0.00425659447389648,-0.005241391695617215,-0.002164524087637898,-0.004263499543594396,-0.0019135838141498551
2020-06-16,0.03542383401403493,0.04318087693391459,0.03265302969301631,0.03589674580959379,0.030445353505505812,0.03827910376842203,0.033435151777194694,0.027462835329273405,0.035719467334772936,0.025048212514984014,0.02748049416756304
2020-06-17,-0.008434325779875795,-0.010860650011109918,0.008209196192586532,-0.0002739805295524089,0.00955463086200603,0.0008156482493122397,-0.0010341216176614765,0.008547056174041723,0.010751139535569942,-0.009607412049041364,0.006064306652771689
2020-06-18,-0.008385849481487684,-0.004868441056675832,-0.0033172681199559184,-0.006576224176056189,-0.0032032792621660144,-0.003911945717012033,-0.0038450477028945107,-0.003081734559851501,-0.00041440502209988406,0.0,-0.0007727415403225857
2020-06-19,-0.007611931904478175,0.013323545440738105,0.0077156149471038216,-0.0006895758503513427,0.013000283399803525,0.003927309137170543,0.007125827244504279,0.013446720055922068,0.011470450857568926,0.009278837165674902,0.009590069042183513
2020-06-22,-0.016435377326156297,-0.02855674244826578,-0.013361347868087625,-0.011868612736158912,-0.011535622782483657,-0.017603880085066193,-0.008402118596605224,-0.017690956811250547,-0.008197924354435893,-0.015461798349972078,-0.009498973233048713
2020-06-23,0.0037133361532974973,0.01554407489101628,0.01749850128603825,0.008240225770411724,0.010357389538503403,0.007134566150818644,0.011000528171430046,0.0034155190001643465,0.014464845085131017,-0.006366707212668188,0.006960568481337415
2020-06-24,-0.032802997994599514,-0.04789671321968947,-0.021833393517353805,-0.029089907486059552,-0.02685533573465748,-0.025864904037740777,-0.025584552837958574,-0.02088810972446231,-0.02064091058751516,-0.016659521238380104,-0.023041488493648732
2020-06-25,0.0034426596951031563,0.0032808106732258313,0.00015279783330335306,0.007847097525004898,0.0054895416737554825,-0.0003382455166985876,-0.00015081495914004428,0.005372948153392398,-0.0002773748155727729,-0.0026064887966055217,0.005188677936767583
2020-06-26,0.0027955629897165046,-0.014170494600835193,-0.0013756701377186653,-0.01316533599130898,-0.002803523999158397,-0.00016921225050225974,-0.0004527434097451044,-0.001100278151515921,0.0013869414179943362,-0.005879718071265083,-0.019709045055479213
2020-06-29,0.002534057728811323,0.005639163748648812,-0.004439015879370345,0.0031559080984129295,0.0038472107101432673,0.011505927626606294,0.01268301819892148,0.0020456501915961933,-0.002908574700123623,0.011829070816655962,-0.00590396970155338
2020-06-30,0.009605525793176639,-0.002748825890112605,0.013376425804667136,0.006863986650468945,0.0007370733263127871,0.006022091296466137,0.008796838675559027,0.0026695692231568646,0.016530108024980894,0.009958928617588958,0.009791311414693249
2020-07-01,0.00726119625375965,0.007056243864730138,0.0057653957260577204,-0.003124532923401868,0.008248601614792905,-0.004323217894444342,-0.008424583112134232,-0.0010963147454512434,0.00491938519882873,0.00021432628523410102,0.016531567855914586
2020-07-02,0.01491414415762704,0.015217860919116921,0.02187353942097392,0.0175238843172274,0.014901450955975948,0.01553106694366746,0.024444881630090842,0.012856690349928313,0.011558314706814565,0.02250319846751525,0.013291640093900048
2020-07-03,-0.00698037487101455,-0.013156448151863898,-0.002952420350593954,-0.010501299918679985,-0.003886631174845445,-0.009702353877055314,-0.009748374299653695,-0.009597506912219833,-0.00188196519420758,-0.008383938772948296,-0.002932106998431494
2020-07-06,0.011962049784621787,0.00404324143384005,0.022209060995957985,0.018536867636629095,0.009248546501051447,0.014447009535856203,0.012342109865078665,0.005001617877634423,0.016161575060500866,-0.0033819455245764907,0.014703647660365027
2020-07-07,-0.0173039976303897,-0.010992581102799659,0.004055602195594643,-0.011114187859797453,-0.0022908940593405758,-0.0022916907726101554,0.003193051028024918,0.0006219795370867587,0.004373781900628426,-0.0042417975920887585,0.008999319146967721
2020-07-08,-0.012897099045674154,-0.015076492300394317,-0.015147187772365345,-0.009834247170730448,-0.014925386207986224,-0.015422517303360195,-0.009114653613691459,-0.00046625397892985365,-0.013723950016893749,-0.00021303804191552533,-0.01662882244645225
2020-07-09,-0.013693243152386292,-0.03240223106516904,0.002783103130935105,-0.012485786389262232,-0.00772142750596827,-0.01099816473707993,-0.006278293452878669,-0.0071528394018914865,0.00521808135931856,-0.015977844523694773,0.00415064564703016
2020-07-10,0.007514887107457735,0.007390315338034581,0.015629560460612257,0.014942541807862364,0.00323008689959825,0.008087672607824725,0.012342109865078665,0.012529413796024791,0.00732068510401529,0.019268309824782337,0.013319028218729212
2020-07-13,0.008596589320659875,0.009743241445435258,0.033223034649060956,0.015996590317370663,0.014781128051674086,0.010028388028724189,0.0,0.009744736868502413,0.013081367068940475,0.008283759016151748,0.019187166618315432
2020-07-14,-0.0051389137180754,0.017368586407613185,-0.04259462297577832,-0.00515538234008317,-0.0124025530195635,-0.006288285060337628,0.0113207367492425,-0.007965634999848037,-0.04095473411554451,-0.006951797399802118,-0.030240142578979445
2020-07-15,0.010960956742430694,0.015844699850106503,0.010613599445909339,0.013725497398265452,0.026869104084299433,0.029308945188866176,0.021383436527609323,0.015441630126823869,0.016863836316541203,0.012940191307798665,0.00993580847443587
2020-07-16,-0.007726652487183849,0.009336559456522897,-0.007912574231833225,0.005250083897779589,-0.00938560915214881,0.0008089182324813038,-0.0023886212353380065,-0.009428265304761041,-0.01752036401509227,0.0,-0.006810969751981921
2020-07-17,-0.0027633770848588535,-0.018065117408629594,0.004060307178280098,-0.010307835215669248,0.0124891626679704,-0.0014549006094388695,0.0,0.003070263280873897,0.008848373726924041,0.011308919696907616,0.001828723604551774
2020-07-20,-0.006297082280884325,-0.009198734930851438,0.00736571565518962,-0.00180530635445586,0.00581318118822538,-0.0017808096088128833,0.01070425543986575,-0.006427887855600556,0.016731856072827123,-0.00020712644524412127,0.008822648126158406
2020-07-21,0.012420668431284865,0.03668904743399182,0.010465997948868822,0.013912062022793936,-0.0038060933629646687,0.007135884330162767,0.0009754695197936591,0.009550258226572295,0.0026543408319432693,0.0024855581942038185,0.0031664518311065315
2020-07-22,0.005383027927910566,-0.030427233350366678,-0.012060244935161557,-0.012486289623348412,-0.011744755236450799,-0.007729461417561145,-0.006821738558723145,-0.014037201038966551,-0.00966251922496264,-0.006404986849540939,-0.016834509335773684
2020-07-23,-0.0016301295137319816,-0.0034498260759560084,0.001148956401125778,-0.0026399962950209854,0.006729685643585004,0.0,0.006307886189190981,0.015320300552322363,0.0012029399579291944,0.006654183693259874,0.0015288532412425226
2020-07-24,-0.009799296474434227,-0.0051367423081453145,-0.0183617672659242,-0.009055455205108087,-0.02432085256506522,-0.01168447611954282,0.0,-0.008535246965161503,-0.03297291549796688,-0.012187567743184635,-0.018317796274293974
2020-07-27,-0.002537205817831678,-0.011224646651317727,-0.007160570825431756,-0.0137775974620169,-0.0033527074731033446,-0.0054187491426327394,-0.003761028959710422,-0.004919287929465721,-0.006902263709949841,-0.016102059027135684,-0.00932987365039184
2020-07-28,0.016280360096785795,0.00022702407061414576,0.00912562694889818,0.001283008058786006,0.008336985109346218,0.000990612078476616,-0.000559190268595855,0.009269248308432676,0.007089164436035578,0.016790667977419904,0.00784809169703804
2020-07-29,0.016521177250337304,-0.0011349709487051829,-0.007292882406722434,-0.0008542200766360475,0.0005802279389435228,-0.00032987724577482336,-0.012730884434424161,0.0010714785376133573,0.0002761114327614056,-0.006898031563589702,-0.0046722021165748195
2020-07-30,-0.0022161226700502246,-0.031473637638636864,-0.009550307372914402,-0.016813911142912308,-0.011452607670073944,-0.010889289568813965,-0.020688665024604425,-0.010703433659091321,-0.006209529047284779,-0.011155520901306004,-0.004694059448934085
2020-07-31,-0.004565929903858734,-0.021116881937046306,0.0031152510467922223,-0.01057970336444547,-0.008358992145718225,-0.017347804875596617,-0.004196222152599849,-0.007573383104817033,0.016106688644521805,0.0025542557057047777,0.0034585498753221255
2020-08-03,-0.0017355427561787096,0.021931995156651007,0.01138711345446275,0.020360324606871316,0.022478506082924454,0.021218808406683554,0.017000845308537516,0.009967285450455776,0.04031151866548366,0.00785568489530486,0.01566659975656881
2020-08-04,0.01639169628507342,0.024627656576158286,0.0021933254454979956,-0.002440453369043416,-0.006797819277584383,0.002327117520005473,0.0035719389574293547,0.0020047014012556374,-0.003809285774200144,0.0,-0.000462715201919206
2020-08-05,0.0032985413795698637,0.01339128075168361,0.002188525297275312,0.0018707744517658664,-0.009465582397129801,0.005140984696737627,0.019219796628402674,-0.007540865925667495,-0.002241537146018824,-0.01053296791957814,-0.003240726602693478
2020-08-06,-0.00316604671564491,-0.01005192537945554,0.004658606543174626,-0.0014363332660290995,-0.00588053390510046,0.005939623935428129,-0.009079395582261673,-0.003876570139265789,0.004228884664563726,-0.0038322397380828876,0.006502526114751772
2020-08-07,0.0037868479882412487,-0.007644082883597636,0.0,0.005897567396630388,0.009612450016015961,0.008856767098877949,0.0,0.0029576968823874505,0.007237834810099875,0.017097653802247814,0.019843130035130052
2020-08-10,0.012291865574839633,0.026672838833425416,0.008114730347178911,0.02202199410530259,-0.002197069047309097,0.019346487951206193,0.0,0.00667391437434528,-0.012019834830687581,0.00798489318967932,-0.007692325395972643
2020-08-11,-0.00024086495804098718,0.02889131146126389,0.015667729942023367,0.02252697012245175,0.006018731887608597,0.02312600869690118,0.0,0.0018501810893118975,0.0037027078699694016,-0.006879337557995857,0.005775970030940325
2020-08-12,-0.0014429867174009514,-0.005441901635777735,0.004528724571745357,0.0012315030673064609,0.00452353077653056,0.0,0.0,0.009233586382341619,0.0018445242007103513,0.008396337762460515,-0.0021157531731793577
2020-08-13,-0.0015654853415564274,-0.015211200048591667,0.0,-0.016400148557878746,-0.0036316097225356225,0.0,0.0,-0.0012199119978798523,0.005786460232885204,-0.007285642842384532,0.0016658608650879092
2020-08-14,-0.0045832175800633035,-0.006333949228153224,0.0012679111529210196,0.002362122870804839,-0.00014571376832717142,-0.008261926444075418,0.00676622090527168,-0.0033587972626430984,-0.00823751118148175,-0.007129380632807769,-0.0046869762964920625
2020-08-17,0.0018175859882920697,-0.006150783133808679,0.00816099385880431,-0.010812318579297653,0.005832626351692127,-0.002200556303031842,0.012461487152983786,0.0038296569343576614,0.006064589238318874,0.0008447923298076088,-0.002734334708239139
2020-08-18,-0.007014831824104006,-0.007539145770947497,0.007815736869056344,-0.008828503475077687,-0.008988151876042405,-0.006616228291965731,-0.007191213672010477,-0.005035889473554267,-0.003407083149705281,-0.014771065033867825,-0.001066255814380801
2020-08-19,-0.006090163405808591,0.0005669064188122963,0.005400905616855134,0.006644978317493555,0.005705081716885996,0.003964478188322573,0.0,0.005828296021457735,0.007626484922892418,0.0019276109495622862,0.013113748782731083
2020-08-20,0.008456047802602118,-0.020849860536610088,-0.0027547789593064254,-0.012780910333047957,-0.005381858132102235,0.0,0.0,-0.0051845678223837455,0.0028709543075615684,-0.004702809143792064,-0.00045157425877440094
2020-08-21,-0.005833415629630578,-0.008910967034167716,0.0,0.001422710080896783,0.0,-0.0034749836665765033,-0.011422199252916654,0.0006131348380922219,0.01977884583787981,-0.0036512452454543487,0.007830153198212564
2020-08-24,0.00623397715429852,0.032344636779155556,0.016022044313082073,0.016053404677583538,0.001608666492686428,0.018544967202612783,0.0,0.011029430670447038,0.004848758965171118,0.013149398973427928,0.004781124400996983
2020-08-25,0.00498080178246596,-0.01798432871723732,0.0047581037946178295,0.00391497177346678,0.0014600449297719198,-0.004046095978634812,0.006763360846597344,-0.00575753414269653,0.004571436321924693,-0.005106418690782877,0.0056505735837031335
2020-08-26,0.0008460519878208395,-0.00829307788658662,0.010823912633269206,0.001810586595389907,-0.004373748919382248,0.0031249523162841797,0.011336672114556468,-0.00030485022285342556,0.01946657696430143,-0.008768174981377275,0.019074402883613395
2020-08-27,0.0025361217712769335,-0.005691032326459289,0.009369623694483575,0.0069512292296078915,0.008346751898997473,0.0017134052271099431,-0.004290135328308353,0.009298790008237745,0.009051403765997668,-0.003020483155497966,0.010737069009653766
2020-08-28,0.004457238854374879,-0.00046720127830901514,-0.007956584993737414,-0.000966446148409239,-0.009294211210800207,0.0,0.0,-0.010572375138521162,-0.007864332898113502,-0.0073577182281775455,-0.013063462397666759
2020-08-31,0.0,-0.008297311891171666,-0.002673398673560201,-0.011746826621061857,0.0013192075092387512,-0.010884729821431072,-0.006393316247164771,-0.004121573250745025,-0.0007430958655086917,0.0032701445252190098,-0.00916366577148442
2020-09-01,-0.0027582147938197688,-0.008720287302533491,0.005897365471207339,-0.0018179291571084333,-0.007905152024989426,0.0012576326928128712,0.0034969926908712257,-0.00030650894728967426,0.019335616666992905,-0.008039959326474722,0.003670008236851263
2020-09-02,0.004570098359840902,0.004160704784844427,0.009327074214233289,0.014149598205574598,0.021838622255340168,0.020568400086943273,0.022163423677604266,0.022079153855476097,0.013132318325733694,0.027382255382650378,0.02150070427112749
2020-09-03,-0.0003589001268187175,-0.005564097767259413,-0.020330045089469895,-0.007183319091014884,-0.013862802663865081,-0.015692314734825685,-0.017046228948417008,-0.005700642993341165,-0.03888619629904777,-0.002985142852680922,-0.015034366548754563
2020-09-04,-0.015329764253837252,-0.011190460349966735,-0.027759029564855098,-0.006817836058908622,-0.023283115331217297,0.0,-0.004023320035521971,-0.01554011463890681,-0.0484516083178691,-0.016680898359606733,-0.03343509417412316
2020-09-07,0.01860866966304542,0.015049362349405238,0.01815658393470554,0.016251075271798143,0.01739136004773001,0.0,0.0,0.011034501466714586,0.021128617779934133,0.016093990557504156,0.01037746511680604
2020-09-08,-0.013731245373400758,-0.036531801662884056,-0.012523797718638652,-0.024400336533698996,-0.012967834445962723,-0.005626767941970812,0.008079145057222625,-0.013794204112031916,-0.01657885819307381,-0.017337357708203105,-0.009526664233032167
2020-09-09,0.007021847820952276,0.010094765146403617,0.003446374370619676,0.009467275812592213,0.013287538743551153,0.010374093971908804,0.016719621922769656,0.015216808028196693,0.010454823403737157,0.017861025866904745,0.004508597938908121
2020-09-10,-0.0043280283528662755,-0.016087747801318608,0.010853151608613665,-0.006858939368393657,-0.00721976533570623,-0.005289361528385661,-0.0016309152432146812,-0.006964522219729763,0.0019400093956407627,-0.011555765478646562,-0.00014960016733533976
2020-09-11,-0.008573061365780177,-0.012015375030389297,-0.013862520346261231,-0.00126847424807075,-0.0005936615784785104,0.0068814300306410114,0.008440004823156544,0.0012197261094901712,-0.022331267970488566,-0.004546418937350305,-0.014664080249059852
2020-09-14,0.013883839802280473,-0.003008988404534896,0.008958124968981851,0.008326279359956112,0.008019022050696156,0.003261868490705977,0.0063445087619597995,0.0009137382314814424,0.011618760333151013,0.006089577687787395,0.0100227766680141
2020-09-15,0.014894925666644632,0.009557310794382934,0.009561597956435186,-0.004478665491291389,0.01104891028796029,0.008205704269106606,0.010328593045553891,0.005020450095950757,0.013312406767199025,0.015564229287228004,0.003608505151719621
2020-09-16,0.006391277267409956,0.008719443932312387,0.003517717412443222,0.006748187743923939,0.0018942865804358888,0.008292397001713692,0.005177899511797701,0.001967981950002251,-0.0034775456618872935,-0.004682869792396183,0.006292107220135845
2020-09-17,-0.009408274369346437,-0.001975771159605899,-0.01941478829123977,-0.011869789691567378,-0.004072117082575599,0.0,-0.00713249137574079,-0.00830945809746264,-0.017707156494091714,-0.009409722893560568,-0.022629142509496658
2020-09-18,-0.015790361316478596,-0.008166293806981417,-0.009074709633523637,-0.004946343017610877,-0.0018984356956713855,-0.00441670574707409,-0.0009312185250676119,-0.008226705066248119,-0.013026287681178084,-0.010794473300824947,-0.014318333869245525
2020-09-21,-0.03594679644020349,-0.038922131466910814,-0.025253221902745815,-0.03380200537083489,-0.019312358804572605,-0.03656116114314634,-0.03954728736414781,-0.010906284195304483,-0.009732080204554405,-0.009602763632464373,-0.017771634136587666
2020-09-22,0.001251257490116675,0.015057135972678104,0.020925284280471468,-0.0005880033714342758,0.0038788921522519004,0.010320761044829707,0.0027728349542843755,0.01226900020213928,0.025040396350544558,0.006170091950341794,0.020453133343806273
2020-09-23,-0.007123173975567498,-0.012148371476138453,0.011154425665742318,0.006912841542778381,0.010105517846989098,0.012572673638715726,0.0,0.0035287412681299646,0.0115576209675885,0.00591328205575925,0.0023126528437316107
2020-09-24,-0.011202196831535893,-0.03132687456108607,-0.011307221908188225,-0.016506045822754056,-0.015448036382232577,-0.01614156310106052,-0.01299602402336264,-0.008255631941512243,-0.012464283644695207,-0.009579765377432437,-0.011229034769651536
2020-09-25,0.0016549942312971133,0.005479135012401715,0.006415714552948426,0.005643859784800753,0.009115370995850247,0.007887679520653945,0.0037821021819490763,0.005087007672086807,0.01117546845647488,0.015607805194009172,0.005133788504619208
2020-09-28,0.03278695250506369,0.018208347159751614,0.023974440683786513,0.031457731564972446,0.015400576548598721,0.025512557035366923,0.018280735300693518,0.01702455003537362,0.021193566191715085,0.014502124629460322,0.017334776219014136
2020-09-29,-0.013535308914267352,-0.02845580753878263,-0.005007480709681378,-0.019902693542693806,-0.0075834424001850476,-0.009615343188278946,-0.006989202791540694,-0.012516878784782692,-0.001909874256816435,-0.009814360890879503,-0.0034991272857062272
2020-09-30,0.012972452781473187,0.0020153625749899096,0.006664928122113389,0.006720234510541712,0.0077883726014496,-0.000308162170665649,0.001518087382575306,0.00549775446703471,0.008929671561326957,0.0,0.010076333254855463
2020-10-01,0.004802513240674822,-0.030839368922851884,0.003648110191503795,0.0018865203646354356,-0.003207950055835407,-0.004008048793310182,0.00027554971958787533,0.0024301894138669677,0.005563313462886743,0.0157293588587899,0.003627522728684607
2020-10-02,0.01066185044380008,0.004288829522473447,-0.002961782772194166,0.004635003729952514,-0.004827411177710239,0.0009286110203834408,-0.00013768435514749378,0.0,-0.010184805369374716,0.00975814786653717,-0.004216849170586956
2020-10-05,0.014429345911260327,0.015153621183841004,0.0,0.014994246467342043,0.008966641500766759,0.010978801678915184,0.009920104747022096,0.0013635808771306213,0.0013973654553580683,0.004621874532679593,0.0
2020-10-06,0.005737559231254963,0.02076263791571753,0.0006751695031890215,0.011221590428035944,-0.0021853369349174034,0.004129768794794764,-0.001500690392521431,-0.0010591571902400787,0.0015222011214037767,0.0037641218386552655,-0.001058676572071593
2020-10-07,-0.00986485554629668,-0.019542653439728497,0.008096052748342464,-0.003090298651171719,0.0029202012538318556,0.0025894617668562603,0.006968089763956797,0.0007573925219679367,0.004813234927185883,0.009999990463256836,-0.006510253009578859
2020-10-08,0.00936302467228911,0.028474581443657332,0.0068264240728181935,0.009722384967824738,0.01019066710383787,0.004405969566574575,0.007734053167254729,0.007113685831300787,0.00768940623057901,0.010313531450518942,0.013562972845060361
2020-10-09,-0.00011901950307324771,0.005405390793352671,0.004387155353619665,0.0,0.0037469684178907947,0.0033278054556344916,0.002154351276981048,0.00330630023558931,0.0071303437254959245,-0.0008166785606612548,0.0031574061607273496
2020-10-12,0.00392460045278864,-0.004851783740528082,0.020648543952076714,0.010047450155511006,0.009045186498436664,0.006030476629530712,0.0067177213213747144,0.011234271659691597,0.024593164513754706,0.011646908680400747,0.018585142948949196
2020-10-13,-0.015756365999584077,-0.007510891886523985,0.006743569432634544,-0.00967113783308271,-0.001992023222539885,-0.003596665384239417,-0.006406023688490969,-0.001185036713422849,0.013334931538460104,-0.00727119385697339,0.013243106612326638
2020-10-14,-0.004573839105896926,0.014737129591005704,-0.006311965491509253,-0.004324795810857984,-0.0035643000025018523,0.005414357375814083,0.005775692717284064,-0.0007415549685823031,-0.010527542672221335,0.006917602075940277,-0.004792331051564402
2020-10-15,-0.0009671559591686307,-0.02289679286307733,-0.012704118943389187,-0.009667961794767699,-0.013306629178673646,-0.010022411132958875,-0.012419876325961421,-0.007420599886929113,-0.011123179532449345,-0.008890734016638646,-0.014154402414787381
2020-10-16,-0.006657071712402374,0.012051439926275442,0.010635471634000693,0.01259199590896909,0.0114559299016177,0.013901453078013493,0.009601172997534047,0.007476076862046321,0.007580422296637135,0.012028545601731722,0.0041444460858170995
2020-10-19,-0.005239534166220361,-0.01587720086875466,-0.012992074628303651,-0.007964253136901522,-0.010322598146281337,-0.006408350446410527,-0.006830995328350076,-0.011130899830393726,-0.009464948113453886,-0.00846088183137439,-0.011939836701546414
2020-10-20,-0.00036766084992700954,-0.011965612079583687,-0.0082928112766808,-0.005915467247700534,-0.010430265586489629,-0.004349796362562719,-0.0074174381718098426,-0.0042022931238003824,-0.01715048319967638,-0.002438089061476023,-0.012531718598498554
2020-10-21,-0.005513437215944217,-0.014423723897723617,-0.008362055800912316,-0.003400420451733277,-0.012004094922135722,-0.012955719281944944,-0.004211923437780318,-0.00904293124219313,-0.005608931307589549,-0.006517305596106637,0.01465480022439225
2020-10-22,0.006687037528491979,0.009388352822891743,0.00013387948538401417,0.007392670794510003,0.008593893160664168,0.00045797329409014154,-0.004229738773656844,0.0009125103968630199,-0.006016492039150334,0.004920083732528946,0.005062525236123605
2020-10-23,0.005547934139676691,0.016960754298871894,0.0,0.009031912222663419,0.004994916538996419,0.0054919999022320365,0.006851191792285549,0.001063663537776316,-0.0031525849984750387,0.005915971293741773,0.006074057685004242
2020-10-26,-0.01875946430530273,-0.034297258426822186,-0.00548720095571642,-0.019860167338495716,-0.010232488527470052,-0.01957215663559342,-0.015786657717945185,-0.011839690525433433,-0.017583799316722826,-0.006692391439141909,-0.009276943950533023
2020-10-27,-0.0036233567254539967,-0.010863453160477432,0.0008074981827441707,-0.010559344011410343,0.0013292566607905343,-0.008820793416855266,-0.006222302961021664,0.0038402458657411653,0.0043780108403022044,0.007349951280443134,-0.0011891161779546966
2020-10-28,-0.029596414409978067,-0.02112082376402702,-0.01842144273209667,-0.02119986092364201,-0.02271387678775949,-0.021389581285030546,-0.02935857144449472,-0.02234122599177757,-0.026666690141726734,-0.022496972171033636,-0.01860119105694724
2020-10-29,0.0020679226312438903,-0.0018699670857533768,0.007945230562393046,0.004272845835326056,-0.006036847464274242,0.004307601411121409,0.010894416335478052,-0.0023477494539770882,0.014884153188437832,-0.007049557450029442,0.020166850352010046
2020-10-30,-0.0020636551520519797,0.010664343617412086,-0.01739601450725492,0.0005868818851411106,-0.0022775816047492237,0.002065147999041228,0.006381233679212839,0.0010982066674132263,-0.021544498330444917,0.005637929864372282,0.0
2020-11-02,0.018868225967588748,0.04135176976754518,0.003042788133094554,0.026392936042225035,0.01445753448292475,0.0247304615299766,0.01874033828629429,0.015044589392176677,0.0018570021326682618,0.013496709467158308,0.006539784611073296
2020-11-03,0.02447980785793491,0.010406711474864494,0.018477716896216467,0.02285712105887283,0.015301478953356096,0.021039613601378848,0.018672177277152535,0.013895346186886925,0.01496100756090879,0.016594909563698135,0.0032487172678778986
2020-11-04,0.011638257136640906,0.007589070936552922,0.025724363798781402,0.0002793759666608331,0.04757684997316525,0.009393981008818608,-0.0012220497680984765,0.01020250019227431,0.03235058190800544,0.003627575756760315,0.03385340212496435
2020-11-05,0.0070981622174830505,-0.01694686328049222,0.015047509998726172,0.005166113030909969,-0.003526093012970466,0.008405847125583898,0.016041331489113464,-0.006029453098656767,0.022870831091142296,-0.002610463255157791,0.009681070352759003
2020-11-06,-0.0036456975349672405,-0.013681749134464516,-0.01040316041461442,-0.006250878876669974,-0.007077140682252514,-0.0061030613314508875,0.002140803675175551,-0.0016681923912470475,-0.0023470638563852786,-0.007650438240916824,-0.00944725214183395
2020-11-09,0.048054559539520314,0.11124976510362994,0.02812088610456631,0.06975120017463143,0.0158232442795041,0.048075585970551726,0.02363146337793931,0.024153065375437377,0.03145122397647704,0.03367822715720781,0.025907427887459367
2020-11-10,0.014430232332612425,0.03482714935057052,-0.025562372886082874,0.012805442461025551,-0.010103861901753386,0.008002251096466573,0.0018259996477363316,0.0,-0.044537894093017116,-0.005103084049796314,-0.026085712656212623
2020-11-11,0.004703485441024835,0.01688785813835647,0.01678907155249476,0.010837325688517918,0.01190808515719377,0.002268160343610548,0.0006509966586012439,0.015574059333651302,0.019474847632577452,0.018346820484736792,0.012394912740634867
2020-11-12,-0.007992673269562878,-0.018861256343121857,-0.009158915314996463,-0.020293544239594175,-0.004763187881382858,-0.010042420298722599,-0.01053860983816668,-0.006572288149757632,-0.00012327010482748868,-0.012398283667013454,0.00014071594825026956
2020-11-13,0.003222891563090302,-0.003506260743393219,-0.003124565439368121,0.0059927049382524356,0.002956068155494096,0.0017145699420595406,-0.0002630410474451228,-0.000587963659314461,-0.0071489488634948195,-0.0017654012043158973,-0.0012663324445388868
2020-11-16,0.019045452730714896,0.05168655841000902,0.013712982316085753,0.02602949153178713,0.003228117290296151,0.02139495060535679,0.015520193661993087,0.010738389106957902,0.013531921745431053,0.0035370467151625284,0.012116084117621106
2020-11-17,0.004728694198908201,0.010959772834519654,0.001674790631512657,-0.00012620567191279353,-0.01231120371411032,-0.001256863098980987,-0.005569230802675351,-0.0018919699483352925,-0.005511966580186489,-0.004111985230615511,-0.005428735279710439
2020-11-18,0.005490930882612544,0.010384635601818903,0.006816704556872999,0.011486948252995566,-0.003965988461026804,0.005173416721879764,0.0053399800550650856,-0.001603975027917759,-0.000739071144031378,-0.006488435452112862,-0.0009797018196092688
2020-11-19,-0.02206636206750512,-0.02913941395669062,0.000766448128888042,-0.015973956465651584,-0.011092132859526815,-0.009180637617446918,-0.011270925237273244,-0.013582595130647968,-0.0013558562070200564,-0.01761328737678669,-0.0022414953741518584
2020-11-20,0.0035327086009016018,0.01268034080655589,0.001021213106899177,0.002536459143432479,0.0027322755091281348,0.0018250350595458986,0.004061812890897798,0.0007402342565232534,0.006047957460709075,0.007252228339604594,0.0019657313307244184
2020-11-23,0.007267763353081325,0.0420448223645995,0.005228304918167392,0.011132171837268334,-0.005162779191459244,0.008408050294131497,0.007177385768903699,-0.0051782585158225425,-0.013004602627989859,-0.0026000213623046387,-0.006586313103325803
2020-11-24,0.010146610793304589,0.0573254876423428,0.01471515927655176,0.02777431768080918,0.0024506005797106933,0.012090088349789196,0.017102872371143274,0.00044614485797067616,0.009819775581043189,0.0032083386973928985,0.012695679629475487
2020-11-25,-0.010044691220946866,-0.0100093547787925,0.00262531679061051,-0.006329889812599188,-0.009778548982215307,-0.00947415109238725,-0.004203844981588323,0.0026757888235204863,0.003692799847937911,-0.0023985395725099057,-0.000835776855350856
2020-11-26,0.003156968839141072,-0.012006353007750215,0.0031172071011591473,-0.0033076597933109353,0.005954052121416975,-0.0031881858814107877,-0.0006395730271763211,0.00014828964689428403,0.006009294312826263,0.0036064978105807555,0.00836469314933308
2020-11-27,-0.002472529706119442,-0.0041572923252342076,0.0006215419969497482,-0.0024581495669900866,0.0031759958331851745,-0.00041727725161022633,0.0010239912806921936,-0.0026682524105935412,0.002316255567886172,-0.006787785018010695,0.003179903353616398
2020-11-30,-0.011717115400963873,-0.03318351737995384,-0.01428573324073179,-0.015032061951697484,0.0008635082721677456,-0.008903720285242556,-0.006905285258389626,-0.008472052692718224,-0.007175917763627915,-0.009045241466119625,-0.012127869377111744
2020-12-01,0.013907881191831395,-0.004760769435285805,0.004788971520099494,0.010507894804496987,0.005176140827537479,0.0035092645633998387,0.010301253987109904,0.0011992479711082638,0.013965446870092935,-0.0006084945184811064,0.012416259135442642
2020-12-02,-0.004947078471549626,0.020469463644417152,-0.005894910333805403,0.0014855265933815254,-0.002860886384778105,-0.012309375852757487,-0.0022941665469813355,-0.007486150518733692,-0.008215541050559438,-0.011568899726575932,0.0008267937146069215
2020-12-03,0.00971756923977618,0.003052423079146438,0.0026494963261760596,-0.001236122211769941,-0.005020778636031453,0.0031157232516845212,0.00217166800710622,-0.00392219237652125,0.0013400001858787647,0.001026678362982647,-0.0012391332107593023
2020-12-04,0.006714103378008263,0.03467017027869557,0.00037748557740124866,0.009529661514071197,0.005911130754137517,0.004517855238624469,0.007903158326329596,0.004391957002705116,0.005474508447002258,-0.008615347055288436,0.0001378449813875804
2020-12-07,-0.0013339056858239218,-0.0046219142326268114,0.0008804993059650101,-0.008091208541704864,-0.00028660805544689083,-0.002951497961616645,0.003035258185099421,-0.0009046676548527532,0.006412568294156928,-0.00020695501451528653,0.005375607679818817
2020-12-08,-0.0035617310483810893,0.005909640866535337,-0.0011310335331882193,0.00012364409924159325,0.004587809244791741,0.004369855482452278,0.0015130847342843534,0.008300564512999653,0.0018033364429979049,0.0008278335219367161,0.0
2020-12-09,-0.00927183385476038,-0.004091435079808692,0.010191211932341737,0.0029659129787507066,0.002426119162062257,0.0033683910704496167,0.0032733493041863237,0.0014968733298923453,0.003960180292852389,-0.00020682663573678983,0.0076775095581529396
2020-12-10,0.0018043185318639132,0.03002210539301675,-0.00884293282322468,-0.005174940363042557,-0.0008541793909235817,-0.008252851524977123,-0.005270495488422955,-0.0013451496392029583,-0.014941428941941837,-0.0016545608869096284,-0.013197295691007471
2020-12-11,-0.003488971790160389,-0.021169951046408397,-0.00791662312536734,-0.00941295643395279,-0.007409470515890804,-0.001410415683624433,-0.005424502628806338,-0.002843496591948713,-0.011891800914749617,-0.005800679027170852,0.004274112540804564
2020-12-14,0.0040657915422104285,-0.01619472692142554,0.015199551919215626,0.0020004743331285546,0.0033016898571334163,0.0019773924239252505,-0.0013951418831328333,0.0018010318404428904,0.013754178341945034,0.005626101971726971,0.006452489271327577
2020-12-15,0.004724747994727219,-0.002230236579283007,-0.001122944049553043,0.003493870494501783,-0.00930035100236648,-0.0007048639700726334,0.0030483659791231688,-0.0041947382666198685,0.002059335707579768,-0.0010360389307813023,-0.011185347212063657
2020-12-16,0.012314767663679893,0.01032455174771596,0.006245316203439266,0.004725206127422776,0.005632573681122466,-0.0005642673983883295,0.004685261636927729,0.0025575171629810267,0.011847143533331828,0.0058079775837274195,0.008552875872691157
2020-12-17,0.0032077120393565473,-0.012958195968023167,0.005958333806855842,-0.0033415190379597615,-0.0012924937733816977,-0.0016936502437798762,0.006680191998424512,-0.0004501617582778339,0.0070490321242184795,-0.0022685214795612474,-0.0032826824559273327
2020-12-18,-0.010693652909959162,-0.007364739133085774,-0.0018509566162919766,-0.006705622083273188,-0.0005752216709909996,-0.0014139134563723177,-0.0010016505359154992,-0.0016514128410691775,-0.003559177227420718,-0.0026870827872079728,-0.004528611439367003
2020-12-21,-0.023401182947216825,-0.03354841594186564,-0.009642709669703486,-0.007751003137444257,-0.013093577872077322,-0.011609793667159418,-0.010402328882454848,-0.013684265595629741,-0.009524889185744012,-0.025492218491944607,-0.011028453057867704
2020-12-22,0.008329610932000575,0.00144642728111255,0.004368973554543576,0.006299633615789002,0.01224674168441564,0.008165015252232344,0.0046859517587658495,0.009300208025765144,0.025604005179807654,0.014674577201010175,0.0025090781183449984
2020-12-23,0.010863765579675277,0.019442198555598367,0.004225751567908942,0.01364714277108714,-0.0004320722910128305,0.008098887710549452,0.0081936406261931,-0.0009063075734075943,-0.0045710195856001334,0.008803227660913349,0.0011123327448230302
2020-12-24,-0.0014553577194851286,0.0,0.0,0.0,0.0,0.0,0.0,0.0,0.0,0.0,0.0
2020-12-28,0.0,-0.009154276054012311,0.008168267423109832,0.007781704695255964,0.0017290362326973785,0.004933137682457511,0.003375801847137483,0.010583564479919705,0.010479210955497864,0.007687490622764193,0.008333391834189907
2020-12-29,0.01121058624282445,-0.008139062749609183,0.002946205087980047,-0.004902556674597824,0.0044592232876523585,0.000280457815014179,0.0006230909876363544,0.007480550978375078,-0.0032626285282282286,0.00020615095944753747,0.00413219449385771
2020-12-30,0.0031043676883830695,0.001552443946515547,0.000244850345265224,0.0017243426795134909,-0.0031505257759464333,-0.004486815706582825,-0.0012454059740342194,-0.004900419061568573,-0.00479312202152371,-0.0008245125172953172,-0.004663912218007105
2020-12-31,-0.0016579001355285783,0.0,0.0,0.0,0.0,0.0,0.0,0.0,0.0,0.0,0.0
2021-01-04,-0.013506025330006777,-0.007639425776533981,-0.006975032872121534,-0.005410134463030292,0.0020111965008029475,-0.006056342326419495,0.012842973165648974,-0.004775401949303926,-0.0124515164195097,0.004332557854010544,-0.010198440093225125
2021-01-05,0.0003365545284106375,0.04976013437199378,-0.0009858512575526834,0.0016071811949425197,-0.00043009002576166466,-0.0019838371865361637,0.0022159337404534796,-0.003898667367105091,-0.0007136619342398287,-0.011503725755553806,0.0027847369089879503
2021-01-06,0.005160444488778282,0.03262824886793614,0.013075090200862949,0.039866692766565404,0.01362588829043343,0.02413739799625203,0.03291969727583499,0.0,0.001904487901992935,0.0,0.003610111410530248
2021-01-07,-0.009932983609130863,0.01173325700797534,0.009131864423248759,0.013887195668949026,0.009480659209069264,0.006793366308368132,0.015578609169209834,0.0025590571754381397,0.007722484733506008,0.029509601312598388,0.004565577147441102
2021-01-08,0.0049601111064887515,0.00488304537801687,0.015082046831854212,-0.002107193799308127,0.010232736114479835,0.004544122682172302,-0.004800979564211438,-0.0012012287220363183,0.010610723050189064,0.0028259868199671523,0.0012394744980124273
2021-01-11,-0.009422892878959588,-0.0004050074561920969,-0.00023768743277352566,0.004809879367585479,0.011794067957823673,0.00287877618440735,-0.0005882506603119841,0.002856320670395762,0.004782968115681907,-0.0020128517211517316,0.004539201163298978
2021-01-12,0.00011365052753142812,0.02820544544773096,0.002377802244571292,0.013660313551206116,-0.007542449755539193,0.0025969765240747567,0.0018836358384286545,-0.0076450628575885915,-0.004644071859278953,-0.007866139369551717,-0.012323723526902586
2021-01-13,0.006906595481411815,0.000738704231618037,0.0009489008821177425,-0.004952801250739158,0.0004145195268532298,-0.00013636177830322893,0.0009400920386504197,0.0016616407163518865,0.006065515253760312,0.010164667899147162,0.004713766473540826
2021-01-14,0.012144401587180997,0.024852415142696316,0.005569394763626168,0.009839106233071382,0.005939230609298907,0.005454070709739689,0.0019957521523392696,0.0,0.003362329455389501,0.0006037954281208346,0.0006898906380228276
2021-01-15,-0.00477717309693404,-0.018727552591072394,-0.012726865699821177,-0.012379619660601748,0.0010984735554486758,-0.01369669834682996,-0.0175746927570809,-0.0006032410948589861,-0.00912873708307993,0.0036202795807822596,-0.00634307842445947
2021-01-18,0.008260950812325252,-0.010276441887001164,0.0017904216765871617,0.0035979731543340776,0.003977414230792675,0.003299846730264955,0.0013118737311070827,0.0019617457280511896,-0.002798808906933292,0.002404788140588199,0.0026366991115780447
2021-01-19,-0.0026573797951333633,0.01137204142883741,-0.0029786726926126494,0.000231277318047729,0.0024590206650290103,-0.00013707189342393455,-0.0023820503861722298,-0.007228966052757024,0.00046779224100146344,-0.0021991325338840406,-0.0011072521949854197
2021-01-20,0.0089919689039899,0.006110975334452817,0.01828392416009872,-0.0012718965228654122,0.004088349182158613,0.0027412908463053665,0.009789871942583517,-0.0006068100218210581,0.026767892512491898,0.0004007304713447013,0.03921296827926213
2021-01-21,-0.0053095399634591756,-0.021380006593235246,0.011383654865921411,-0.0064829542575245425,-0.0036644495378407305,-0.0017769939352781927,-0.001773486907443278,-0.000910709791971609,0.00466761929875581,-0.004205869881616753,0.004533322652181093
2021-01-22,-0.0012257102783925777,-0.01976160982502395,-0.011835653741638974,-0.015497485853515736,-0.0028607370030084844,-0.00807882168632712,-0.013857611805238701,-0.004102045644458374,-0.0028328611898017497,-0.006637204805966079,-0.003451025108128558
2021-01-25,0.00022290863930196636,-0.015499936524768776,-0.004109982250639077,-0.010178771316719515,0.0049180413300577985,-0.008696919679455961,-0.009488360500336523,0.008390471346416462,0.0004545558582653708,0.01073089260673199,-0.0038625207576274967
2021-01-26,0.009478299133912182,0.003910182293297204,0.007546272940360366,0.006217869938800913,0.0033985863009424744,0.003620695516920458,0.00885165171254787,0.004387305933764685,0.007155806983946356,-0.0016025244249144865,0.010295512795990946
2021-01-27,-0.005301810264978002,-0.004407469197911573,-0.012404887026921774,-0.018657110959525602,-0.015038621420768838,-0.017621710121328182,-0.024519150973068782,0.004217484287859952,-0.006315524643710657,-0.00943020102857528,-0.014293313280425601
2021-01-28,0.00510822708401415,-0.013075244636158945,-0.005569394763626168,0.006296929452933142,0.001375599830998997,0.007768296591190937,0.0011088754784351895,-0.004049747269862181,-0.0022698552588443777,0.005468917634294135,0.00201394556629797
2021-01-29,-0.00563470555880663,-0.016065123636417877,-0.016325013668726074,-0.01973531924045291,-0.015522044442898064,-0.019481421434824453,-0.014030761718749951,-0.02033130185388543,-0.022409295172765686,-0.013698636453198354,-0.025190905782968454
2021-02-01,-0.004222496061553005,-0.009435935826779152,0.014900008262481501,0.009206949436294964,0.008092672608801532,0.010005783116027622,0.008363477266766228,0.0036894366258304334,0.017221266994355888,0.008986978137950796,0.016494829413884915
2021-02-02,0.011604843801474862,0.027828241864779724,0.030914347159493927,0.029315190822453374,0.011349476744971776,0.024341827089812584,0.014978944079691692,0.013325206530593325,0.02150543264916638,0.012145717724457494,0.026774841749063194
2021-02-03,-0.0049636317938017704,0.012704435931366831,0.001505120403890503,0.0011817807856373541,-0.011495775850538625,0.0016579545611459245,0.0004878755527448764,-0.003023043630078659,0.0006718651348642801,-0.002399978637695366,0.017252738453905847
2021-02-04,0.009533383220616587,0.007403552395012003,0.006473960214956609,0.021128411029121663,0.010798819646212765,0.009517275053879226,0.0029257328701814966,0.003941815340195776,0.009288292584887614,0.0038091143271934413,0.0041429395319365625
2021-02-05,0.005380599270359276,0.008471999968071353,0.007006669279320921,0.005086079276340749,-0.0023285275080888734,0.0032791071972113617,0.004497420222189907,0.0013590506830507554,0.0017739885617453766,0.002396623379591789,0.0076070158509007335
2021-02-08,0.0007643872790941142,0.02252022721000757,0.002509424264834248,0.004945396522329615,0.0023339622032820806,0.005311172382236107,0.014520776344445485,0.00030167807566661153,0.008854488824224571,-0.005977271274538398,0.005886116887765969
2021-02-09,0.001527706108839677,-0.007671402486057355,-0.0040960361002569945,-0.0013733215883032779,-0.003287296070971668,-0.0031157322932056086,-0.008110600017690262,-0.001658383948665354,0.0008776942371413465,-0.014832589152588227,0.0005088042299901119
2021-02-10,0.011768628385464774,0.007980042568598522,-0.011653109302997788,0.0014898565816316989,-0.0009619307139392408,-0.002853636294645856,0.0006011955286391313,-0.0022651996845933775,-0.00800179031099546,0.001831132244024536,-0.0031785911325867833
2021-02-11,0.0014000078931615256,-0.00791686564375138,0.005432911907261362,0.0004576850825437351,0.0015130758592722948,0.0024529887150874785,0.003725484461056805,-0.0006054323552612262,0.013370155629532032,0.00020305282681531978,0.006249972630520739
2021-02-12,-0.0010755288628115922,0.00822947240927352,-0.0019545388799561136,0.0051469834309587625,0.0070045619191243524,0.00598154507897819,0.002394690920444642,-0.00045432045814730593,0.0051248634325054,-0.003654828531487908,0.003295731155956272
2021-02-15,0.010336017740760761,0.031412328671219125,0.010137137513666294,0.01456534568089074,0.005182723063278827,0.008108087488122973,0.015647366692462583,0.008484811493844724,0.007593805011116839,0.0016303613521955196,0.00833859571185136
2021-02-16,-0.006713501458492033,0.008633108003957446,-0.006614229842703434,0.004822708144010424,-0.009497923707293743,-0.0030830527110379258,0.0010584966315096977,-0.005859366044974945,-0.006352243274521774,-0.011190295720911014,0.003508317017548057
2021-02-17,-0.0047206296618180765,0.004041801317040905,-0.0022959126029258314,0.0031254417623143294,0.0017807842933967866,-0.003765045022864122,-0.005874059960836564,0.003778147301163548,-0.013977688836606217,0.00020580527869351606,-0.0022474278239756895
2021-02-18,-0.007006664593986689,-0.0066303287315178094,0.000920425708082595,-0.009903271091063037,-0.006153383907328891,-0.009043031476068109,-0.007917818206014005,-0.005269474311499378,-0.006483476240556341,0.0008228947752537685,-0.005881667768804388
2021-02-19,0.009335721757766091,0.0021454148021708974,0.004253394133443722,0.010789017075572227,-0.008943334110479095,0.011985901726496051,0.011316314617884071,-0.005751434163359548,0.010065213979149723,-0.007399806763830452,-0.00037761614427567203
2021-02-22,0.004409687896153924,0.029257838141055537,-0.019001873288822746,0.005781530974850346,-0.015132533060710163,-0.0017497291719078545,0.005771470612049079,-0.010351655958337425,-0.024529105029076015,-0.022571963800427475,-0.00780755546406986
2021-02-23,0.013170594305639938,0.002542191106721603,-0.020886736871342793,0.003758611375903609,-0.005356708059410797,-0.0067412702217020115,-0.005387036980450177,0.001384346022663241,-0.02121687641220449,0.003813565725980128,-0.007995964041673798
2021-02-24,0.010674098510757846,0.03964954734106896,0.008699746105108375,0.013766519939460542,0.007227921681926874,0.014388559988252059,0.00894857098198032,-0.0018432430107536701,0.010322214374167471,-0.004010182294700626,0.008444215055023019
2021-02-25,-0.00010468659344120557,-0.0035476685770603478,-0.012405518186785702,-0.004779975263521807,-0.010834341443264228,-0.007493712870766611,-0.007118690546994322,-0.009079777420821,-0.009081569481450558,-0.009112106753323967,-0.009388465114298139
2021-02-26,-0.025726785029105637,-0.03182021248051159,-0.007656411265546725,-0.016155519386050754,-0.005405474627543372,-0.011729744353044413,-0.022802096845961017,-0.015064470102465366,-0.003895107844186896,-0.0036355469428455134,-0.002945727467658199
2021-03-01,0.009553595533319914,0.03148707881939883,0.02242315465680056,0.021857374205293434,0.01616139748862855,0.02414729289733586,0.023213859987303298,0.016240914680461627,0.025531929828871647,0.011375805485320134,0.01579963357345271
2021-03-02,-0.014035017498694624,-0.00980397573383407,-0.0038909823270796284,-0.0011943191661096808,-0.003377980054261598,-0.0022645287016970217,0.0042318162882686305,-0.004034049947973295,-0.0051586754953288905,-0.00891337390632052,0.0010116207651609255
2021-03-03,0.0026958747713070608,0.017101758769490605,-0.005208362025593383,0.014349381925970128,-0.012568838021947193,0.004005279255697047,0.0011705311221337222,-0.0023368362700380008,-0.014203608941880996,-0.01820133351031783,-0.006189968047211503
2021-03-04,0.0030115394917515914,0.027876068589943515,-0.01951450942149413,-0.005036965993248543,-0.003861508154133886,-0.008377623390750655,-0.009587275885974966,0.010149929990417972,-0.02264146136804257,0.018320614624709464,-0.0044490051850812895
2021-03-05,-0.025091205914866133,0.013129587222816541,-0.030339805263411734,-0.00269286634384458,-0.008470982833588825,-0.010862244359778006,-0.009207871416915703,0.006647090569601666,-0.024570006366308794,-0.0014992438826968435,-0.007916215471466703
2021-03-08,0.02661685559171989,0.01720844228898688,0.04943675685616622,0.03607307417575778,0.0324356439668787,0.04175697007128032,0.040748220618490816,0.01643119855182107,0.03490459322114092,0.027456083726306257,0.0316602076813004
2021-03-09,0.005785045873168304,-0.0008354409907058713,0.01180677259135643,-0.0034400073963688493,0.004207509249971597,0.0024727023745647614,-0.00629645600424622,0.0012085541427644397,0.007185938286438764,0.012526063778869334,-0.0032435159127154334
2021-03-10,-0.001703884249773191,0.0014632043185818233,0.009193852455920526,0.0033472370929015227,0.00013969464306740065,0.00025969457066010726,0.002304112225928412,0.0036216312859760347,0.0036823899793478887,0.005567019747704682,0.0005006491908330357
2021-03-11,0.014511131358303953,0.012940908659139883,0.00794207291943727,0.0,-0.00446864533021607,0.0053211682865144105,0.008965503210308867,0.0004510416228138414,0.011006639200146884,0.0034857118587181546,0.010507894804496987
2021-03-12,-0.0014727512331901282,0.0026787774857865987,-0.005909642157539641,0.004587121757823054,-0.0028055067340188033,0.0018073765982848933,0.00045569510234244603,-0.0003006352898361486,-0.012814666018453602,0.0,-0.006808653714814095
2021-03-15,0.014957255952848358,-0.015824094948175826,0.0110735160054094,-0.004566176151846846,0.009143361363945557,0.005025765429344631,-0.0047824888454203185,0.007065562904716716,0.009764485288021207,0.011033938101351781,0.002118932926013839
2021-03-16,0.001245117666686335,-0.012111046643337176,0.007493676987400555,0.0025021025675135977,0.008781780060947986,0.003205539259491852,0.0010297063652107141,0.009553655919648518,0.02025027017516967,0.00929666711253696,0.021641764577428058
2021-03-17,-0.0035240274642674985,-0.006552554730341442,-0.0026318312066072602,-0.0012479288378076658,-0.0038690949020950827,0.0011503574864850652,-0.004914851019259703,-0.0007392492147522134,-0.013715470035102206,-0.012214593761083026,-0.01071333656797746
2021-03-18,0.002184297177910688,-0.0057446905907164725,0.00435976637737534,0.018533891583000006,0.0026356283958692828,0.008936511322340746,0.013553874779075326,-0.005623037474347559,-0.0037308559982569545,-0.011554905500989698,0.0004922114058549809
2021-03-19,-0.003217163743159168,-0.014551686536208308,-0.011080662674874064,-0.016458730819514544,-0.0015218679054967987,-0.009743093191950325,-0.012239281820105252,0.003125100050658247,-0.010326868290351565,0.011279800465352485,-0.003198034750577783
2021-03-22,-0.009267103444358216,-0.012160642081901929,0.007970456784551772,-0.013408238215367185,0.006235341402992534,-0.008177860620734001,-0.0057365761701702045,0.005192085077987185,0.014218528572262246,-0.0006084484518061872,0.007280357180682762
2021-03-23,0.0029425708447916588,-0.0035172530558038595,0.0009167338952762449,0.0023177743016913332,0.0011015450101166113,-0.0015460286309679772,-0.002192504423921715,0.010330533148963816,0.003165702864356801,0.015625009676078827,0.0035526499948712598
2021-03-24,0.0026196959708191248,0.017427687379638845,-0.004579733378244355,0.0043094772413250215,-0.003851427662317719,0.006322553080897242,0.0047414829065213215,-0.0005842961738574681,-0.004169984589019182,0.0037962526334178737,-0.009155366134900866
2021-03-25,-0.009510952848652998,-0.01300950754589647,-0.007016339926637083,0.0014651950306332484,-0.0027616259776149787,-0.0005128980205540978,-0.0033379480282607066,0.0014615386845548972,-0.010185621544387735,0.008160824715653492,-0.012566131271977476
2021-03-26,0.01340126312961587,0.02065023324376236,0.0026641459824032765,0.010450352726936396,0.010800315232801116,0.013085366419426592,0.01824693264669075,0.007880924430576197,0.010747798436384182,-0.00157950303345622,0.0002495140306724153
2021-03-29,-0.005206396394690449,-0.0015066658674905975,0.001501904880767846,-0.0045505919359727365,0.010821930349689701,0.00734458429896323,0.0041964699361007884,0.016362654543301325,0.005542962164158949,0.014237714555035197,-0.00037423716167872545
2021-03-30,0.006803614546926795,0.0023712138779659053,0.011535355540864156,0.014753267362520361,-0.0008130852127571364,0.006662460829222505,0.004404781856965689,-0.0002850017347931777,-0.0009000093554281108,-0.01033344871385422,0.010232066305474685
2021-03-31,-0.004990312605636871,-0.01182794058194725,0.009009019198684687,-0.008907534700679842,0.0014918347477150817,-0.0029970715244288515,-0.0039356625764086495,-0.003990291956723957,0.015426222094850894,0.007289258447927605,0.006052463162031119
2021-04-01,0.004388316254041902,-0.002393919663224109,0.003842634776120679,0.00227266099558876,0.00013545688957927737,0.004383844182987762,0.00045157952924457234,-0.007154099361375232,0.015302697369127927,0.00019554706286606383,0.008471367291396525
2021-04-06,0.013419287906579758,-0.0008726203183724301,0.016212592280499205,0.0030922168298850305,-0.0032498018785150906,0.006110460766322712,0.015120698446856151,0.008790900932657442,0.015181295617214374,0.005279633574229559,0.02081817456698909
2021-04-07,0.0032847780177760466,-0.003930137733061945,-0.0035453100736828613,-0.0028770938059972107,-0.00991717634670053,-0.010287578432265354,-0.006780798316580405,-0.0028570992606026246,-0.004626146522793584,-0.002528711700079511,-0.0011926331077953822
2021-04-08,0.0032739305465665502,-0.015124915450770215,0.0011118353503074552,0.0013396057268415529,0.003979156510104609,0.0032561320125101822,-0.0005595458670070164,0.0037248495052808472,0.012429761863432587,0.004095220440112568,0.003820846329874117
2021-04-09,-0.0023455282566378077,-0.002448266405617905,0.0022212010907221025,0.0049398307765433636,0.0027334232970037675,0.0057420931340401715,0.004815232816135051,-0.0011417956672529206,0.004697367887342763,0.0011652273575053496,-0.0011893987983272458
2021-04-12,-0.0024534680366009587,-0.0017848732017430313,0.005430025540379635,0.0033794153825268403,0.0031347378891815048,0.0007446637560011293,-0.004012042760318746,0.0004286764483829586,0.00010628133211776358,-0.00019395386384435387,-0.004406413570272827
2021-04-13,0.007685327559554533,-0.0037997759782024687,0.008045802937615365,-0.0027557079323352607,0.00013589859290541462,-0.0017363189187322714,-0.00033575481447045696,-0.002285440040382114,0.004568638893196253,0.0011640969640664967,0.002392399352277197
2021-04-14,0.007321678502077988,0.025802143454186632,-0.0012027182533641545,0.003479725416753121,0.0012226102043799703,0.0003727019517090202,0.008394896247403416,-0.004008572446864256,-0.0032787432890782897,-0.0013565832731434746,-0.006682548340646521
2021-04-15,0.0015141824259377046,-0.012248498651339368,0.0006568712533179255,-0.009077072833676092,0.016825041309498134,0.0007452209449818614,0.010656085613174993,0.008336953192452645,0.009550101297539415,0.005433778393696409,0.007448260249048211
2021-04-16,0.007660557992686945,-0.0024357974030831953,0.005907376266265807,0.008954389709268762,-0.000934076495112901,0.005584474286630892,0.00966498873061794,0.002138296829880648,-0.00157663997100288,0.007141457673759177,-0.002265687351748924
2021-04-19,0.0,-0.008213072988919934,-0.007939051133954544,-0.002652251524463356,0.0002670848448356189,-0.007651426959491836,-0.004677475293683564,0.0015647312315274498,-0.009053591216887202,-0.0028746938482487883,-0.004063516741162343
2021-04-20,0.0027007368382852004,-0.030886326291170052,-0.021047995431396127,-0.02178585335363259,-0.0010682578676285415,-0.01765956639309263,-0.013770515150059781,-0.006533257917081148,-0.01497924225917946,0.001153207278469015,-0.015720690738063592
2021-04-21,0.0033919322212243586,0.013163965470381678,0.009854392198709316,0.0021957244000920806,0.011629498395593574,0.00886193944256064,0.00975182738967928,0.006147252665271052,0.009706659987380961,-0.005759248150926433,0.0018288641717496557
2021-04-22,0.005568958909977217,0.0018236114201621856,0.007762219404228832,0.007198773486282173,0.005549658658188239,0.011544712520516809,0.0017558826590449161,0.0039784941690632625,0.008438377401737363,0.008109638183446899,0.00815387477630658
2021-04-23,-0.0031828374371375423,-0.007053500976328175,-0.003961274441368068,0.002175254592212461,-0.005124827824813494,-0.003101352166072213,0.0015337356652134204,-0.007217691902044909,-0.002859911682953409,-0.006512165457765895,-0.0043457568862788065
2021-04-26,0.006186319586287237,0.009165937934769719,-0.0007733064231126852,0.011782880053007538,-0.0027737298509058483,0.0019909909345401378,0.009844689826132846,-0.009978682286677976,0.00562989996529728,-0.00828996171255858,0.004607190366594516
2021-04-27,-0.0007930956932519218,0.00045414299155077664,0.003980106384719573,-0.001327973765917756,-0.005827846906043099,-0.0001241245312048056,-0.005307602528046851,-0.0043195887047605686,-0.0027463241984219122,-0.0036935970408508156,-0.0018103237831244012
2021-04-28,0.0021832825219434415,0.026781667462477454,0.00044049021696679347,0.007262694252853752,-0.003463822479250367,-0.0019873762000233164,-0.0013067923792793312,0.0004338218168462582,-0.0070967669987364035,-0.005463390815548808,0.007616941849733827
2021-04-29,-0.0005942655655463147,0.0028735024004176157,-0.006053884772710849,0.005991674065947361,-0.007887753251519247,-0.0031113877379912447,-0.004688695992458913,0.004770191234445553,-0.007787451932737888,-0.0021581441576831173,0.01151915953985605
2021-04-30,-0.0017835880877022925,-0.005510249192981709,0.0035437395792865534,0.0014132786968261701,0.00619861326165827,-0.0012484204247944497,-0.0037247627348537815,0.004603649618612593,0.00010745625853547658,0.009437662927173296,0.0017792869638721953
2021-05-03,0.0,0.012189699691501632,-0.002207068765998965,0.005342691134309074,0.007365783651332114,0.006875038146972656,0.009016930644493382,0.007876205183180884,-0.009245248462617872,0.008180720056428337,-0.0030787476409405157
2021-05-04,-0.0021838061518749674,0.0061309963919493615,-0.016921022011504028,-0.006317028781783085,-0.005184783080555144,-0.005338302779448467,-0.0015257125805270277,-0.001989192883090629,-0.023546068924821695,-0.011012359221562962,-0.016747808469022463
2021-05-05,-0.007759816870623881,0.0332970349051851,0.009224881319098266,0.017658949891968145,0.008552711131738056,0.01585118072303837,0.028050639792412513,0.00270504622985257,0.015446154268751844,-0.0025395049209894216,0.014979530218043324
2021-05-06,0.0030079971290266627,-0.006739673502725307,-0.008694669348535133,0.0024788912677948804,-0.010467747485747081,-0.0013515248946610603,0.005733102256402001,0.004969451549120318,-0.014882913670701492,-0.0021543401369570336,0.0
2021-05-07,0.009596235992105795,0.005725200564827615,0.006522004150054217,0.002472855890561565,0.0074986282311910735,0.0046752569945816,0.006544865356453267,0.0007064573695985121,0.015329981496047917,0.008439652575796597,0.0014281277837253636
2021-05-10,0.012871324521079641,0.017921114666919813,-0.006479743237766344,0.012826848693151094,0.002392348621562901,0.011143717755392135,0.015731515721073785,0.008612178378966329,-0.021115976728176777,0.0,-0.014737295241670445
2021-05-11,-0.02170066470456744,-0.03127585666345778,-0.02361406124946197,-0.024111097061744857,-0.013789458244187203,-0.027128471261335663,-0.02157972504717265,-0.014697690591752188,-0.01799486518816562,-0.013818662600428189,-0.01483717075084312
2021-05-12,-0.007794110767086471,0.02800943682850776,-0.008176886669357675,0.00848515485843171,0.0013445295403131663,-0.0024897867929513096,0.0025326916247268016,0.0034095449048239246,-0.012064620432848727,-0.0005920422415814919,-0.006734339749548068
2021-05-13,-0.005639406410466896,-0.022462599624052393,-0.005225320056722604,-0.0017322369484913391,0.002819536452841831,-0.002745458615365348,-0.010526315789473717,0.0033980674288141,0.004147472323669188,0.0035545084388879378,0.000739591319071975
2021-05-14,0.01012737695526722,0.016808530117603082,0.01272328692170177,0.012394645466254905,0.00455209970246484,0.011638000665268766,0.0037233880225648885,0.006914037600953327,0.014111928360023285,0.007674132073797635,0.007514150045698331
2021-05-17,-0.0004010119093740272,0.007532969312720628,-0.0019594950916771436,-0.0024485424521908383,-0.002399044490261293,-0.0076694105056125395,0.005723380225336916,-0.003643527662649082,-0.007919413429978706,-0.007225130609247565,-0.003912408411876345
2021-05-18,0.010632212044068279,-0.00041537813353798025,0.006582831138997491,0.0004908355975099532,-0.0016031412108710175,-0.00012468382047203797,0.0,-0.002531649916157175,0.004447478375987357,-0.0025570627011223257,-0.003682421197204744
2021-05-19,-0.013795281156606887,-0.03241224472617921,-0.023634753343680925,-0.019921405628026356,-0.010303816912507813,-0.020197017392755923,-0.02497631743941786,-0.0076142263038552205,-0.017370557986948643,-0.0094655797850981,-0.017617303884921776
2021-05-20,0.01358574806754409,-0.001932577908045241,0.01504111400996222,0.012566308149947414,0.01771224411587058,0.011960840885712587,0.003674924120424139,0.010798553081693418,0.02980929070698357,0.015528544423756285,0.020566786802840964
2021-05-21,0.00019833061264407092,0.012478524887411746,0.0020838192972814085,0.006922095772947667,0.008104166833488913,0.009807604567698247,0.0040921521744596845,0.005201050741586943,0.0008975859252775553,0.0,0.005775483865524178
2021-05-24,0.009926497637552156,0.0,0.007855826298001967,0.0,-0.0018450104733250816,0.0011207068860821234,0.00021454604160497937,0.0012585139868850348,0.011657896269481771,0.00392081492884544,0.010751293752064406
2021-05-25,0.0013760840693282095,-0.01721209837768367,-0.0027510072174039557,-0.000491049791025211,-0.007129666368602461,-0.0016169761236963787,-0.007613114606576099,-0.0033519255430749517,-0.0007756198872489461,-0.007615688276133681,-0.0013295878012682394
2021-05-26,0.004907756325732926,0.00799997690561649,0.01367818898168105,-0.0019650704533652474,-0.0017286869507114888,0.0003738184869352956,-0.0009724901601010361,0.003223034270906311,0.0029939747411036333,-0.0007871097160084828,0.0
2021-05-27,0.0007814307820162014,0.0017160410314804864,0.0031749492181147865,0.006891429287128492,-0.001598544652589129,0.011457012876479267,0.010923665868823207,-0.0023746078731859965,0.0024322966072516383,-0.004332363357510638,0.010893264545351222
2021-05-28,0.005660706928933834,-0.0010706474570386648,0.0035039850154450214,0.005622086118166392,0.008539018221580319,0.00554046960698007,0.0028885914147886993,-0.0001399398920775008,0.0019852245374527566,0.003362305465345994,0.0023945765712418687
2021-05-31,0.0,-0.0021436717159137864,-0.0073214860871397835,-0.005590654974443221,-0.008069758043515951,-0.007713937401035986,-0.002773570650319246,-0.007001820114249657,-0.007925164917952254,-0.006504987568207499,-0.008122293584523765
2021-06-01,0.005434715387111488,0.02556396264038674,0.004425274047461958,0.00928870861727149,-0.010536154710031664,0.008637672017943743,0.01133929739546935,0.0005640006214551185,-0.0024408476424340186,-0.0025793861940357488,-0.000963436167616516
2021-06-02,0.012548475867003583,0.022622496405243275,0.001581642841758324,0.003390636632216504,0.0005391685430786719,0.0033032087046409586,0.005394564536615132,0.003241766974301452,0.009120227576742801,0.00039786070383018846,0.0036162835530486603
2021-06-03,-0.0020972030657646634,0.007783717134179469,0.0011278870966686672,0.006034274635734693,0.005792809992317238,0.00365803456345426,-0.004944778596663424,0.008991281074803625,-0.00231463359525097,0.005567682923036665,-0.0034830989122660583
2021-06-04,-0.00019108690542657403,-0.0036585427313929886,-0.001577280151858984,-0.00479848276091821,0.006161251833772807,-0.0032802411745208593,0.0026432649097065664,0.003620191274509299,0.010273976355113179,0.0,0.00819571415517295
2021-06-07,0.011274382163080077,0.004895917207840883,-0.002369657842069439,-0.002410763626438106,0.005191684975892619,-0.002437890972754264,-0.008330706530352838,-0.0024972294756273605,-0.0027337343722547702,0.0013842138668509474,-0.00023907412985335608
2021-06-08,0.007180695933626247,0.005075111825383782,0.007125859374757404,-0.0024166816393683677,-0.008210869143712385,-0.0010996620468928242,-0.000850721291746348,-0.0011126819103876029,0.003728113801123367,-0.005331762658331796,0.001076147867301147
2021-06-09,0.00750479160950257,0.0012119041673430697,0.0021338998141577914,-0.007267423593311895,0.014421175588952728,-0.001957231340787513,-0.005108511411409555,0.0009746546243616372,0.002621781312750926,0.0,0.003583455276523484
2021-06-10,0.00037249495877822447,0.0020173184332605842,-0.0023535437181049224,-0.0017081428893641615,0.014611038469340754,-0.0033091880767865955,0.0012836447676336515,0.003477535152629274,0.00403140936482016,0.00853683371638092,0.002499393879958234
2021-06-11,-0.005398660964495261,0.004429257676934473,0.010447094363581044,0.000977778432572407,0.003113620369334713,0.0027053765559363896,0.005448740860519052,0.001108980201435461,0.014324467422320408,0.007677153454835439,0.006529662745993203
2021-06-14,0.005802342100243552,0.0012026733618974994,-0.0007782067504070733,-0.0061050059912637344,-0.00310395582923928,-0.00233017462929741,-0.005525494305476997,-0.00235389318847834,0.004493400700333883,0.0,0.0017693257697815046
2021-06-15,-0.0055825921217684815,0.006005990640207015,-0.0033377328830733743,-0.0007371644577820469,0.0018162867971291963,0.00270437891616071,-0.007693061432646919,0.006106797964958277,0.002023670706586378,0.0052744767534100845,0.0014129381702838728
2021-06-16,-0.0003742226950630423,0.006169181558030257,0.0039071050119108275,0.002704711465552956,0.006993018738551404,0.0036778601554519064,0.001938196401985115,-0.0011035205410060422,0.0007440443607762415,0.0054411698207477155,-0.0016460833364450034
2021-06-17,-0.015350058819374013,-0.017602911000233035,0.015122880081579249,0.0017165202775768496,0.009516433171813832,-0.002565030871229834,-0.017947401865327506,0.0049715918070780685,0.0251725446497848,0.002705824992400574,0.016605793321449625
2021-06-18,-0.010266228563013291,-0.01731421033536462,-0.005915225217568154,-0.020563039999133448,-0.0021655817700040325,-0.008449698879041456,-0.012256458205853193,-0.008382479168564716,-0.004247783329614285,-0.010986886721067068,-0.008109325193662587
2021-06-21,0.008643945509573037,0.0061462656959625495,0.0052892931893508965,0.0057486470028120795,0.00548959906962887,0.007904154378162387,0.009860396283895012,0.0031873020491521853,0.0010404585733643223,-0.003118297468910125,0.004204542973708314
2021-06-22,0.002475743480441661,0.012828366122692447,0.008549805443338165,0.0027335186646664233,0.0020314376380805577,0.0064942871625177645,0.009544652798941566,0.005111241189414084,0.007587603823721478,0.0,0.0034892635655130455
2021-06-23,-0.0007599057548587362,0.006031347545981669,-0.0022823506096840696,-0.0027260669098870816,-0.006969024773491483,-0.0047479838391328855,-0.0031514159607901604,-0.008933500643140357,-0.0011347287763692204,-0.01603127410288241,0.0025497633831075284
2021-06-24,-0.00589346905129684,0.004196624313160147,0.011111074173835389,0.008697774839020012,0.005359170016918657,0.003058103975535076,0.002289317309359662,0.0024961905928750916,0.010533890568814153,0.00039731059683911774,0.007167662126294605
2021-06-25,0.003442334841306627,0.002786057505441475,-0.0020469989445264236,0.009361938080480803,0.001776867470766108,0.0051219288895769655,0.005655825856626384,0.0019366356048609035,-0.0027592912343050724,0.0017874906716064398,-0.0019513542897939828
2021-06-28,-0.005336402213217961,-0.02540184153206848,-0.0010795474153747486,-0.009275105120651328,0.002533852115405022,-0.007886454019891187,-0.008003437930963586,0.0034516084349944798,0.009325640660371892,0.011300549372386337,0.00023000058788902322
2021-06-29,0.002299200540495372,0.0034615794508763287,0.006160161054187263,0.005666409001520156,0.006066010028995095,0.005870164811536682,0.005669392020777986,0.0020638624827884477,0.006193528516421631,-0.0015682811015433895,0.004484363940209235
2021-06-30,-0.008220068326191488,-0.0016233364111005733,0.0018259739176318401,-0.0012248710787444717,0.0,-0.0009726666389627825,-0.0031439822446185373,0.00041190139424229777,0.004137272133424297,-0.008639281839239787,0.0004578422682077754
2021-07-01,0.0011562516469811879,0.020121907488165336,-0.0001071567191557321,0.006377196924551187,0.0047732351526770245,0.006571752799812369,0.006851603085610947,0.0021959378448332956,-0.005225648289596485,0.006932035303741424,0.004691117538289324
2021-07-02,0.004043294611631998,-0.0037855874060110928,0.006111941687408251,-0.001949744546368093,0.004375527984350924,0.004594332700087023,0.0016202367996560607,0.0017804011063979885,0.012021441227263452,0.0033437877347579636,0.009338318809376522
2021-07-05,0.005944496769065388,0.006200027465820268,0.0036235354498106442,0.005372341926912938,0.001618183827962083,0.0019256669775109536,0.004960628359971464,-0.0008203033046698671,0.0025953497248796253,0.0,0.0023693905727306674
2021-07-06,-0.004574992224968488,-0.024050941485608823,0.000424773455507399,-0.014330735101554137,-0.0013669766208883605,-0.008408371750656896,-0.015774237388043844,-0.00451490242432917,0.008164074819717149,-0.002940555109140708,0.0
2021-07-07,0.008425933819230735,-0.010386931514916542,0.00796093840662837,0.00542132567962339,0.007217543885632782,0.013930876486622834,0.014718692282533086,0.013194049701582333,0.005135262019517084,0.01749900469854282,0.0031517197751844694
2021-07-08,-0.0011394685666906712,-0.008026330282439154,-0.017902242677255487,-0.01960782480441492,-0.007660028760573145,-0.01529269804022082,-0.01934031436187822,-0.012072699062822267,-0.014737669659955932,-0.007343015808989994,-0.01559694160745706
2021-07-09,0.006844095094910463,0.010165930622687558,0.016620152121582743,0.015250015258789107,0.008092648510316103,0.012982282438673609,0.022460864765612376,0.005217592254074921,0.011966539611530713,-0.002335973026666438,0.0075230806474984036
2021-07-12,0.01567240714567686,0.0008215427532463071,0.0036916581850907626,0.00886482651910625,0.004322569702908785,0.002635060801679412,0.005679369706709014,0.000546385958579032,0.00039410016564689343,0.007999997022675398,0.004751648160522093
2021-07-13,-0.005763422415609676,-0.005540744106300455,0.005569554002738064,-0.003905292717718001,0.0014756855267139546,0.000836216647829291,-0.001385159888455556,0.007372026150543887,0.01497246180774714,0.002516474419264725,0.0
2021-07-14,-0.0029917115679739537,-0.007222420155456377,-0.006688257637367356,-0.0058809524722013284,-0.002947022175456615,-0.005013107842740894,-0.00021344720657678895,-0.0002710973331445654,-0.0013586897166587564,-0.001737790133170436,0.00630567641885782
2021-07-15,-0.0005624702173037122,-0.017459990478718712,-0.00925833618683114,0.0069016214297037415,-0.0059112776549119506,-0.002279299904211607,0.001173965997163462,-0.0018977822423636992,-0.005053491396986631,-0.00038685604387855843,-0.006266164016184184
2021-07-16,0.0058170746248809024,-0.015866299825195385,-0.00796432000194447,-0.007588679808400389,0.003964317269387507,-0.0032463225803847084,-0.011725812842432237,0.00611170167625974,-0.008009374065468089,0.012383889045456176,0.0
2021-07-19,-0.020709089518616164,-0.05137573873883261,-0.02044525872566083,-0.03256042587603003,-0.006910137614354994,-0.025331706097321827,-0.029015235335675627,-0.010394225883214703,-0.01792043854445935,-0.014525961887732697,-0.020380561279403353
2021-07-20,0.009525666839298674,0.017901588074079378,0.013222588309760308,0.018867869473163212,0.015655994710236154,0.018935627741459404,0.012552820761513983,0.007775197296503,0.013434970884152353,0.0,0.010574713752455223
2021-07-21,0.012077930639980305,0.02626893039349132,0.010677284844000656,0.01726732875913317,-0.005872225839044454,0.010324285864408589,0.01195827010031536,-0.0002706638306687603,0.008705948134911878,0.003878916658559106,0.0030710222712027058
2021-07-22,-0.0064557927188959585,-0.008676740226058466,0.008643662005199726,-0.0022140258108132027,0.008983456908052245,0.006612203050492038,0.0006505332759971783,-0.0031140448826554312,0.011769366304549722,0.0034775948804639523,0.006009694408974919
2021-07-23,0.0034019669643892136,0.001312856840090193,0.01290733457503368,0.005670599961759004,0.011342850706265617,0.007285237746339046,0.008775704570015419,0.010186065842412884,0.012213982765674647,0.006160949235367585,0.02614972472220156
2021-07-26,0.0003764142054138997,0.019012298481065226,-0.0004178077754322107,0.0,-0.009165394640837876,-0.005691199293109572,0.0068735837767492924,-0.004302227838674955,-0.0045967796969548225,-0.0017221614136716523,0.0018673328419704927
2021-07-27,0.0043308947580913415,-0.009436037557955745,-0.01577841750248532,-0.003922526203013699,-0.0029211962325501606,-0.005962318105901421,0.00042667643229177266,0.0,-0.016932866027424165,0.004408728483922042,-0.011621526502023971
2021-07-28,0.0003748182699296887,0.00757744748266731,0.007962628522772963,0.0019689395583157854,0.008666981205351254,0.001799442475775015,0.0045847137325765175,-0.0031055324753028746,0.009982351145234158,0.003625927885043012,0.01442042257238585
2021-07-29,0.004123138227525747,0.011388026834353804,0.0035811705197759114,0.006386689807852175,-0.0015732452830572452,0.001796210298668166,0.010931848502996555,-0.0020317150502332515,0.0,-0.004563637150987621,-0.012793939199276516
2021-07-30,-0.0014931436171816692,-0.016995947360257002,-0.017422292758000557,-0.00439346594612311,0.0027879194779829586,-0.0026297060850209997,-0.003569515358431752,0.005293151303380705,-0.005038727310497926,0.0,-0.006867553776753188
2021-08-02,0.0035512568854043636,-0.002161277022455277,0.0037385010024886256,0.0024515438067329587,0.002054855095458663,0.003715215118928583,0.0012643042098565704,-0.001080084128315173,0.008570288769015555,0.00019106277979008546,-0.0025652202215553643
2021-08-03,-0.0065187760124355565,0.016244315134161358,-0.00319254068171404,0.0002446108187763585,0.002895028460218052,0.0009552457439365725,0.0027360006268579706,0.0018921393930326769,-0.006952503260689524,0.006111529623644696,-0.01062286355034947
2021-08-04,0.0,-0.009590728171426588,0.005337888435720695,0.006112469209611504,0.007337029285900076,0.0007157050850918889,0.0015741580904367058,-0.005800624863181891,0.008362511094671232,-0.005694746304530152,0.0
2021-08-05,0.004874320194922399,0.008607654415198063,0.004353867156010827,0.007290382161271092,-0.0058507207614272305,0.004768166989976841,-0.0035624890883033666,0.0020352989428784607,0.009064633260070565,0.006300076548839462,0.017405096035698175
2021-08-06,0.0027983802332527397,0.006827388566602366,0.0012687155303914288,0.01930034312027873,0.0033629446566521004,0.005101439085363424,0.0023133672369404223,0.004333103607799815,0.0028670016581393565,0.011193325039569046,0.0066652322353788485
2021-08-09,-0.007069730798343943,-0.009747808812444081,-0.0006335539654404032,0.005207129484097628,0.007421627241888107,-0.003423051361529872,-0.001049081771309801,0.0029661753557281845,0.00019055310273663473,-0.0015009008912292288,-0.00044147689649842725
2021-08-10,-0.002997954247079382,0.010057804949865634,0.005283178394173582,0.009182938037174404,-0.0005941426994058308,0.008172479437548397,0.013442541093126703,0.0061836145751692495,-0.0043826132668164375,0.006388578443993431,0.0022080435662199527
2021-08-11,0.0015037796907932943,0.002118611705608453,0.0007357546276360871,0.008166086540758455,-0.004755695196483889,0.006696424770112008,0.006113951687985786,0.004141685962698594,-0.004784688995215336,0.0,0.0
2021-08-12,0.00018745863025504406,0.0016913706626870972,-0.00042013355647507744,-0.0006942554948503599,0.003225472170755639,0.0023339589513833303,-0.0014419548349885458,-0.002661050663806064,0.005769216097318175,0.0031739761872016103,-0.00022029687446323276
2021-08-13,0.0035647511132164134,-0.004221206383088205,-0.0032573033997903567,-0.005558167595427932,0.002143371016678053,-0.002328524271316912,0.0037132606671845814,0.0026681507481254307,-0.0009560083707442768,0.0035361739871155873,0.0
2021-08-16,0.004860567636173707,-0.020135666740028313,-0.010436410050597256,-0.0048905237817599145,0.0057033710391241055,-0.002917493206642696,-0.010173650073040275,0.0029270034671313727,-0.005358828311901931,0.006862068975275415,-0.0076024947682411526
2021-08-17,-0.008744006696769668,0.00194679112003171,-0.008735481738910256,0.00023407761145843864,0.014295830496197315,-0.0024578543828656096,-0.007371252976766884,0.008490307945977271,0.0069270848931239914,0.000552565459402965,0.0
2021-08-18,0.0005629026674494053,-0.0010794308590234003,0.002256841242185059,0.001403779977481312,0.006057126170103455,0.0010559232001168262,-0.006798467960772436,-0.005787882549871837,-0.0003821986826647583,0.003681899191146476,0.0
2021-08-19,-0.00881642868934307,-0.051437238914396666,-0.01640573390789668,-0.021728979480226118,-0.0041681208626083155,-0.016760434954180226,-0.02348352726452052,-0.0031755158421477025,-0.004205720033023219,0.00550255382504905,0.0037748858491968296
2021-08-20,0.0058669945207978635,0.0111643127200034,0.0010901392179392122,0.006209747859164061,0.00465063964590251,0.0016688448047088578,0.0034508754797784036,0.004380167866941065,0.012094472379914789,0.00747901951285157,0.005751580983306637
2021-08-23,0.0001879524346932726,0.026137895887648144,0.012196396546392485,0.008307582844710115,0.0013886715901172408,0.009520445833386404,0.010102039561340481,-0.0005286231861408863,0.0108118300763691,-0.006518207737377546,0.012317112794925311
2021-08-24,-0.003009628515046159,0.009222621003551756,0.007530980103490625,0.0009416411477964903,-0.006009437771895776,0.0024755284679927048,0.007660402564820812,-0.008594392702493403,0.003002436567147715,-0.007654422765101532,0.003150492398474869
2021-08-25,0.0005661305417774543,0.005221968739069993,0.002989842762784134,0.010583272767987095,-0.004418147580215304,0.0012935161002740614,0.001689406225911405,-0.0044011978698340615,0.00037419003701000264,-0.0034894846417627967,-0.0006498287486428334
2021-08-26,0.0003770093519475104,-0.004545434653782765,-0.005110224160269072,-0.00418897603123769,-0.003970528422235331,-0.0018790799676116077,-0.005270369827390042,-0.0025452436372741527,-0.004488529511644579,-0.0038702375777500686,-0.0036843784359223974
2021-08-27,0.012441018791930158,0.018047357818341547,-0.0003210142351688372,0.0023369589152031356,0.0001172720849231812,0.004118113694768111,0.007523567487639715,0.0006715424707577355,0.0022543477910337284,-0.0011100381025095363,0.004350659211535213
2021-08-30,0.0,-0.0038445174359041934,0.008563509606487552,-0.004196789641811582,0.0025790572501516174,0.0011718550246904158,0.0058897512390543305,0.0032210153924130402,0.010496745816453101,0.00037037678171403243,0.008230475625689904
2021-08-31,0.004096353630306249,-0.012006808874831187,-0.0005307052760558095,-0.0030437194147641122,-0.002572422824415832,-0.001638569588576999,-0.00805098962756523,-0.00013380784254812816,-0.002225912302437627,0.00018519045623599517,0.001503752774848932
2021-09-01,0.010940041012775792,-0.011935829641984697,0.006902426871802314,-0.005401675599878586,-0.00621343950444897,-0.002696405025847781,-0.005270369827390042,0.0008028524177596807,0.001301351433961706,0.005553484533846076,0.0043971912226372645
2021-09-02,0.0007336587453801169,0.023281383740625383,0.0006327521491968913,0.0030696829468523923,0.010499080503570735,0.007640784391803157,0.0,0.002673755883456419,-0.003342003400222504,0.004418293074653024,-0.002562751567885435
2021-09-03,-0.00018334191094915298,-0.009873343699637327,-0.00769388436626206,-0.006120487860991952,-0.00011676553587280925,-0.0010499762716220662,0.008159336872481937,-0.00146667480468754,0.002980623071954014,-0.0027492947599583317,-0.005138570180672319
2021-09-06,0.005132951784986739,0.005853033850248268,0.009559230072147429,0.006395084082358338,0.0067717667334710185,0.006656542252796438,0.0052554131091828715,0.005608200993033607,0.006872194109140972,-0.0029406331163538413,0.0
2021-09-07,-0.01495550295278758,-0.003017310339259782,0.002104123533097413,-0.0023535487142387623,-0.010321314906587054,-0.01009275113675323,-0.009201142398932438,-0.008896536856531356,-0.005165076259465828,-0.011059879707301268,0.007962918664092378
2021-09-08,0.0020368832578565588,-0.005188021454333169,-0.0038845432712024675,-0.007548943133562802,0.000820334277277901,-0.006445599905725574,-0.0073871312986081294,0.0013397437692765912,-0.005562752370905422,0.012115520833081428,-0.0006405001989918668
2021-09-09,-0.0012934128320351013,-0.0010864675480921626,0.006323841914888106,0.005467067837051198,-0.005619989888216548,0.0037744715667813455,0.0,0.0,0.003542767535426039,-0.0003683325606755883,-0.0017091970838614134
2021-09-10,-0.01461635988797716,-0.002392878125529019,-0.0032468074684641746,-0.00614653253481412,-0.0110679670084608,-0.00340776640102447,0.00244528346697348,-0.003746304352419627,-0.006317357014414604,-0.014369911511390443,-0.001712123440252733
2021-09-13,-0.00037521283195862676,0.026166610269704016,-0.005043561382516493,0.007611790862402934,-0.009524889185744012,0.003891072285749031,0.0018029289139323001,0.004163276422311846,-0.007479388829570555,0.006542027553665397,-0.004394936663311588
2021-09-14,0.0005634098196161119,-0.007224822411094456,0.0008448009250994204,-0.00779041138573644,0.006010337604595906,-0.005990159030849984,-0.0055049401662748965,-0.004681001602713675,0.006028630063780405,-0.002785472895671992,-0.007967308110523597
2021-09-15,-0.0022527072503306655,0.02097601705117369,-0.008863526091008711,0.002379307440466105,-0.0003584511700531756,0.00047265646727567834,-0.0004258134392991497,-0.0018812065720643645,-0.0031835576551471068,-0.010800778823358392,-0.004883880781805905
2021-09-16,-0.001128812263887946,-0.002096484008781374,0.011817317222880819,0.004035085797184257,0.000478045474326505,0.004724241579417088,-0.00830669613015833,-0.00013465450181526784,0.005635905309796296,-0.0007529574855859034,0.006434727600588053
2021-09-17,-0.0054626128893927595,-0.006092376263157728,0.0033670001235441838,-0.0030733113583920613,0.0017921329910162154,-0.008228481847341262,-0.02330332618487274,-0.000538485094122354,-0.003923016799205925,-0.008289420237902578,0.00021671598496908473
2021-09-20,-0.013825759024532092,-0.025576048701047682,-0.020763457888638648,-0.0317760587164887,0.0,-0.015171344874031822,-0.020890532822839147,-0.006331687989331369,-0.017629381697093827,-0.0051291880868974404,-0.020259949107059083
2021-09-21,0.007298002441487261,0.012364418952078626,0.005568690166586121,0.010286508697285202,0.004174102331428342,0.0006017938856859306,0.0043795550396754646,0.003524871194495738,0.0030545980173624088,0.002291440691799762,0.0024327500378864553
2021-09-22,0.005719814970616799,0.029355106070984238,0.008839209984740304,0.01309093128551142,-0.002969121247755835,0.008419496672853466,0.012186899688477748,0.0018914756200016924,0.0074229041273803364,-0.001333654168088949,-0.0016546486864595922
2021-09-23,0.0017058451249845064,0.01873434000894747,0.009922883761229295,0.015793247976859437,0.008219207462647704,0.009661321843619897,0.008174062451647313,0.0012135427918891217,0.013413925569224494,0.0007630850233613096,0.007955751198705396
2021-09-24,-0.012868829527798664,0.006947285699397954,-0.0032402797588259036,0.0025912981949247627,-0.00649814574343055,-0.002480792447575486,-0.005916438106649546,-0.0024242465343539132,-0.0020507198285463213,-0.008768568290135725,-0.001534744503722374
2021-09-27,0.0038341813776689992,0.03307632119504067,0.005452984896583191,0.014097708053591118,-0.010464945793099645,0.0022500569222929645,0.0030860660083451563,-0.0017550594566433375,-0.0057910996761249,0.002115396352914578,0.005379862477396413
2021-09-28,-0.0206262174965699,0.006089203972110768,-0.016374632246542453,-0.011584800782384108,-0.01958895891542123,-0.017724211847819915,-0.01626198573996529,-0.012577769468059774,-0.02705754243474301,-0.021301105303212386,-0.02402526190374521
2021-09-29,0.005655073673745736,0.006833238301049205,0.011133528564725603,0.0067979586630246835,0.01262562829343783,0.006255314442940918,0.0034624993054890307,0.012600988111583389,0.0011587751005317504,0.011372584922640927,0.008503889181276536
2021-09-30,-0.005623273646984339,0.001551325024784056,-0.0074454601502549345,-0.002095463352483784,0.0037525427466817973,-0.004423224624419908,0.005231536507809276,-0.002705220443887768,0.0013503027511223564,-0.004459157595359309,0.00011099571835870847
2021-10-01,-0.0048752355223234956,0.003097770429531188,-0.008029605113346716,-0.003733080847727943,-0.015315927051503975,-0.008765558816513086,-0.013287531620888582,-0.012206720261789705,-0.007705673801862822,0.00019478357405433577,0.0008875497997009596
2021-10-04,0.0047031832319028855,0.028179869634693988,-0.01150284202870877,-0.004449705808229343,-0.007960826867503323,-0.010054534226174194,0.00011224482282523596,-0.0016477103331729026,-0.018831245148776543,-0.0015576680316191638,-0.020838026213463867
2021-10-05,0.0005849707934753035,0.014454673383646366,0.011636697117386019,0.022112502435223558,0.010987646785783234,0.016397409665617424,0.010659749988378708,0.00880208221299661,0.01859910189317371,0.011310488394333795,0.018791076872587187
2021-10-06,-0.0163742429153233,-0.024981537119672104,-0.010118191015207612,-0.008055288438956532,-0.009036486375442188,-0.011196729262118343,-0.013100924938091119,-0.00149966752065267,-0.0017482547278201421,-0.0009641194846142787,0.001222186618381027
2021-10-07,0.02774473301691005,0.014044442925676748,0.023348376500349044,0.023665904730277854,0.01922362944252387,0.021916511773448333,0.028687175939555276,0.015155661424461231,0.02510217806671533,0.014475969506278386,0.017201275347618505
2021-10-08,-0.0040490759321805125,0.021336316360417662,-0.0035748498065738543,-0.000906552624623358,-0.006045218299293498,-0.0036935250502392325,-0.003499559123801066,-0.005783460847352262,-0.006074405713182518,-0.006659099689373615,-0.00654597613129948
2021-10-11,-0.004453315045321649,0.01557629611278366,0.0018993385201195867,0.004764044368181342,0.0010948055989232763,0.0011958678645842546,0.010425778309997025,-0.0013527932440223767,0.0026737851034470683,-0.01244967865504043,-0.004612323428602627
2021-10-12,0.008168145628462353,-0.007037159915804114,0.0,-0.007676679737179559,-0.007411914796259911,-0.003941732277150001,-0.00336697686131493,0.0039284870865108346,-0.010666692824590762,0.005430542510457048,-0.01765223357486978
2021-10-13,0.0077160441725609985,-0.00708703249681264,0.0013691931226007537,-0.01251420312885021,-0.004162124582246518,-0.0031179054818741836,0.0009807795967247124,-0.004317901662242329,0.00038506850774910895,0.0011574338949538188,-0.001797029107522996
2021-10-14,0.01225112315492427,0.010614967744025483,0.011674385664441678,0.012211953010666132,0.015488655929493333,0.0,0.020359311678256775,0.012196795158048612,0.02193994245063613,0.013294770836662417,0.01777677775020181
2021-10-15,0.011535519293560448,0.01575514148229651,0.013514870458134931,0.013202777426092771,0.00302626798393546,0.02742699968750051,0.005121593270242419,0.0005355591674900406,0.008474590882686428,0.0011409274218847631,-0.000663228547229
2021-10-18,-0.00373884655191159,0.000534832933058782,0.0025643656321476804,0.0013480425871412738,-0.006154985909652022,-0.002107485042242563,-0.002229289716304761,-0.005620310176272403,0.0050420254268988,-0.00550808940403924,0.0003318871031054993
2021-10-19,0.003940589256751004,0.0024946434838382103,0.002353216308170758,0.00426292636324721,0.008014616567561639,0.004927820631267732,0.0009575909068069155,-0.00686306719945462,0.011891478879179296,0.0059205033418670006,0.006966684042950533
2021-10-20,0.003177559572846045,0.001066501512284157,-0.00010209386654935759,0.006479019803444119,0.008673668258934786,0.0036193526336374404,0.0026573128734515006,0.010840045925231578,-0.0033051837716079335,0.016328092657095006,0.0035141212607479044
2021-10-21,0.004581875819759995,-0.014737180768019442,0.0035728713494502795,-0.0037735443246237343,-0.0008360168639408583,-0.004536986898582729,-0.013145398803075525,-0.0008042568340609346,-0.0007368662809427162,-0.000934041438459432,-0.0032829650360101104
2021-10-22,0.004101933646243783,0.0025229660373711216,0.00010174078403890618,0.008021403783061043,0.007052310686878949,0.008881642385660138,0.007734463949162995,0.006841992620961079,0.0022123696196787446,0.0028048153919755237,-0.01987261306558974
2021-10-25,-0.0009285132654877071,0.01995327321659479,0.008034997131605381,0.007294385590495889,0.005459929786025608,0.002780005313091527,0.011725894170592666,0.0003997172295406859,0.006622527709887693,-0.0011188023885140286,-0.00011206501095328836
2021-10-26,0.0014871180874480583,0.004758488457515808,0.020684119050885075,0.006363855990112688,0.0033053805019838123,0.003234362715535788,0.0013696896892003707,0.005327670699569076,0.009685649990379686,0.005786846650308375,0.006161809028152776
2021-10-27,0.0027839056418206276,-0.015260462331151414,-0.0029656291112826194,-0.007631973051900887,-0.003765145344951648,-0.008520413088896395,-0.00726012662836073,-0.0011924213471420364,-0.006515848151159465,0.0005567702060538249,0.0
2021-10-28,0.0025912748131871055,-0.018346968124242524,-0.0003965984065563699,-0.006591941290373549,0.0005905639877072932,-0.003832328750616898,-0.00392151693875209,-0.0019896740561521353,-0.0007287468750616366,-0.0037099010110469566,-0.002560935711562018
2021-10-29,-0.0040613729195713155,0.008891269431005933,0.004959333480593742,0.010617110195898727,0.008734629994182397,0.012240651278853099,0.0036177519232396538,0.00890491516962788,0.00783956822494103,0.004282248113141707,0.0
2021-11-01,-0.006672803909786862,0.00989214149014428,0.01263322920600296,-0.003501857128938024,0.006786822341074306,0.0027639969907693462,0.0018023554865918001,0.0017125180759653968,0.0018090139476596434,0.0016685234497453294,0.0148469990452611
2021-11-02,0.006904299562653593,-0.011398097719565237,-0.0035087779308531353,0.0024160029277571216,0.009879108148262539,0.0027563783692512445,-0.006138154458383616,0.003682256390395322,0.009931369202829554,-0.0029613150291873946,-0.004069926748242136
2021-11-03,0.006115644297264744,-0.009547807517970686,0.005672944475483277,0.0015337356652134204,-0.002301725741133076,-0.00435227653239767,0.007560420155314329,0.004978999671612083,-0.001430392108316969,-0.003155711385111837,0.0006627478312968282
2021-11-04,0.00257870022556439,0.004729031254915306,0.026454009227545594,-0.009407138783379398,0.0023070359050614275,0.011848599743252919,0.0032762370491998816,0.0075619537696471895,0.021665227076605786,0.0011172729560771089,0.011478933009013925
2021-11-05,0.0012859518048555785,0.012671921197914271,0.010422574043764898,0.006404614031481293,-0.010127716188277569,0.004320114340304215,0.0016854106415304937,0.0016822578269415356,0.007010124457670797,0.005208381747325852,0.0
2021-11-08,0.0005505782095036604,0.007329278825122243,-0.0135033988151545,0.002852777462932554,-0.0002325807692604709,0.0009056127956887927,0.007676973236381501,-0.009430349081496203,0.0012182334831107866,-0.011658050655847019,0.0075294901213947
2021-11-09,-0.0034845307741141474,-0.005856220502099441,-0.01178705227890453,-0.009628062014455652,0.00034886358927921357,-0.0020357420142879112,-0.0018785254200486268,0.0039124028503370045,-0.00017379318173738056,-0.00037447028310821917,-0.006281773220725428
2021-11-10,0.0014723400431064793,-0.0033916212987580296,0.0050019649580643755,0.008616951365642223,0.008486437868193475,0.0054397480570507195,0.006900916628203246,0.009223162555353603,-0.006780239682626754,0.010676150989706423,0.0031607936441115925
2021-11-11,-0.008636491226112986,0.0008955621605002406,-0.0036371063419120553,0.0019715257301113898,-0.001268018563130413,0.0015779912953357567,0.0147455672268475,0.002188160169946274,0.002100453870842678,0.00018536205337604805,-0.000543254474570487
2021-11-12,0.004448618681765826,-0.00858982700539379,0.0044188193200311865,0.0015303824279737643,0.003924330213300742,0.006864737859122894,0.00654931827316485,0.006293319546986753,0.013973785800184269,0.0020381806163340954,0.008696588823526197
2021-11-15,0.0025833765186635826,0.008303232343013223,0.003443005152614198,0.006112175745537574,0.004023895845173042,0.004582497229473237,-0.0029483622786479202,0.0029355885311161956,0.0020671650897827742,0.009985153153600601,0.008190457768796788
2021-11-16,0.0012884831853026135,0.009487983772034969,0.020015235520111307,0.0036883959293232405,0.0035497257768695167,0.00656435230657193,0.0037728433540675788,0.0035632320281546725,0.01358089978330268,0.005492479731364908,0.0
2021-11-17,-0.011580851792569846,-0.0005319875797406004,0.0046720240673114866,-0.007349765778733808,0.0036512973191784592,-0.005637251346844896,-0.000406348176912652,-0.0016484561553617993,0.005597046068163802,-0.0032774307443493855,0.001282745538272012
2021-11-18,0.015064276132126464,-0.015259059635169825,0.004092284739060537,-0.008057468350140096,-0.007389740025516289,-0.003557133148964775,-0.008943138914292215,-0.008002093940683408,-0.004553895321208534,-0.004384392968720063,-0.007046011249631112
2021-11-19,-0.00256532580152935,-0.0320720500774212,0.009633206042486187,-0.008122918508936539,0.00194715156446712,0.0011155563900264731,0.0033839401396056346,0.005889873155696446,0.016604532948752526,0.0025687961403382253,0.006665979684818968
2021-11-22,-0.0036735557692766374,0.021965753506368424,0.0023853406993621373,0.014165546377278737,0.003200717518887508,0.007020335389007704,0.010117505152862805,0.006364562315917643,0.0013333638509114287,0.009699831354633703,-0.008223824094500842
2021-11-23,-0.004056131560711496,0.012750399431450399,-0.016474492188948364,0.0,-0.011622655510850843,-0.010844343555922453,-0.006677418627764831,-0.002150242527130364,-0.025133190582726783,0.0001812966569227914,-0.011415027322881355
2021-11-24,0.006108769565312588,0.01762596014080353,0.008002983600209568,0.00742034384226109,0.005533817947372732,0.003915409738347364,0.002342670159082072,0.0008873075848117029,0.012122231315896626,0.004893085470649261,0.00827878621157363
2021-11-25,0.006807918931483137,-0.001060469624412086,-0.0024003151492151265,0.0019497433467374758,0.001375775229397913,0.000557199163674138,-0.0013210535308877391,0.0021529656904306638,0.006916326853152688,0.006492346355244205,0.0012964654804603626
2021-11-26,-0.028509000740642887,-0.06316347604229078,-0.03701647316650236,-0.04908109097867397,-0.011907411606813079,-0.039982224420095025,-0.03561253605486703,-0.020725381607132554,-0.03317137858586505,-0.02616023764996067,-0.027621879026593632
2021-11-29,0.0022574906384338345,0.021340907494493244,0.014030358627008077,0.007276027697929122,0.004866722527152367,0.006496580137056451,0.010234239641233378,0.004258637761674011,0.017847905221528126,0.010303613413304102,0.006879746347185023
2021-11-30,-0.007507488889197944,-0.015347666474709198,-0.012319896358229276,-0.009932249080963684,-0.01499080988766699,-0.014292363561921206,-0.008041740397560337,-0.014649182653803772,-0.005447795375851938,-0.006738279601401276,-0.014216515170767496
2021-12-01,0.010400828966556475,0.01821598536531699,0.013049324452333533,0.014591869145970549,0.0044486641413983286,0.0130963843609182,0.010528531950478204,-0.002216981850140076,0.013180425914032012,0.002566912125015808,0.0013415410098094327
2021-12-02,-0.012352535038854473,-0.010143914411197108,-0.02064785250396317,-0.010112376695268654,-0.012470858470468249,-0.0064634991059413505,-0.01021049513083605,-0.002875456993340575,-0.026355762709712516,-0.009692735485349102,-0.019091161237189347
2021-12-03,-0.0022740897825161976,0.005217115773187286,-0.011798851089937168,-0.003405169438809974,-0.0021243986550727456,-0.00023239163609911628,-0.0029473555715460176,0.003932303300080653,-0.013187612738930765,0.0012926997756550485,-0.006829093773883188
2021-12-06,0.021652373341924935,0.01686746681266449,0.005480500654934772,0.01571750803476024,0.006859777418400714,0.017894503360621705,0.016469568607361706,0.022326763227970226,0.004220180815446284,0.03209143903717093,0.01363745555403284
2021-12-07,0.007436474734707987,0.028800546824261142,0.0332879683614038,0.016595686834144363,0.01938214001073124,0.023516041368389473,0.027316212257555872,0.009323061291026002,0.04517594096978139,0.00500362041771063,0.020689610556942517
2021-12-08,0.0022144168736555336,-0.011516614581809081,-0.009043016962609896,-0.010589087525797347,-0.0032265358750347417,-0.01182249771016064,-0.010211324424582724,-0.01493104293815195,-0.0038532341686704497,-0.010668603679080069,-0.001550724319244745
2021-12-09,-0.005891954585493964,-0.010754656371610993,0.0003802368506438114,0.0006689541809339339,0.011098255311822625,0.001693019508603344,-0.0010214348576353949,0.0071933872699361245,0.0050453959246510305,0.004493170430309279,0.004326659799590793
2021-12-10,-0.001667006070491639,-0.00670409387735893,-0.014443145894339593,-0.0051247668619092135,-0.005602536804239722,-0.0037183304907570935,-0.0018404938605218746,0.009820132726744202,-0.006358722625349311,0.0017892698141070973,-0.011708924665632003
2021-12-13,-0.002597606955110243,-0.014593200319482635,-0.013690687931286583,-0.008734673930966386,0.009888474166731775,-0.007125053907083623,-0.0023561088963567345,0.006693594054737906,0.0018524858264212796,0.0035720118279458646,-0.002123516339254783
2021-12-14,-0.005952482768298517,0.004627915547603001,-0.008602198011345763,0.004066884591096054,-0.0033018434416656195,-0.005695409440547916,0.0024642967991952425,0.0023836713535134724,-0.024037657838785864,0.0023135979941710794,0.0
2021-12-15,0.0011229983018870016,-0.021743141610881866,-0.0033523599292938355,-0.001350080118087349,0.006853992093283967,-0.00011458513146478388,-0.009628135188530007,0.003879819182398103,0.001722329861450822,0.004083798712404274,-0.014448998348267739
2021-12-16,0.011028148846801145,0.03409307530775707,0.011673924453899698,0.01757545652375536,0.016904899864845335,0.014550919915482297,0.02399420453247103,0.009101151543023933,0.010316342429423031,0.010433247755045505,0.02136614201391218
2021-12-17,0.0014788969574417443,-0.020947203896466426,-0.008409941251574349,-0.012400384747191406,-0.003347042637021236,-0.007679280426205248,-0.003636002450098208,0.0001234804365515263,-0.012593565093727221,-0.001750060818852761,-0.004562185833729582
2021-12-20,-0.021044809094047268,-0.03348835789880089,-0.028994106480914716,-0.03004484749849079,-0.01578421172291078,-0.029930633897866876,-0.030207838934010023,-0.012723889044189085,-0.02016549421598668,-0.01700563122605192,-0.021573869622509734
2021-12-21,0.014897203872259457,0.03830602183915999,0.01726594143250204,0.024503037781288706,0.00705189671854467,0.01806664657580792,0.020487081864593026,0.0021271042647668104,0.017238406037595633,0.011949384471004798,0.019421920627888722
2021-12-22,0.005202604736156857,0.005932512105511378,0.0215654548097024,0.004738246523435352,0.007793115363354808,0.00426368693001522,0.0010243378708292283,0.0021226845562909435,0.018329543922382063,0.0008811990761630195,0.007284498255961447
2021-12-23,0.004620781312309807,0.009952099746251664,0.01192338960459205,0.012351292765216071,0.00930173899400244,0.015719966646021044,0.01330190706752954,0.006852671414457889,0.01307523290446877,0.0065152126416607725,0.010013368205189721
2021-12-24,0.0016558826090027345,0.0,0.0,0.0,0.0,0.0,0.0,0.0,0.0,0.0,0.0
2021-12-27,0.0,0.001824859310412652,0.010817101957491637,0.0019963694373372753,0.003442207377216455,0.0036149989489326906,0.00615975581006567,0.0027224505302527735,0.010559857018547447,-0.0029740757417621166,0.005728138949443462
2021-12-28,0.0,0.008560972549050083,0.003439642350092642,0.008412687259670593,0.006307399330534702,0.008329643445161183,0.0076274803380762535,0.010119705136089951,0.0026538372032252067,0.01140546924088337,0.001752441818816619
2021-12-29,0.015246310106292071,-0.010113736127801753,-0.0068557761790418725,-0.005268888425672302,-0.003958660662930158,-0.002790801461150849,0.00019916974863054548,-0.0023212561460437264,-0.006451602725000116,-0.0008674399304300362,0.0
2021-12-30,0.009227492872821763,0.003101590306256563,0.004793863714000812,0.0015449060406667048,0.008059126879911283,0.001679184180054083,0.001593344602936364,0.0015919329854046094,0.00782546445653054,0.004861933991231249,-0.0017493761389140161
2021-12-31,-0.0019721139896771156,0.0,0.0,0.0,0.0,0.0,0.0,0.0,0.0,0.0,0.0
2022-01-03,0.0,0.018006578514178972,0.010877856454693191,0.005509034687433134,-0.015551398608176448,-0.00011178068680406383,0.0007954049472882474,0.0019561808402481784,-0.007269100207870416,-0.0015552126187841075,-0.008433698065879569
2022-01-04,0.005388945709214665,0.027872030097735756,0.0020766586335014825,0.024326114055850834,-0.0035599031816332394,0.013188781592446519,0.009139659601379746,0.01403296606106319,-0.01248127805118171,0.007961282604504794,-0.0046394309599558925
2022-01-05,-0.007503973228887406,0.015470179185345545,0.00094195997241453,0.00021391358951983186,-0.00591714615499217,0.0039713249232411485,0.010041313493603266,-0.0038507785884481782,-0.0072463819357949655,-0.00807007567235185,-0.005770729955111409
2022-01-06,-0.014401403255684286,0.003252352744975706,-0.02597404555565519,-0.0051337257426052885,-0.014600213818406482,-0.016591606425524374,-0.021052593224547334,-0.007852156746364525,-0.023765091317351383,-0.010386053039016852,-0.009599228970410656
2022-01-07,-0.0029225462067233865,0.010749037050922006,-0.011980655688594521,0.010320433761687786,-0.012878929575225961,-0.0041341089003579246,-0.0005974232032032178,-0.005966125412833145,-0.015649412927293715,-0.0066467949202136944,-0.012284481484606369
2022-01-10,-0.013555649229770372,-0.0016880872043376627,-0.020340326497194083,-0.0029794253957190486,-0.004849303382814085,-0.014921959414838315,-0.008567450028718504,-0.0066144159672276714,-0.018901248600738607,-0.0010565482008050298,-0.015632141131612265
2022-01-11,0.002600102409185734,0.018938095086974416,0.019165483760196445,0.0053361794694208875,0.009745867433542221,0.001708358670511112,0.005225123492778705,-0.006535126871377139,0.0237666487768311,-0.009518789351043555,0.017966817616278385
2022-01-12,0.00981650117733035,0.017258561973037878,0.0001959282346708502,0.00658177034679408,-0.002527878016648444,0.0077316694573161815,0.013394605414109417,0.0017376118924998796,0.002638018107131934,0.0007118867503999038,0.0034161566901527163
2022-01-13,0.005319293091682109,0.0021207352321896966,-0.0005875948528633046,0.006538733901892968,-0.010597836595080512,0.0010155023138249675,0.005918387450887463,-0.0014868386562170155,-0.007893298745673127,0.0067579774356889555,-0.001929209922195252
2022-01-14,-0.017332913518599113,0.006511501284254484,-0.023711524856307786,-0.015507159671776183,-0.0110606235300158,-0.016907123302089988,-0.018631118487306142,-0.0014889579679888687,-0.01927157224403131,-0.007065916296877139,-0.013075585005182022
2022-01-17,0.004456301467037127,0.014232528341540318,0.00943398682421015,0.010004283211637377,0.010477976972774083,0.007108405279869778,0.009992006212071303,0.0055921081324206146,0.010456066406952846,0.004447607259774111,0.005645136480898039
2022-01-18,-0.009611878628434711,0.004783913912300264,-0.012427917848914283,-0.016016904615606786,-0.008388689331736865,-0.010245832582032488,-0.006727347574768894,-0.0075383171546543615,-0.01195358034014582,-0.003365190042329269,-0.009279450935319677
2022-01-19,0.0016795956373503174,-0.0007935127502369799,-0.011174877578674636,-0.005568608463922153,-0.00035247067420685063,-0.004715938010074194,0.007968081774949676,0.003237481560633526,-0.013903944436848281,0.003198868024017365,-0.00034682074550473896
2022-01-20,-0.0023344328048567897,0.007306211740179425,0.009672133337766065,0.0040921521744596845,0.005054070238851738,0.007280768423669981,0.007114636782759698,0.004219982233746977,0.011719453991859474,0.011160337636856976,0.011220261799857578
2022-01-21,-0.013896811183209734,-0.029170585423116235,-0.03136029714403532,-0.02230796063186513,-0.016021549670872548,-0.01812760170570704,-0.026589473441517186,-0.0039551020854620145,-0.025339394133554904,-0.01208833951071897,-0.03431700410542515
2022-01-24,-0.02951812983956259,-0.03686861245761053,-0.047053890880117355,-0.036200119780484985,-0.03660567926547442,-0.03201688986374607,-0.040923269791957706,-0.01402155732431376,-0.05626738839654777,-0.0193296712960771,-0.043946964323296256
2022-01-25,0.008045549749759129,0.039966255689318775,0.013655232548593688,0.017755492234881043,0.013940351799242023,0.002414347977768294,0.009353645563593416,-0.00012587636981764572,0.010625755977372364,0.0012658172837243242,0.011398836141597535
2022-01-26,0.01985577147019102,0.0376196461554259,0.017135427548256033,0.02505038625623679,0.010585169623370305,0.01710017043942247,0.015826703754442173,0.0016363107338719374,0.02823210174665003,0.0036120781433550686,0.010290289438924516
2022-01-27,-0.014315507719600773,0.011564332849764769,-0.008900152175626452,0.007855046503846275,0.012400659879266973,-0.004025530920863218,0.0030750621080903873,0.012817248298533812,-0.0024616751511955526,0.015655910323242317,0.005820339178264966
2022-01-28,-0.016847374431078532,-0.012359076321168172,-0.009300863139478643,-0.018185758336484725,-0.004281044079375462,-0.01723733393120508,-0.017576141528464095,-0.01215875615498574,0.00550495280651786,-0.012756864343103191,-0.0021699395879805072
2022-01-31,0.02245429329987747,-0.005318319270528171,0.02708538022904161,0.009261345044636604,0.008718448564096537,0.011612424165182489,0.005720855577798556,0.00514940992930879,0.02737392703089947,0.013819103390068976,0.017880845215566987
2022-02-01,0.00481598694892682,0.03443935558191469,0.010821588316814346,0.012453565416723267,0.003552013438429702,0.012914048386035937,0.011583360108675222,-0.0007496883607259752,0.00937159414535782,-0.005664781377470951,0.01412456718185462
2022-02-02,0.013228446739473432,-0.0101854390601811,-0.0038457826639949344,0.0017263274944756546,0.006724866451844669,0.006728836040428066,0.011553061149353061,0.010879018430754561,-0.0007282161897890216,0.01050383072495964,0.024344591654032355
2022-02-03,-0.0034059984985987946,-0.00998312885556274,-0.024937390243863655,-0.0021542110742259757,-0.013242761731680264,-0.018761708454779202,-0.015059687248809905,-0.01138048256583235,-0.022590597149894975,-0.011099317689355237,-0.05027417592218575
2022-02-04,-0.020314925468616796,0.01690977323559606,-0.0009630427055066226,-0.008635611582778147,-0.009619923847404177,-0.018881474967644807,-0.02001023098315613,-0.012137152689275732,-0.015657038745519936,-0.013361838334723264,-0.0210539202300567
2022-02-07,0.0034882496445933775,0.00930588225709017,0.014460137803077533,0.012195152343662974,0.006235810963748367,0.007186406556038305,0.008586384238997047,0.003673222631249251,0.010982730567599575,-0.001625138151897021,0.002703737566458031
2022-02-08,-0.005021325285906819,-0.019044771258863835,0.003801083452978027,0.010757315080127006,0.0002383105969929744,0.006167547367014636,0.008201836773570781,0.0018930026492023355,0.0020603223751467503,0.002893829711751339,-0.006741059259886106
2022-02-09,0.013975270749490454,0.012942932482916447,0.01977487387664656,0.012558538917342155,0.012867887848537096,0.015024039012616841,0.014313658540954233,0.0011336940165902476,0.02056071914245039,0.0043281850399889965,0.014067166725898694
2022-02-10,0.004402729830162322,0.0018254145190377269,-0.009592576941206854,-0.0018919519269553486,-0.008116720668945532,-0.003315557009060388,0.009441627463713465,-0.007045862661497093,-0.009157509413429521,-0.01113303909451735,0.0003649678236474774
2022-02-11,-0.012387893984414089,0.009262080241397408,-0.012393197808944656,-0.0014742985572683276,-0.006878579615202329,-0.008672873273370185,-0.00854871237566357,0.004815064516334955,-0.013308640042758446,-0.0012711039624501153,-0.004014109415367839
2022-02-14,-0.016402999606351942,-0.007522190323719591,-0.0017926622974042683,-0.018983369094611624,-0.015524187431651848,-0.009587764002279342,-0.008521038260120406,-0.009710015672488304,-0.008992123129106466,-0.01381815130060371,-0.006350763009361993
2022-02-15,0.005297265706823984,-0.010610952928359785,0.006761032800431055,0.007955337775420457,0.011887381107680062,0.011011661045865928,0.003683247577448645,0.010314498550677342,0.00945179556857667,0.005530959214178122,0.000983330156763218
2022-02-16,0.005854768777050268,0.013176048024861053,-0.0024134664172956732,-0.0014931675176907966,-0.0019179577586517782,-0.000957532353471291,0.008460773129100874,-0.0050415164475291485,-0.00730343058429872,-0.004950503359577363,0.0
2022-02-17,0.00019397419006295102,-0.007409615667936631,-0.0035762736823605756,-0.01239055360048813,-0.003122773595478079,-0.004073367225503555,0.0003032323784932789,0.005320473219608157,-0.006225203297608339,0.002395449917425463,0.0
2022-02-18,-0.005237665306814243,-0.006398509641234784,-0.02026819096696797,-0.007787164480126396,-0.007951851350715411,-0.011066981827760003,-0.005254614469251684,0.010962736137738238,-0.023538376448053455,0.0053308289098508155,-0.028364433334898576
2022-02-21,-0.009360393322820126,0.0003066029238292245,-0.01292960866079751,-0.0054501854332118516,-0.00983723092808797,-0.014110157470296536,-0.008228414952248908,-0.00623208250130014,-0.01905131353808953,-0.008228139688093217,-0.014406712864371007
2022-02-22,0.0033465581879035255,-0.0022992264069678914,-0.008623522653247062,0.0,0.006378072859642758,0.003454642427564991,-0.00040971951913015836,-0.0008779592609678977,0.009512476237520051,0.004055999247750686,0.003974886290323054
2022-02-23,-0.004512692055277268,-0.003840835981956725,-0.015304992229896008,-0.0056992180539373605,0.0013406533365047935,-0.011189027930919138,-0.0033814347171159387,-0.0007532661967076804,-0.006478170892301405,-0.006243117119053121,-0.00945081512968382
2022-02-24,-0.024832402022015976,0.00400990362299769,-0.017555626629393584,-0.035052912945178316,-0.004503441213363435,-0.015543397518786528,-0.013160587612408237,-0.022613008252110434,-0.0035566153527958333,-0.004249806850990634,0.0
2022-02-25,0.034155233394154605,0.01029183079338547,0.033007073818950516,0.03015763493303969,0.02995472454845105,0.034988055280105845,0.021671120326230975,0.025963966116075543,0.03331350971662306,0.03136022379935066,0.03545643293961076
2022-02-28,0.004104127508524957,0.016268811759731383,0.013992911119153018,-0.005988034084053462,0.00011873381391391824,0.010251358467938676,0.015398757636396976,-0.0017539387394599482,0.009403144464216195,0.01601294279107357,0.006474915314054641
2022-03-01,-0.012845619367480743,0.019449478201435166,-0.0053243276134842255,-0.027443095729837053,0.007121643609745876,-0.005677714757597596,-0.0033142696802864746,0.0031375501887862534,-0.0007604011785239395,-0.008145969350559779,-0.0007423628186190578
2022-03-02,0.008280818014474889,0.022453753933101783,0.004697403330513161,0.013305758530101519,0.014378329318122773,0.013607128900529286,0.016525588723810047,0.004378812370634089,0.005707747892354398,0.0030352077974840075,0.002228624918942934
2022-03-03,-0.003128470146066431,0.0017224450945303449,-0.013482633981855341,-0.0015847792104604075,-0.0027884032139012804,0.0008390230680590527,0.002577340833756381,-0.000622763118130143,-0.003405227073352113,-0.00017803731178600568,-0.002964813718960957
2022-03-04,-0.004708085382964966,0.009743520508028736,-0.02259454398665739,-0.017913767078555964,0.004543858573090809,-0.011736567148905364,-0.006921069334254182,-0.0011218242991308802,-0.016894445415578274,0.016378885768794982,-0.011770569428990019
2022-03-07,-0.001773555518167158,0.03888176268350274,-0.01601260897675516,-0.01223741808332035,-0.003247492175048161,0.0070286216026334,0.0023894649336506646,-0.006239081654704659,-0.00965437326049734,0.018742331265797274,-0.010531549091869152
2022-03-08,-0.01312936310270063,0.027591917739681726,-0.02601425873124552,-0.01683023437472131,-0.016406837584985068,-0.020336881384396377,-0.023043302421453693,-0.02410846539000444,-0.03558199903223158,-0.004814284388436674,-0.020020272224949176
2022-03-09,0.02790848451287653,-0.04346675696591684,0.021296684709764868,0.026866315181233835,-0.001419556594349447,0.009089765759511259,0.003253351899537682,-0.0010293596216951473,0.022339018272064415,-0.005701482808653235,0.009309545485540971
2022-03-10,-0.01304019759885966,0.0036131481314396474,0.0016128961373993445,-0.006946034883062557,-0.0005923830066157931,-0.0041388187580014835,0.004458881638077727,-0.010561562355364318,-0.012062499783127234,-0.005734109830272782,-0.003458932416245508
2022-03-11,0.011240387340191615,0.006230918590917733,0.011962283026484277,0.01795291370299057,0.01671403535459226,0.015034878298983534,0.01553673196987937,0.010934704121611016,0.012009653719246005,0.01625306335784016,0.010027004835493125
2022-03-14,-0.008580302831976971,-0.030686607729846105,-0.020800201878038105,0.005955069226795118,-0.0013990337167303357,-0.0026493402971770053,-0.010729205163552247,-0.002961670693891749,-0.027195410653733876,-0.009114403784809322,-0.02430953134802294
2022-03-15,-0.0023604381759834148,-0.018029588705896993,0.016947174214896332,0.002732303087090715,0.009223594879781194,0.0037430277678824897,-0.006627873568722409,0.011494244945637,0.01982308522716747,0.00989239335977854,0.012783726976947518
2022-03-16,0.015772844984266676,-0.01011995036536606,0.03241634879700106,0.02702085835537349,0.007982355304529731,0.019607902522160714,0.017994326852461384,0.00587332847631572,0.02731257846994284,-0.006014753091271752,0.020736766233345083
2022-03-17,0.01416940643853204,0.020738982673129458,0.004201270266818824,-0.0017686937246753631,0.009985111603431296,0.0031854251564606972,0.009533334090969348,-0.0006346207557497152,0.0009703678040431374,0.005013847074036848,0.002776004471739757
2022-03-18,0.004784818676732083,0.0030047086322304573,0.023340251838051662,0.01196006827420737,0.010681845925071043,0.008820416450277646,0.007869323170814013,0.006985842739899217,0.028499367076811888,-0.0046447695304063785,0.0
2022-03-21,-0.0003811926577964586,0.03566333886473516,0.008284069905776459,0.005252827438836816,0.006183892593500051,0.01025885865394649,0.021667004104429566,0.004288647483858821,0.0088595895845891,0.00501211393826817,0.023279217586248846
2022-03-22,-0.0011432527405709214,-0.004269938913349258,0.008749463125733214,0.017853248190198956,0.000335219354262728,0.0009230809863804978,0.0003821256726281863,0.00489825893236584,0.016629285912484137,0.001547723993572614,0.014879524147943801
2022-03-23,-0.008966026305176733,0.022548031993009143,0.007298523743645591,-0.010695187165775444,-0.0073726101146582845,-0.001729323605869748,0.0040106776551707135,-0.00562435402601924,-0.00018375889654920208,-0.007039832341964036,-0.0009693897478338931
2022-03-24,-0.003849806364592756,0.004058482943575692,-0.008820791112825188,-0.001729769320101382,0.0013504697924575648,-0.002309700389196978,0.009511128074996433,0.0018853887692547033,0.0016544145232253449,0.008473073634011286,0.000848995704012312
2022-03-25,0.010628118701261347,0.017650195864296725,0.001589167569115979,0.006497792151952009,0.004944872953608792,0.0010418331742221287,0.005464498157056186,0.006523701899806333,0.002752756589488481,0.009602218385140304,0.0
2022-03-28,0.007265603931893905,-0.017079318633339335,0.015654703968762007,-0.003443078183971049,0.005144252895236789,-0.00023131674010667957,-0.004310336199503495,0.0034899509856829436,0.01006587194736941,0.00883152935344067,0.00884633488923714
2022-03-29,0.019552044669970403,-0.030711191337595034,0.018121282586919474,0.006909947858666499,0.0008900960558457793,0.0037011299816411825,-0.007340473965894323,0.002608360190045955,0.011052738277408825,0.0006733518485291246,0.009008986304320121
2022-03-30,0.003165159343629931,0.021956668304010885,-0.014729975551755592,-0.010079374006802366,0.001445056188761118,-0.006222642580356541,0.004550585061272816,-0.003221037317870934,-0.006272374173952211,0.00588832935573258,-0.010238034849531785
2022-03-31,-0.002227258289702605,0.006799020856340876,-0.0047757380183772735,-0.004766057656637068,0.002775002887805078,0.00011598024673276086,0.005662499804693022,0.006214268029944403,-0.00018038117390173358,0.0115403682245101,-0.004811157232261443
2022-04-01,-0.0024181115839213563,0.0028362922997833273,-0.003129595763067594,-0.004788798706623298,-0.0007748472178635835,-0.008347840240036208,0.0035661119699590405,0.0054348128258643325,-0.012445862983419431,-0.0021494885763755356,0.0021754470247412616
2022-04-04,0.0009322400083440208,-0.00013470890546085634,0.01695272904950329,-0.0013123659599519888,0.0090838564896214,0.0010523087638221185,0.006919747960310696,0.008476594583261221,0.022831050228310446,0.008616412111205785,0.02399907898889353
2022-04-05,0.0014903436548376892,0.011853514387585307,-0.003601548394957743,0.006570285546716903,0.012185757547229503,-0.004905463499960128,0.0037147244125674828,0.012547282916809843,-0.007499967302594834,0.01971415777881469,0.0
2022-04-06,-0.008184650809014093,-0.0070554631165201664,-0.03469999531977663,-0.01436031028197049,-0.0020606813264687496,-0.018544533547577235,-0.015544044011045366,-0.002646790344483896,-0.03292554463415287,0.003544405055337485,-0.020139026865850673
2022-04-07,-0.007501697646141614,-0.007105494105348886,-0.005777264453568187,-0.012141263715752637,0.018910964279658327,-0.006218658878030192,-0.00357147441130512,0.006393230030658392,-0.0035348581713299243,-0.0016054308452165822,-0.009495134885316059
2022-04-08,0.005857903518156293,0.037402165322371284,0.010330346296353099,0.02100555590411135,0.015040039062500066,0.012996412164688831,0.02056216161291835,0.014383278722914561,0.0020537115913732418,0.014954177933947932,0.006795262063702179
2022-04-11,-0.0060116040421077654,-0.014837945626439475,-0.0222600527370016,-0.0028452015172960587,-0.00861714262990576,-0.01104775839634442,-0.009981462404077268,-0.0025994753450108155,-0.029439129313621692,-0.008238283690797044,-0.016150394797262324
2022-04-12,-0.0003781549445206478,0.01757159675995168,0.014705865242291338,-0.0010975208571245565,-0.008267954309678083,0.0036036402613550678,0.010268842848365045,-0.00035548403494356506,0.011902455942956358,-0.0017571373536018342,0.005512688436252189
2022-04-13,-0.0026467430279687454,0.00025972829567422195,-0.0022544184759278885,-0.011865460794240001,-0.0075887035378341405,-0.0011969610994947422,-0.0022176849109443175,-0.003910810765602291,-0.00018968548106368388,-0.007041165459879761,-0.0023148212697252646
2022-04-14,0.004739127891735251,0.01025442505372709,0.009360825202646028,0.007560599140730373,0.00904689263424463,0.011623741835541823,0.015558439090082699,0.012135593171106684,-0.0015180612883586297,0.008702674007525557,0.0018317673812644486
2022-04-19,0.0009433213942562357,0.007066624815931011,0.012578619932686275,0.0022069845749339567,-0.008965780183541994,-0.00011839027544080505,-0.0027357563536309915,-0.00858120794113515,0.0007601846510700838,-0.0025563164566551055,0.000975063347731453
2022-04-20,0.011687182409200858,0.00038283247949588706,-0.005474225231715035,0.012772557432363385,0.0034464157251807848,0.009359000732841238,-0.0029261127746732507,0.010908297821759838,-0.0018989455831912583,0.00704787160913245,-0.033000476372637255
2022-04-21,0.005559328314690637,0.0010202040291296122,0.006033658171471501,-0.003696498748382848,-0.001180644118422114,0.004342755397125142,-0.005319165684013583,0.008327457971889274,0.004946695485919861,-0.00588514296438325,-0.009822449164391012
2022-04-22,-0.01677546722821799,-0.03388961785082023,-0.024200368577459108,-0.024225242639557387,-0.02439282938554921,0.0,-0.031532345545030815,-0.005583381995090675,-0.027073084313476548,-0.009919982910156278,-0.02683453744369435
2022-04-25,-0.021232233546704782,-0.05591461678466758,-0.017791692515484847,-0.024155626000280872,-0.012115854863186448,0.0,-0.033891827185499435,-0.006901349311422389,-0.015372658589415611,-0.010342588535897868,-0.007710404553209149
2022-04-26,0.006585476222997988,0.03799415225369285,-0.015040017260574023,0.00160439360785114,0.006801210767611199,-0.0362276321745576,0.007292055964629229,0.008598300523193103,-0.00790509334474021,0.011430387476431436,-0.004741179407391827
2022-04-27,-0.009043809158906457,0.0036334851477830554,0.005907253366984833,0.004347794585626508,0.0046511423560482434,0.006669036185550814,0.019369944276013573,0.006890155158350231,0.01972107268373602,0.0037132635992205287,-0.01204182588055236
2022-04-28,-0.006796107602809021,0.01903993207404331,0.0008864468814924198,0.002278475511711786,-0.00011025282292642657,0.0014454679768052259,0.0038387863492701513,0.0023196119857413766,0.013869953471721042,0.0036995876420740093,0.01473347606939801
2022-04-29,-0.004692194248766213,0.014605271188836255,-0.008634991292878702,0.00613768203601972,0.0004409758122705387,0.008299283695835102,0.014722762313503779,0.0005786051008709325,0.0034682138705917076,-0.00881415125494367,0.004883804304424588
2022-05-02,0.0,-0.020879271140031963,-0.026242389988053727,-0.02281966470481822,-0.014655667559831276,-0.02147206265586654,-0.019408305732425468,-0.016768874258897948,-0.02611368207634379,-0.01810830977390221,-0.011296462185178213
2022-05-03,-0.029267257106038058,0.039735099337748325,0.015825744622807836,0.019884407175758678,0.0063744096007170015,0.00902106393735913,0.010568778389403066,-0.00035284380712008456,0.017350103159279318,0.008068527616668542,0.014348383045629243
2022-05-04,-0.013557410122104208,0.004968145091062803,-0.01998198505162374,-0.008161428369308998,-0.01266806774875373,-0.006040836296710039,-0.005324182895692475,-0.0070596363007660035,-0.01647283913288089,-0.003920314826547755,-0.013359559063977788
2022-05-05,-0.001025394143512104,0.014957539793448271,-0.00794833350324653,-0.005028599330357153,0.007090657215891749,0.0021879216302478355,-0.0022940688860946246,0.0030809590959939293,0.005911315015971308,0.0021318640388836574,0.0
2022-05-06,-0.012628456486844741,0.007493424208915966,-0.010915030323121466,-0.014932178484020175,-0.013746125511720608,-0.015039392476241531,-0.019352334702233964,-0.012285893641825862,-0.01057788293041384,-0.004418269596906832,-0.002787721819797473
2022-05-09,-0.033586244240900176,-0.046113813129292636,-0.040267671905224955,-0.01935638550326113,-0.01813029432431834,-0.02179530431006782,-0.030187611848965457,-0.005501723252178792,-0.04682237066638939,-0.006245908401745326,-0.0272896594004014
2022-05-10,-0.018614603378528383,-0.009096776816157837,-0.017125400928182377,-0.005469668166690922,-0.00242353238054982,-0.007552946690279616,-0.00664849456062655,-0.0009621386600912052,-0.0014539348667288454,-0.0038041605312461035,-0.002052872997652666
2022-05-11,0.014801368164909068,0.04026229107966195,0.007591793676860137,0.015064588061037387,0.009717680635884074,0.01141554499852715,0.021397430253438765,0.008787809794335244,0.007384285732762619,0.01610495148722202,0.008502506337775495
2022-05-12,-0.012424480039043395,-0.02130613272703441,0.002964400524747113,-0.010600724495918534,-0.005728689356015448,-0.001881132805335306,-0.013006329852232712,-0.000119357229907191,-0.016828383678987646,-0.012091530543164919,0.0019037175401894757
2022-05-13,0.018925691526793242,0.038773698862883066,0.02327585542710242,0.019523802257719547,0.021548775903280637,0.018846589634605726,0.01820739857073006,0.012531273551623867,0.03034757206524885,0.0124048959867189,0.0203583190480654
2022-05-16,0.005797863408395498,0.016369043958520457,-0.013358924417846585,-0.010275540164521924,0.004850539173992585,-0.006042642568730439,-0.004149359453469392,0.005539854325679938,-0.012637642259006765,0.009475605942327547,-0.002527274951797831
2022-05-17,0.0071519895531149125,0.010126913620377653,-0.0006099420555046864,0.012977801396856004,0.0015716141307895448,0.007196052630707106,0.017658717513955757,-0.014300800089288357,0.008464076363248418,-0.0035604663771390266,0.0010667951628020589
2022-05-18,-0.005723507495463576,-0.01147487096426092,-0.023922849715268923,-0.008851643731980552,-0.010087441308732736,-0.008130126381230118,-0.010918334242444594,-0.03234622083201322,-0.016069598197182566,0.006009402853966117,-0.010789909625161687
2022-05-19,-0.01545658210437173,-0.015640259488920005,-0.01538080953055132,-0.01715627627087024,-0.01766301589655883,-0.02781914998952517,-0.010053189949441932,-0.038712073485965615,-0.026006450342545007,-0.021149460568907208,-0.016832749529953284
2022-05-20,-0.0020573123175554597,0.004841104784850225,-0.014731979479117974,0.0009565020521100642,0.012332868470243952,0.0002555476848862259,0.005376353070504658,-0.00191768759317279,-0.006621757293332253,0.010885697439962483,-0.002739348117048346
2022-05-23,0.015514799461054274,0.015935774727108942,-0.006960568481337526,0.021739126472613446,0.008083787654227459,0.009323061291026002,0.012675764871709072,0.014602272244200076,0.01139659750831079,0.011094800049244347,0.0038456087627487534
2022-05-24,-0.014102714617442835,-0.017509664997767516,-0.022585641784680144,-0.020341335575712938,-0.010503730467125938,-0.019612747643991235,-0.016819882503148587,-0.0071960573338266665,-0.02657595416296732,-0.012425374255219945,0.0
2022-05-25,0.018855921686232513,0.030569226460627652,0.024833931492700634,0.01957039773179381,0.012898039556507701,0.018456378978045196,0.01551618802852861,0.01729400586097385,0.018564998950614475,0.023529389031984982,-0.023395813853838487
2022-05-26,0.011274185237224454,0.01669277140722336,0.035894833979348784,0.01591760968504463,-0.0014649228819854088,0.012926075221514344,0.0052889414652068645,0.003750038146972612,0.01833394205439065,-0.0036717679514272072,0.014429835229314403
2022-05-27,0.012620974561992515,0.00673280971140966,0.025894416207223214,0.013594473083971659,0.009592579486133124,0.013762022643829086,0.01695243447112693,0.008094568764404952,0.03495472286253465,0.0012818752002929923,0.0
2022-05-30,0.007062627661250875,0.004106517192723036,0.01597363156286291,0.005910395808429225,0.0029063507589013327,0.005923773468650584,0.006323085643573867,-0.0002470246302688217,0.011902320779474174,-0.0006401170499747977,0.02762046739654811
2022-05-31,-0.015057662491634316,0.0023369589152031356,-0.00684109093749341,-0.00836155778270653,-0.011925988411347843,-0.012268432999531287,-0.008568178960724482,-0.001359206844640637,-0.014376196718877132,-0.008166567333865005,-0.0037629186919909685
2022-06-01,-0.012460753994656737,-0.007344337402462431,0.005800644796780663,-0.006381098158121934,-0.008121841041287992,0.001117828040028357,-0.004609138950953162,-0.00717646415794071,0.005303923278361156,-0.004843384625636493,0.003642243358950692
2022-06-02,0.0,0.004462680523880991,0.008770824199158866,0.0025229498670018558,-0.006255010233696567,0.009181115108918059,0.01736441596346605,-0.0026171372141508,0.0023336380137068957,-0.0024334476422274154,0.0
2022-06-03,0.0,0.006430527997282498,-0.013935185584842302,-0.002974085018092487,0.0025177526621462665,-0.0019670031954539535,-0.005689346475723944,0.002249160413861473,-0.011033545472048267,0.007318213302306198,-0.010887076694064968
2022-06-06,0.00763448652217158,0.007899631630008397,0.01763496881661264,0.00986683048214343,0.003652964616417842,0.013673326018462717,0.009917994559163423,0.006732339130918641,0.012794268567502654,0.010009731358222584,0.0
2022-06-07,-0.006734876110861654,0.013024403245675886,-0.015192863849221028,-0.005453257735120287,-0.0005686467630175995,-0.003645680500912518,0.0022662687470393905,-0.009535562143237253,-0.0038402957568228757,-0.007352987357291063,0.0
2022-06-08,0.0008477547963228194,0.01672546627502025,0.008918860466219813,-0.008910198436592909,0.004438367787163999,-0.0032930436650946415,-0.007160374416815718,-0.005376347676015691,0.003144948357040711,-0.00450883713650263,0.0
2022-06-09,-0.01767761704074189,-0.014771706421310205,-0.005614636552902619,-0.011756618802974739,-0.008724272080488094,-0.009177679745432932,-0.016891239568134875,-0.0012571477018116228,-0.00849510883114013,-0.0076027373507489004,0.01290933381334547
2022-06-10,-0.029633852574888597,-0.021921856941228057,-0.0419269336056598,-0.03452296662259935,-0.01748769935597938,-0.025935512442404995,-0.028378328719243395,-0.007174319908351268,-0.04610367431917339,-0.015647907226560176,-0.03474642133840522
2022-06-13,-0.03997777389852353,-0.03181974038263036,-0.03736681325308577,-0.016670660470740506,-0.015472334169614133,-0.022695585814530905,-0.028213827378929413,-0.005324520582778214,-0.02972624977636784,-0.019042850187191207,-0.025434340982896875
2022-06-14,-0.01388098625061751,0.015593083597644108,-0.0028656193946631214,-0.005159682568455337,-0.015242833007125589,-0.007005720066158405,-0.012471899657628738,-0.01720620048271526,-0.0068326551882700315,-0.031735331108179166,-0.011979479409706562
2022-06-15,0.010792050310443724,-0.02279438227133035,0.01698230399134415,0.00963199242977164,0.006959465521250374,0.00810037547904252,0.006314706211046017,0.002204618954736448,0.016200610740971566,0.0008716742769965258,0.013568109560220254
2022-06-16,-0.0075434093014247194,-0.05499148585735758,-0.033397540463477204,-0.030821969259027693,-0.02204478687424094,-0.028771398591745934,-0.030963914870679732,-0.010740189494892194,-0.03668923938820223,-0.018812019146976278,-0.02748502482072601
2022-06-17,0.004326474618806753,-0.061133119708992156,0.006245863398048224,0.0036345535326147704,0.011209920462608824,-0.0030691666592008726,-0.015286569624868629,0.004316570885909865,0.008728141378507637,-0.005858367128132369,0.007761015277013561
2022-06-20,0.005588678445668238,0.010897634960563174,0.0051505465314467536,0.012222112005360053,-0.0012049460982664906,0.00026775897076802835,-0.0001078281155684202,0.0,0.002584597847565817,0.00160714558192665,0.0
2022-06-21,0.00891514228317325,0.031262629341679116,0.017737465028182964,0.0029813399226028547,0.008686225431352002,0.004817248290992282,0.00797841362554741,0.005079439904257965,0.01714860746876834,0.002674300685876929,0.018453916827182892
2022-06-22,0.00022972380978902862,-0.0314908672567078,-0.0016782501285108609,-0.004458764179793295,0.014232776375065814,-0.00652547459936792,-0.02171353969068346,0.005183381305817747,-0.0022038231211259918,0.0023114731425717405,0.0
2022-06-23,0.004818636327134529,-0.029546712901427186,0.008017523632574353,-0.008609028825880993,0.0160377424694369,-0.003619258023980665,-0.013229817369176833,0.015469858875379883,0.010712242502677327,0.01809473970358244,0.00656299114942871
2022-06-24,0.01724138799829933,0.02168771794766,0.02450293440521345,0.027507198273295286,0.01787364462253449,0.025696165554470074,0.019058185270948824,0.018408082257603597,0.02469408019150854,0.0,0.0270729963697518
2022-06-27,0.01133662569835936,0.01183838307077889,0.0027548362011233785,0.0007328430630324512,0.008437919257862525,0.004066175192478649,0.005327800992343867,-0.0013712367075253695,0.007037787062277978,0.018644358010173168,0.0
2022-06-28,-0.0005549523299377412,0.026089327938173534,-0.014860170007448326,0.006590198919184553,-0.001356883121543695,0.002612631486206052,0.005624099909257607,0.003744888896169085,-0.015671360849993987,0.014197773589687657,-0.007038316689768176
2022-06-29,-0.021210361973959313,-0.010091798711182376,-0.014830753935825669,-0.006062075407977874,0.0004529089183147317,-0.014592869662306551,-0.016240074012837336,-0.00024877840504766713,-0.009143701403747873,-0.007083858612870864,-0.013342625748317904
2022-06-30,-0.00816891851429924,-0.02356677887018288,-0.010293399886678212,-0.015125706786875748,-0.0049796563871311594,-0.001189955588508984,-0.01432160862699594,-0.004851342114808532,-0.010965173483203361,0.0011890554797735486,-0.006902350547251079
2022-07-01,0.004918901580269974,-0.0035254526946504328,0.006240293400414876,0.00594505040418114,0.0062557218290761885,0.006221885292650553,-0.007320359752677641,0.009749984741211026,-0.005707976419056959,0.026637253671613736,-0.0021277082151667237
2022-07-04,0.003642559563459491,0.03333793235616045,0.0043927174572075955,0.008372325719719909,0.010059900275441125,0.0052624853918830095,0.0102793091502269,0.006808653875577608,0.002428805655286581,0.0008263601577396251,0.006112327247350224
2022-07-05,-0.01871369722028937,-0.05728214331928683,0.008747109903030958,-0.011721600324626547,-0.0016786204661409787,-0.009292064910857656,-0.02410971410442364,-0.0006148168035416957,0.010903059807225057,-0.019649973818050115,0.013986998608562562
2022-07-06,0.017336935686288468,-0.014527075559890412,0.024611073071155287,0.013837349683776923,0.026118168982923295,0.01717309252530952,0.008386281857197364,0.02386814063167031,0.03192069153449739,0.01499072605120877,0.0
2022-07-07,0.010111480384865201,0.056130388563803146,0.024393268471609497,0.02388495177657224,0.005789805265415726,0.019220822817319405,0.03326589090583587,-0.000360475593088716,0.023120802504039473,0.014105581023798663,0.048348908994994444
2022-07-08,-0.005511520944107229,-0.0032211177866462437,0.012392228194817223,0.003332616280394829,0.006734036587782155,0.005606457609470095,0.002719164600406998,0.002764703940248747,0.009183772118630307,-0.007363782661511276,0.0
2022-07-11,-0.010178639022917713,-0.005520345378299152,-0.015840629615014534,-0.004270469719088066,0.004746950053106991,-0.0015204652809370778,-0.013125057516314764,0.004315519278992097,-0.00633949618850127,0.0056050140692902595,0.0
2022-07-12,0.0037706576095852817,-0.013132970656477116,0.0007315883066809636,0.00929233686693487,-0.003758171206305394,0.005583690291518284,0.004726316655417229,0.006803529519328055,-0.002572545783236513,0.010655762719326223,0.0
2022-07-13,-0.009106348673376896,-0.004664512837668,-0.006336013707810451,-0.023843298434317095,-0.01444272855702644,-0.0174154125520104,-0.013565314992740385,-0.009365749019778824,-0.01805426590828718,-0.00940797756203171,-0.019138762651964902
2022-07-14,-0.012521636184795959,-0.03142668935609594,-0.00490498480576429,-0.01934701974804731,-0.006780432305645734,-0.007449291375648648,-0.02251301786092319,-0.0033508710803938913,0.0013658042971333995,-0.005894884757663976,-0.008401121097123432
2022-07-15,0.01768275991232815,0.025188620421480845,0.01922362944252387,0.016276198762758654,0.020700256108072912,0.014880972360819866,0.012593608101181042,0.007444797738591635,0.021613736656764138,0.00543570805520055,0.010931938433662136
2022-07-18,0.007201616506984365,0.027207094108326224,0.013178623858669303,0.01019174940483869,-0.008737838028689437,0.0031875557698233248,0.011204481792717047,-0.0036949366191925126,0.007497131631380993,-0.009174334287215924,0.0018924596174088038
2022-07-19,0.00499357683911561,0.002567600559543859,-0.0011933902132897911,0.008887795397347409,-0.004570662441343187,0.008642606793826557,0.009085869194728202,-0.0022729371974573587,-0.004587124926009989,0.0011574023702718428,0.0016189431726820747
2022-07-20,0.012309427595768252,0.013209269379833799,0.024492271523324893,0.006666637602306569,-0.00032796303593018994,0.013860867762866658,0.005490282218903131,-0.0028776721748028367,0.029800266126402963,-0.004789445403491355,0.023572224645801887
2022-07-21,-0.004543732763211961,-0.015431635771863905,0.009446035668731811,0.0004730477374910169,0.004155700385741534,0.005344274298640483,-0.0014196489445365001,-0.002284781542077119,0.004176668740421441,-0.010786553755169459,-0.009869694629692893
2022-07-22,0.019565628313300554,0.009322994083173386,0.008086929267331344,0.001182015081852228,0.0025049374613159703,0.005810374882550429,0.011154818633343888,0.009641983977260127,0.0001980257714562228,0.013252825154143055,-0.026049986019368032
2022-07-25,0.0012202615810856798,0.01874165439188613,-0.0082512170877449,0.00708389758127459,0.00010857693106558486,-0.0011062434440751723,-0.003785404256832492,0.006804341860641605,-0.010693087436185023,0.008443680606774251,-0.00463972701593518
2022-07-26,-0.0046532994890411405,0.008015776906473926,-0.01756418137717186,-0.001641258905506593,0.012817731223865536,0.0019687912971388943,0.003908377027098897,-0.0017784432416081408,-0.007305802050804444,0.011328166613651769,-0.009734041367420398
2022-07-27,0.0028941273523119815,0.010819995319524045,0.011291540246672893,0.0014090548617589072,-0.0018232322269429169,0.005280612840037557,0.0004325826213831263,0.006057661147959692,0.023087013400167056,0.0021104070021991106,0.0260279280148199
2022-07-28,0.02674814670289294,0.006061403342194183,0.02163285541215365,0.0070356294876818826,0.00881056943712255,0.02003419713438226,0.02475408996483508,0.009327047744878803,0.020102416423436464,0.021869468634851952,-0.0031034629857316087
2022-07-29,0.00972869969719592,0.029996106573670467,0.0,0.01443881617165177,-0.009585701690590587,0.014131740181745789,0.013185653583972279,-0.0015206136000275317,0.005796040600584806,0.012682295717161951,-0.007038446899813033
2022-08-01,0.0017127680571424886,-0.023273119510883178,0.044740442497952726,-0.006887122183190764,-0.0027959405614443877,0.003070407832941102,-0.006350865080377521,0.0056231926441767666,0.013061857227008256,-0.009549164059986737,0.012131982754042703
2022-08-02,-0.009297795566082345,0.011850156286896008,-0.0014165550634548385,0.0009246629005861262,0.005391998079363969,0.0011772836266408238,-0.0028290472082364015,0.00232996954996878,-0.005498689918429611,0.01501502696485102,0.0001346703697058249
2022-08-03,-0.002804836708763858,-0.009192838726462815,0.011566974745238712,0.005542764034540237,0.001287086912655111,0.004586069913567359,-0.005568969102594967,0.001278482208055376,0.024213545077029552,-0.008408609549407142,0.02087257345850957
2022-08-04,-0.0030290094235638776,-0.033172351299290304,0.0009709166154061588,-0.0013780746906143504,-0.008784142562696884,0.00163876143214714,0.005071886728964747,-0.008705745638027729,-0.004467640971949627,0.0062814309667393875,0.0
2022-08-05,-0.014865175597087221,0.0022347596901184374,-0.00819056071485924,0.004369793668567601,-0.000324205983925574,-0.004207089069013237,-0.0015769714208119234,-0.004449705808229343,-0.0003739801408912946,-0.005617986892395788,-0.012003704246731584
2022-08-08,0.02070677363588147,0.012067232740270661,0.01390849501548419,0.005037811539446713,0.005621585330447543,0.006454677357906835,0.01526794703174228,0.006469102252107284,0.0035541048383862517,0.011613274475724689,0.01522033697172609
2022-08-09,-0.0029133354203318973,0.007776029622141412,-0.025720651155063057,-0.00592386250054322,-0.003547561960536294,-0.008395536412876936,-0.010267557379900372,-0.004791352508788704,-0.015470676746473622,0.0017064941345625861,-0.018674407766249956
2022-08-10,0.021103769182641674,-0.004629637351615146,0.014849834118791927,0.013751970190978735,-0.007336285330293735,0.011288794380732048,0.017290176261158585,-0.0032880037182994037,0.012495264127704742,-0.00449126400647315,0.013803292080720064
2022-08-11,0.006465051559398027,0.026485728448957024,0.0048774868612915245,0.008817530944715823,0.003043134146245352,0.007906980292741617,0.007519527335912546,0.004712553473401604,0.007292434423834093,0.006378401834093106,0.0075347203947315755
2022-08-12,0.001369087973734251,0.00855884620887748,0.00916835813304906,0.012102217132539339,0.004117426044515593,0.006921994370197027,0.006850074788504745,0.002697037526100843,0.011880441847746726,0.008038284486654668,0.0
2022-08-15,0.0034706963227635335,-0.00935979066151793,0.0,0.005978752406464949,0.0,0.0,0.0,0.0,0.0,0.0,0.0
2022-08-16,0.0008380236719918166,0.006424819272824012,0.026293278630453498,0.00770412660730746,0.014244088927440668,0.013061404738686333,0.015840754522922218,0.025377126824160046,0.015043176201998909,0.023769407660164887,0.02689581708972555
2022-08-17,-0.012564958162291195,-0.0010013998205770092,-0.010101995680278253,-0.00786370947904802,-0.004787711016808638,-0.0073512954008090325,-0.012794869727937086,0.0019388477230111167,-0.009398164477771864,-0.003145582351003151,-0.01226526035753095
2022-08-18,0.0014843071432513177,0.028943807275427558,0.005575999603159021,0.0052840530194229185,-0.002886511330107533,0.004785300380583113,0.007897921855256174,0.0020489505782836925,0.011859107733910523,0.0048084099196110675,0.0
2022-08-19,-0.01789502802288434,0.012177301102703986,-0.013705850208120096,-0.010731530444684556,0.008148409602060092,-0.005782992653496244,-0.00964435478845671,0.005339102887885749,-0.011179209197973994,0.001944029431412142,0.0
2022-08-22,-0.015202209241647169,0.0086620977805274,-0.014744875773268329,-0.005755995839555994,0.0051047895689144696,-0.005474490821885447,-0.0025360113142262053,0.003276846503133868,-0.01422317244942728,0.002238828744461241,0.0
2022-08-23,-0.011933236611434528,0.03268136465704674,-0.005383290426202114,-0.006902724879632283,-0.019997876911738044,-0.007798168910251202,0.0072205743033804115,-0.013852949028616335,-0.008509117415546164,-0.012658204837024623,0.0
2022-08-24,0.003988928837614258,-0.00011552478654353049,0.012232138086264,0.002017940710022925,0.005074428604742609,0.005316767588016802,0.0020193552745699783,0.00559622552337502,0.0033582147444031207,0.0,-0.025740510039978792
2022-08-25,0.0018760213945201443,0.012128948313033128,-0.00181804934719354,0.008055507303963205,0.0006445933005569948,0.0043687886727090675,0.009875084421896885,-0.001930786967036302,0.004276674366992861,0.003469015338649628,0.004646819850074868
2022-08-26,-0.007931281750200081,-0.007989095591120932,-0.020677016836326834,-0.01509434665242737,-0.007836858239135824,-0.014652000576396595,-0.013969282666399518,-0.011606698622498413,-0.01795958963433497,-0.005561327581184883,-0.020483644081985775
2022-08-29,0.0,0.014956317063318458,-0.01892575525243856,-0.013297276691253468,-0.020125520960857957,-0.01754184600499986,-0.012244475695298296,-0.01208845319341012,-0.03129713082124308,-0.00801097913171589,0.0
2022-08-30,-0.01498980075912848,-0.038199985263559166,-0.007805496720117544,-0.00708080327175209,-0.006404529784631352,-0.009932556945983273,-0.019875037693632747,-0.006292983695269427,-0.012261600915111526,-0.010970495527044988,-0.024284983920899617
2022-08-31,-0.006876381497350925,-0.011667623825255324,-0.010564198763125865,-0.004830984432314778,-0.00777955714071199,-0.009196276622353339,-0.012020503270503857,-0.0072709644845273536,-0.005911315015971419,-0.012016736476425871,0.0017975679853952098
2022-09-01,-0.022701351194795105,-0.014190346204926652,-0.010904123971940405,-0.006703585577480853,0.0053763817595939845,-0.008437764657270863,-0.020418962904368176,0.001299475586163279,-0.019920734448303667,0.006705135250147931,-0.002070374978955347
2022-09-02,0.018350647977354306,0.018144430061974637,0.02514922790493923,0.018152170284814195,0.008466961773045512,0.012764349563526567,0.018792586261848765,0.004129288170127143,0.022752553482526583,0.005111552718929158,0.010788391211449255
2022-09-05,-0.015168857792619006,0.020791256244147904,-0.01030579369935225,-0.008914271763392878,-0.005965458530252543,-0.00588162139153714,-0.004558468110134384,-0.005992270386242282,-0.011073786368804961,-0.0041608359624900615,0.0
2022-09-06,0.0018528046801726816,-0.02129890444662652,-0.003735165101913962,-0.0018450606533337854,0.004556523865513418,-0.0031393641292988272,-0.00021303804191552533,-0.00047282406913495834,-0.002999354453428471,0.0023211682158634783,-0.020251811514651608
2022-09-07,0.007166908980731135,-0.027589485026280558,0.007498337733251592,-0.003003633481620027,-0.002987018972115729,0.00048450722759474374,-0.0012781755506828807,-0.003666007184767728,-0.00401124670058528,0.013123454493904507,0.0026536388003735034
2022-09-08,0.009181592568159758,0.004524920652707376,0.01747860900342535,0.019466978514105282,0.018641813736956392,0.010532721097502362,0.013651863802616848,0.003679496244436198,0.016713689762484885,0.007771936688352188,0.0
2022-09-09,0.011259033157035025,0.010591706270351775,0.010528614794395708,0.009092923298919642,0.006644886602102051,0.008386209871871442,0.01799241443602817,0.002010475440494597,0.00891259523237653,-0.0030242999629317424,0.017411896047771158
2022-09-12,0.01248324233622733,0.018551992240645854,0.01063831122457315,0.0069835858876652335,0.0020559983170915785,0.005465119335625435,0.00919896009972554,0.005192904456266856,0.007459777745576712,0.0006067179636308762,0.000958374805240414
2022-09-13,-0.028768182964932554,-0.005322348449369629,0.0,-0.012527994714382817,0.0,0.0,0.0,0.0,0.0,0.0,0.0
2022-09-14,-0.016468472469360673,0.01938174687736849,0.0,-0.008835509629388394,0.0,0.0,0.0,0.0,0.0,0.0,0.0
2022-09-15,-0.0032558326846753305,-0.019596410117717622,0.0,0.003885672433035614,0.0,0.0,0.0,0.0,0.0,0.0,0.0
2022-09-16,-0.016682197225272644,-0.026650867481642693,0.0,-0.015254968052777595,0.0,0.0,0.0,0.0,0.0,0.0,0.0
2022-09-19,0.0,-0.004278187074512774,0.0,0.005086733426661771,0.0,0.0,0.0,0.0,0.0,0.0,0.0
2022-09-20,-0.015185414879612669,-0.004910404252081002,0.0,-0.004830984432314778,0.0,0.0,0.0,0.0,0.0,0.0,0.0
2022-09-21,0.001565757605002993,0.021959028286550497,-0.033206783910132986,0.009708784094739853,-0.030237532057257988,-0.04348340333931844,-0.051925437592349355,-0.01585063406298548,-0.04403737987085632,-0.020160706479376178,-0.05320748815016263
2022-09-22,-0.029468195886162896,-0.007604988909563848,-0.03401053882419114,-0.024954215773179245,-0.013585759234328254,-0.023224179423008473,-0.01793233270160266,-0.008470521200878767,-0.029555660871400935,-0.016862626282178494,-0.014446678073467667
2022-09-23,-0.017350450927461902,-0.0621578964512689,-0.015919069905326766,-0.01620095384449205,-0.0007902426436807719,-0.012267626463221326,-0.02485977389936489,-0.006978724904286082,-0.003045588235765395,-0.008497260771207493,-0.007622404803991012
2022-09-26,-0.02421488852194653,-0.006874173667782535,0.008383505301748917,-0.0014320136302132802,0.0033893957193849023,0.0,-0.003722524820920059,0.005089036412910586,0.00853257722521672,-0.0088874396684816,-0.0023633373783492617
2022-09-27,-0.014993138436286912,0.00731353742752594,0.005152163983022762,-0.0057361777627037425,0.004053604551830459,0.00012806832811640412,0.005887643171005097,-0.002411054317060124,0.002924574739340269,-0.017453965400665683,0.0019247869535550244
2022-09-28,0.005379891194888131,0.01037213898931344,0.006989819770655936,0.0009615605046771059,0.0123359705810131,0.003584672604134642,0.00979291740707744,-0.007250736847384864,-0.0069776941508953305,0.0014667560575725158,0.005024371049904275
2022-09-29,-0.012659714650463227,-0.006031069150039592,-0.031813974113016674,-0.02137366481013181,-0.018610838236968297,-0.0209210282232124,-0.01627465276304252,-0.01606816397207722,-0.029889863867114896,-0.03384868682229758,-0.026466740486096207
2022-09-30,0.017184377246099558,0.013168142067089272,0.0008364164509759853,0.009570537169286908,0.006885660182499143,0.005732930832654803,0.01790370346804182,-0.002226899679552252,0.00821623931059956,-0.011622008406983797,0.008911043184480105
2022-10-03,0.012865356566004404,0.030453609676576177,-0.016117459881691554,0.0019446240214291421,-0.005941690554142065,0.007254793896642742,0.013469877099060223,-0.008555516780552552,-0.007291446382152844,0.010906601675528371,-0.004490978105107568
2022-10-04,0.017706233179835884,0.0248546363122375,0.0313068084821162,0.025958264510841378,0.012743937139363393,0.02327971136454976,0.023945521564729733,0.007878905210496834,0.027003671965379228,0.0013486485412383953,0.015488674544016368
2022-10-05,-0.02924887265789211,0.025699866715725106,-0.01659014081839283,-0.0018917434221504825,0.005679225941028099,-0.0005027767314583764,-0.007187279126494084,-0.0013648465809064092,-0.0003155109246861798,-0.00959595421181747,-0.009329146656346099
2022-10-06,0.0012988306662156113,0.010704576048081504,0.015793247976859437,-0.0014214062993387344,0.004207783114665187,0.0031438633117926162,-0.00010807278120650299,0.0013667119330151856,0.020094644622733915,-0.011898703742177053,0.020478338228932635
2022-10-07,-0.022179096201829784,0.018621956566793774,-0.026972919603886147,-0.017319177473466785,-0.013231938971575485,-0.019556194361822654,-0.015236693842227811,-0.011291674824000397,-0.0370255401380829,-0.016858756652833873,-0.022557533192286816
2022-10-10,-0.011540039266875968,-0.025822607329989866,-0.004963123823751636,-0.0009656470931489469,-0.0052519972278757265,0.006776611501100316,0.006364554466536276,0.0021335111482707614,-0.016065116802782886,0.0019247032846445578,-0.0014985392261632757
2022-10-11,-0.002817905447711877,-0.007741070203761025,-0.002554733482592275,-0.01063321483926416,0.0035946945280989073,-0.004825974901287333,-0.011121978554671008,0.006637430049152071,-0.014368125126384967,-0.01205027326117658,-0.011406305328639066
2022-10-12,-0.0026913425441031924,-0.006737585166725291,-0.00414680261921152,-0.004152373586901126,0.002238690237688079,-0.0022970942288634832,-0.008159725143266683,0.008584255598203638,-0.002319234751954058,-0.01378820547118087,0.0
2022-10-13,-0.0031036263535512143,0.033321469623151634,-0.006001198464328561,0.00981107938902337,-0.005584096436091257,-0.0021744457442021137,0.007337450633702058,-0.010361370927009506,0.0011069969843875427,-0.016848941136056395,-0.006831649768277548
2022-10-14,0.008256684917388846,-0.013129095538504498,-0.00024647944256162013,0.01044450629828142,0.011567820852495636,0.0010254351938161488,-0.0073943070790440935,0.00635665568362298,0.003759357902614946,0.015496851640194764,0.009324418961296654
2022-10-17,0.019465582351894106,-0.0014004287917261937,0.010598972354210812,0.010817326428975482,0.003885849620372639,0.009476316146335817,0.008894767630059475,0.00037154793275440134,0.007600820122103835,0.018312395759289446,0.010601195378658668
2022-10-18,0.005004218649262926,-0.015192275989179937,0.006951215790539145,0.0026159479749672254,0.004644969889963546,0.00900671150552923,0.002093921598846693,0.0021048137353667506,0.003935723248575718,0.0,-0.00014984677684726222
2022-10-19,-0.017033745591643723,0.032395911542476785,-0.0004844485366983786,0.003795062808140237,-0.008586512667785429,0.004651782025687723,0.002199460547354759,0.0018531491470235029,0.008276102490274884,-0.001410469487533872,0.012739814002060257
2022-10-20,0.004544933637673498,0.016206938644935276,-0.0027868136549247247,-0.004962171218974243,-0.0033310618531618985,-0.008009097606216709,0.0016460170130563334,-0.008878944676584788,0.009936341232614776,-0.015536742189232178,0.0
2022-10-21,-0.0135514098953331,0.007352040148856487,-0.009234533512137433,-0.003087178015458769,-0.00011143199635055279,-0.0036582982012549614,0.004601206995640039,-0.0024885476023606135,-0.007058107657273327,-0.0003586198649271344,-0.01879530200016144
2022-10-24,0.008840927540324062,0.004828209263006977,0.003188645245415511,0.011434005418542226,0.018607221938109264,0.015446866794814884,0.005997852454327157,0.01022826136401056,0.017662890862680358,0.007893767733397228,0.014932122986873297
2022-10-25,0.031144785562108313,-0.010057006898681276,0.02444987683844624,0.004945809915230415,0.0007656934612365607,0.00822947240927352,0.004444484142106964,0.00530930135223695,0.016932993018244025,0.014773905515286234,0.013374895902247497
2022-10-26,0.014252133115210563,0.011513763569540592,0.0019092604640602584,0.00585891752350598,0.010492940287331942,0.010759371011811014,0.013382234132984339,0.0027020538645385894,-0.007388896987528426,-0.0035081030368430133,-0.016277986212909323
2022-10-27,0.0020626364414269016,0.022653707906150622,0.0,0.008154760106015235,-0.002812271664881627,0.0058729439352009916,-0.002129974168121773,0.004654547479898019,-0.015307183125551349,0.017954593084083648,-0.032051303923542274
2022-10-28,-0.0006431775552843133,-0.010257556172708071,-0.027870371169684494,0.005777675002430982,0.012040357749822705,0.006568555182350444,-0.010245454810451471,0.01316754298045919,0.03023854368242751,0.01002936188817416,0.00492839437847703
2022-10-31,0.0052778956829486745,0.01543551899652007,0.014457244124819635,0.011948539804551128,0.010932439546658568,0.009546838858336404,0.00463662190080516,0.008182915976677752,0.004133955322941585,0.005992098528255774,0.005210715616003725
2022-11-01,0.004866279762682835,0.02030404753054893,-0.0035024263869418704,0.004541343296587952,-0.0018023554865919111,0.0016758365826450294,0.00976713190934353,-0.0009549037027970497,-0.009983544505375641,0.008679410326728476,-0.0050312535895463695
2022-11-02,-0.009302939776587471,-0.006278641690122377,-0.011877388577878456,-0.0022604494806570674,0.0032925921781163936,0.00023896561894698465,-0.007653074050700814,-0.005256807981531941,-0.011435763339185834,0.0010123396798988882,-0.01486364108644056
2022-11-03,-0.019938276247726372,0.013707501031700486,-0.013859895380066045,-0.00453105495480266,-0.00635187888986255,0.0015532244629936631,-0.010925495563330556,-0.004083641106912728,-0.02923544943064771,-0.001179900680280177,-0.020998561849021602
2022-11-04,0.011549866056837388,-0.010141629798514962,-0.0041045003083547416,0.0029586042826186265,-0.0138504479363325,-0.004890894108957156,0.02295866180051065,-0.004220917533162338,-0.021882750476558188,-0.012318588641793249,-0.01668255745020164
2022-11-07,0.008953321006809567,0.016222031184275787,-0.009491721482791426,0.002042209058568778,0.0034572137344930365,0.0058739571316182015,0.007092930080871085,0.001211075142190765,0.008860288118855308,-0.010422016454361027,0.01017930586872584
2022-11-08,0.011702425623202117,-0.013547583480253755,0.004917405140005382,0.00837859902996474,0.005275683760272987,0.010368193054678176,0.019447137148415727,0.004959521848197923,0.02052917797521281,0.002417182471887047,0.01055661968513788
2022-11-09,-0.0019066973872682302,-0.02171831053869311,-0.015181921340077786,-0.008758127112946545,0.0016064463111507,-0.0044821568635214915,-0.008558484247519371,-0.0010833409400757832,-0.019685906293864797,0.004650369469124449,-0.014878104630362099
2022-11-10,0.04699455803205255,-0.008053083781529469,0.03822143052171967,0.0212959323607671,0.000748499757665666,0.023222737547838435,0.02735306512408231,0.003253455589963483,0.0423570802884754,0.02228697404854918,0.02715298030120117
2022-11-11,0.008393110648433622,0.007021386494071802,0.004417727571344399,-0.001330997578835147,-0.027673858737422008,-0.0076424694007037886,0.011540791696055042,-0.016694683569357993,0.009790507696500361,-0.020794929670558737,0.0017205817845822313
2022-11-14,-0.010132972968235565,0.011439104607151807,-0.004276096281562558,-0.0013327714944674218,0.010329697158310447,-0.0019836426487620518,0.0012009882784338455,0.006962253275947461,0.002814890300408157,-0.0001712334584298425,0.006402305973844946
2022-11-15,0.002681075921374676,-0.008616926474788955,0.01496934013132667,0.000889700096572188,-0.0018490949948385405,0.0007014797082900426,-0.00019996273768363437,-0.0012130773963368036,0.022247627979342433,-0.002226808251742818,0.01598133195522844
2022-11-16,-0.0065630350757389655,-0.005541092255078706,-0.02079305120068886,-0.013555569118923638,-0.006102185671552629,-0.008528984212795132,-0.012797428736822547,0.0018217334533676688,-0.027356883873836058,0.009098691490075028,-0.012981069025529979
2022-11-17,-0.012967818806718157,-0.016060321646542253,-0.0120988068757234,-0.0013516007978982003,-0.002192708587322345,-0.007541826361598725,-0.01539393028105518,0.0009698367453809809,-0.0015683973947739904,-0.010888047004755208,-0.006034354852882506
2022-11-18,0.011527182879450093,0.002775927234923037,0.0029993189606669635,0.010376698972983434,0.011537143145998074,0.014723318045556155,0.011725975882889372,0.010415412541238789,0.0042936817602017285,0.013415871817772151,0.002023663118990271
2022-11-21,-0.003553602870438599,-0.02890046153149517,-0.002118188310676672,0.0037954491062843765,0.013469536455014808,0.006435795198338035,-0.0029483622786479202,0.016780552807837523,0.0015641451876142742,0.011710836097240884,0.005903387914411029
2022-11-22,0.00836222532048514,0.04994304487145462,0.005368963975995955,0.007784748575300426,0.0010717949715994823,0.007440987952014533,0.019271942444476053,0.0038901547086125365,0.0024986762742755797,0.0060392653357739245,-0.004942095030296301
2022-11-23,0.003902090471159081,-0.009774125846893411,0.009314456424093454,0.0006620785342672519,-0.000856550639696918,0.00276973871371311,0.005402170072760892,0.0016439570646793467,0.0122546504720773,-0.0025012760184357496,0.009778085324471997
2022-11-24,0.009232664403838964,-0.0013161082055317408,0.0020918642224940776,0.0006616404763104544,-0.0004286424738336736,-0.0008056127899174204,0.005771162498056537,-0.0011724044541351342,0.00010261758597729376,0.007522580495405551,0.0
2022-11-25,-0.0015650952831007814,0.0054908852778989825,-0.004543255592953099,0.002644980150037002,0.005252978882738679,0.0024187869754759284,-0.0035615413912760685,-0.00046940478363055593,-0.008719799694746011,0.0039820451625467435,-0.0019981572948425397
2022-11-28,-0.008197696528296272,-0.020969836392979446,0.0,-0.009452633310834235,-0.0017062604078346144,-0.008387863240010951,-0.010325664246651822,0.0018787696786588537,-0.012832431946754208,-0.007767268534836558,-0.009394712769688729
2022-11-29,-0.004497180049952032,0.008366800592444212,-0.005550720981079671,0.0006657518504793458,-0.00544815866793269,-0.005562031749242413,0.0020063899240558847,-0.007266792648847664,-0.014676606927736646,-0.00832778135202683,-0.009172887715972355
2022-11-30,0.0004884493091530384,0.008297378084570317,0.007070201878011995,0.0004435674805054468,0.0069817565685523775,0.00396182671281986,0.009010828500479517,0.004368391498386082,0.0069156457139303296,0.008229725499412144,0.010983789931276577
2022-12-01,0.02184492819131023,-0.011081875608890845,0.012563081812967392,0.0008867416312596799,0.008106689453124982,0.003597928800113115,0.006945868090053153,0.0009404235493319923,0.02620460030565952,0.008162613500431792,0.023281095622763592
2022-12-02,-0.005255099758675108,-0.011871737794640236,-0.005230511007960792,-0.0057586296222258415,-0.0006349083338479389,0.0017347233001194784,0.002364976900181892,0.002466225257891974,-0.007619496213308152,-0.008922685251864904,-0.004095245059079544
2022-12-05,-0.0034814070184766566,-0.0130248828263404,-0.014428959681942466,-0.013143242606591388,-0.003917365051798294,-0.0077350008900373135,-0.007078265946349416,-0.009020668544460597,-0.00840420815186338,-0.0006669042319544793,-0.0033505689946913275
2022-12-06,-0.008313640928078181,-0.023663274117717847,-0.01761784362069485,-0.00835212050241374,-0.011160746506397534,-0.012449095204372762,-0.008316795424659684,-0.003664707081384444,-0.019880731735335555,-0.0030030081631595706,-0.026894882985082136
2022-12-07,-0.0015791068205287528,-0.0177114501103649,-0.006188404418804971,-0.004097434644328324,0.00569707391434271,-0.0005890130063743726,-0.0023962208904636517,-0.0015424448896634857,-0.012810899665844366,0.007028145840680899,-0.010521342955539748
2022-12-08,0.009369534850236505,-0.00510083380319426,0.0,-0.003657139369419693,0.004489159996790448,-0.0005894500846221895,0.00040032942614454115,-0.0017825492948182475,0.012111983371929869,-0.006979095737998153,0.0
2022-12-09,0.0026519965885769547,-0.00572318279735784,0.008387292060465734,0.004588225791221534,0.0012768154171240997,0.004836089502392227,0.008003231883603412,0.0017857324509393813,0.008547954728724827,0.005187439457797094,0.003174096262682058
2022-12-12,-0.009498452821185999,0.0025182766040254823,-0.007687468457236446,-0.0020552672004164885,-0.002444162925276938,-0.001408648235038723,-0.015085393412416215,-0.0036839593864171905,-0.0016950527995489573,0.002830064666326626,0.0
2022-12-13,0.02488473350032483,0.01746410420000921,0.006604067647558498,0.007322647350972211,0.0021305735846424145,0.007758359756401045,0.01189037011866545,0.00011930029421947097,0.023771599108244112,0.003320002368354391,0.0
2022-12-14,0.00840948399901209,-0.005643025409310831,-0.0020187188720278693,-0.002953227323111207,0.005846742357203061,0.002799461733021369,-0.0037840794696955005,0.003935621193321026,-0.0023841956465553427,0.011250832571582547,0.008701127586715263
2022-12-15,-0.02760164042080082,-0.02672028951648331,-0.03362826907746541,-0.031897874929381564,-0.023462282353223896,-0.03373271472259254,-0.03488602390874074,-0.026847257401251268,-0.04800493786094251,-0.025850753337189225,-0.04234629610974616
2022-12-16,-0.019446832286559967,-0.004494688386220913,-0.007980122852810578,-0.0030595684391586664,-0.012012993420142726,-0.00541708137589203,-0.006007268904422158,-0.0001220032600016685,-0.016371970694532223,-0.01713134770036029,-0.0062234043799359595
2022-12-19,-0.005666294958456164,0.011348387306995944,-0.008835528850942631,0.0,-0.0017526964673538759,0.0025417462780386035,0.0,0.005005445176222256,-0.010541550695555735,0.006151753375521318,-0.008239900332544403
2022-12-20,-0.009167605429605485,0.006515455277781967,-0.01370418252401795,0.006373948391721562,-0.005596340636527475,-0.00627797007081532,-0.0030217871401337915,-0.0065597779097330555,-0.007850139762433761,-0.00611414068989391,-0.010967095938952842
2022-12-21,0.014503563517693996,0.017981299843260024,0.01510863062294776,0.01688945315425694,0.01688367615233366,0.01482202960624135,0.017244999170319186,0.01577403931013399,0.02452806758227455,0.01435406948081197,0.021841336445058923
2022-12-22,-0.011585062498980614,-0.008360799573501332,-0.0213953569481935,-0.011072654189892894,-0.005425935884109334,-0.011373122975283034,-0.01633621635027893,-0.007824744531922834,-0.030560422128409148,-0.004716960519169033,-0.015455420271365927
2022-12-23,0.004488904730756804,0.01341880139773477,-0.0024443279015166075,0.006997883007583194,-0.0007637718893485079,0.0014530771921390517,0.006475900986171457,0.00012135569585880468,-0.0021623129107463113,0.002708189614984091,0.0
2022-12-27,0.0,0.011600721064532138,0.0006806840781512502,0.001389885935510149,-0.0025115019909903724,0.005925096871173263,0.005603994521657718,0.004367349375455021,-0.004904200543785819,0.0030384281799225032,0.0
2022-12-28,0.00024823335051560314,-0.01390020331500852,-0.008842354876746006,-0.002313173147813541,0.0002189849238651842,-0.004087077260571448,-0.00557276477836921,-0.0012078569031920283,-0.007564511886640424,0.0021878335934244486,-0.005344032280952371
2022-12-29,0.007321817892388616,-0.0023493122835048785,0.014136683649032866,0.004405254393778479,0.0038305621495036135,0.0012069822083622395,0.0009339594989683508,-0.003628045022376125,0.014089401458598605,0.0008396177615637157,0.015614495881995483
2022-12-30,-0.0001231839426107939,-0.0034145874777498086,-0.012044923494384574,-0.0034626391259376943,-0.013519383419825282,-0.010729348069822842,-0.013374736412123056,-0.010923674384587745,-0.01252703000460842,-0.010234845826701866,0.0
2023-01-02,0.0,0.02504729160999153,0.02986301787912038,0.018994754327123387,0.022767434595103664,0.02339758537000791,0.023013815970287954,0.016321043881705632,0.033329482414513834,0.015765324021307814,0.017523628231914
2023-01-03,-0.0016018016911956146,-0.0240894872732188,-0.011306178114800725,-0.002273295862757596,-0.007888516854456906,-0.00476305679792377,-0.005547004868940997,-0.0063994057141972815,-0.021093743547264898,-0.011181545217278543,-0.0008123662502805828
2023-01-04,0.019869442795240166,-0.01830631222254797,0.013184389928665663,0.01777167441658345,0.0019605741200559024,0.004187586341868776,0.007850450938917453,0.006197619766148632,0.005244545539552892,0.014514778233781556,0.011544731395306984
2023-01-05,-0.022507366844687793,0.01455725510695327,-0.0031867995159978735,-0.006715899918462664,-0.00489180300785097,-0.0021446479747562197,-0.0007174305118700097,-0.003381719787092008,-0.00952700868022116,-0.012144394191049401,-0.001928963759533997
2023-01-06,0.012874585673456451,0.019921739223265567,0.010656761089782751,0.009916665584818407,0.0022940690667727637,0.0,0.026256385216346212,0.012845434211216089,0.004236746930376567,0.010778029271408807,0.006120165265658395
2023-01-09,0.01711054009142776,-0.007557278336644768,0.0159483200299102,0.0008925931623362526,-0.009591250718452016,0.019104459392490725,0.010993465224416799,-0.0017947059415255318,0.027936199120766725,-0.0036654651620328105,0.008644133013976374
2023-01-10,-0.012256702491168614,-0.013238018338075475,-0.009989676364417388,-0.007134887529792522,-0.006602906188843405,-0.01253661059113731,-0.011664692195120674,-0.013304573969691091,-0.01708264991082964,-0.00852840013444578,-0.007300428971810935
2023-01-11,0.024087744393545885,0.012703308229609966,0.022408585233666845,0.005614192832994913,-0.0032125102128834904,0.005695341289581268,0.011802363128186055,-0.0025510092960540076,0.014671064697024061,0.009613757564894021,0.0
2023-01-12,0.015324067043294143,0.013833531804914312,0.0010254016213393502,0.006029487832154734,-0.0010002663250425758,0.00589900881781924,0.004942664906083527,-0.0034100447840159642,0.0037815184522553835,0.002171751867519278,0.017106294509565245
2023-01-13,0.0009361960767606536,0.0015032059247432894,0.0033290927184412844,0.0048834899984224744,0.008454801884423935,0.0007037011153001593,0.0029509680460015897,0.0007331975711990513,0.0023268596617469495,-0.009334911779007804,-0.0007859343681094755
2023-01-16,0.005493832203251392,-0.0024246516914070426,0.009188376915454155,0.004197009604324009,0.0017649865418829513,0.004922622719732539,0.002550040590085345,0.006227892783388311,0.007074943578661674,0.002860477335897116,0.0
2023-01-17,0.002441411650762282,0.006828661197580077,0.0031613555160772133,-0.001539808540122256,-0.00022020310102421892,0.0015162687899650251,0.0007826436127891245,0.00558251305769919,0.00461029830933124,0.0038591168258748088,0.0012584390689935887
2023-01-18,-0.004986786495322804,0.001609373411730397,0.00012598646924555368,-0.006829644475924934,-0.00704922770343297,-0.003260817511765546,0.005083055987821661,-0.01737874041514731,-0.0003277838767179464,-0.013371269050213686,-0.002356616971717629
2023-01-19,-0.008431362013365251,-0.020888324941991443,-0.023191283373073412,-0.016415298323191885,-0.0046588814402265255,-0.021264163718844653,-0.01847891005172364,-0.0055268602107856335,-0.02000212312153571,-0.014230055394859664,-0.0018897770241831369
2023-01-20,0.001894978596471475,0.017934577694085796,0.0100645003780242,0.008119093574936453,-0.003789189285245742,0.002984362063009449,0.012287014622099246,-0.007039640437580652,0.009257128794998293,-0.005842931098331894,0.026664587181115085
2023-01-23,0.016075685814409768,0.00644870119304608,0.01507409713307073,0.010961920702600603,0.007495225120483617,0.011782974681251224,0.004306918522311243,0.006094500677488401,0.0342579129992695,0.008297378903965313,0.018902742513502657
2023-01-24,0.006514695716212104,-0.016247118354166812,0.004908122251975344,0.0026555156058603036,-0.01132574584407231,0.00270551372496719,-0.00019489905812664077,-0.003090616910450761,-0.0020300760705853627,-0.0020573074372534084,0.0
2023-01-25,-0.004623206763531007,-0.005350159291777845,-0.009517872896100066,-0.002869147300266217,-0.0038185530524389444,-0.00915061941394546,0.0,-0.004216224460119045,-0.014882220202783403,-0.00876135250909571,-0.01568628804790062
2023-01-26,0.005573436664522813,0.020346182898326015,0.020862329021102965,0.011730827262437238,0.0034949853286823096,0.006156811249084404,0.00526419288251434,0.0008717271751421674,0.01771543544803511,0.006239178606437523,0.01394423533396938
2023-01-27,0.007505846532620319,0.007105146711084975,0.01870203339339027,0.0076570180666937215,0.0,0.007766486310229137,0.0029091874939193296,-0.0024885476023606135,0.014737262520428063,-0.0008612306333980468,0.016019335793304723
2023-01-30,0.0038966601363197295,-0.015817016762530445,-0.0020668470388487403,-0.0023882024983036265,-0.003707469083638726,-0.0024521145022105006,0.0007735624876341607,0.005114178264609137,-0.009576889758617368,0.002241011409700011,0.0
2023-01-31,-0.005137449840349695,-0.004046693060073547,0.0054824188377629035,-0.002176328338584388,-0.003382984333845318,-0.001989911838207181,-0.0005796865564613451,0.0024819675316154477,0.0008500885191353724,-0.009803916422567172,-0.00743718434717322
2023-02-01,0.002754345719744977,-0.0154400027917172,-0.0059372091483957945,0.0006543641219765028,-0.00045260145700898313,0.002580356734587008,-0.0032869678969482674,0.00037136394838088727,0.0029727016884946167,0.003647717310853782,-0.002697384898631916
2023-02-02,0.0367359001059393,-0.018747746535331844,0.04900044610196441,0.006974709838152293,-0.0035091416283066224,0.018834732308494306,0.005819577914656371,0.0,0.04710486811412218,0.013153377505829678,0.0
2023-02-03,-0.019317920567288205,0.006128360114750819,-0.0031373071197519087,0.005411255321894792,0.013518146744381454,0.0039040530667382445,-0.0017357792716775622,0.000494999588365852,0.015568145410771006,-0.02015716239701648,0.07077380959631352
2023-02-06,-0.010693211633577282,-0.001910947757010062,-0.01072383913191921,-0.0034445607057936867,0.002353722053345164,-0.00011440164926868057,-0.009273561781330986,0.0076685560702947075,-0.01124823077559256,0.0,-0.014594455881354107
2023-02-07,-0.009671250921456376,0.019624259849674308,-0.00836572477312958,0.008857201108297685,-0.0019009076189779872,-0.005605100366423921,0.0035101464403397564,-0.005155249326774025,0.0024161669117628293,0.010460224332926815,0.0064084416612268935
2023-02-08,0.005629727850952726,0.004928977508014576,-0.00023769334114165375,0.004710865148003229,0.006721918661903636,0.0019555753865008185,0.000971613640693425,-0.001974135176863623,0.0036155529924168928,-0.005348474180304041,-0.02731001021350521
2023-02-09,-0.00022852244546478495,0.004087423972230164,0.010102192539659827,-0.002557522092236364,-0.0015579722757347314,0.004592440102025419,-0.004465143656201209,-0.0018543890098990934,0.003502436436027656,-0.004856939923383097,-0.009310463925646162
2023-02-10,-0.010855923885612628,0.025470978442746484,-0.01694310916820929,-0.0036324395665949805,0.00089168334781764,-0.0007999965122768016,-0.011505463467875288,0.0037156683142844926,-0.015157525544168826,0.00679796752500339,-0.007195269719334818
2023-02-13,0.006700523180531492,-0.0030622280670694613,0.006463115097653516,0.005790273462985107,0.004008915346518149,0.006862615486981527,0.005721067732965768,0.010982223341484687,0.013770763273937225,0.00605959658914812,-0.0011833121809287084
2023-02-14,-0.005508198853160562,0.0018202051187421464,0.00011894561381931013,-0.0036247756526995856,-0.00532390569473018,-0.007497399089707368,-0.004511564227178466,-0.0031734668041255576,-0.00279670796054754,-0.004130126930751432,-0.004442430614118642
2023-02-15,-0.006692988346039486,-0.00919824643482181,0.020095154245767244,0.0014979605287808173,0.004906360837521717,0.010300948474212923,0.005517217326046708,0.0025713124670119214,0.010817326428975482,0.004665637856352323,0.019187890222909232
2023-02-16,0.0022072336267835446,0.002177678411533046,0.004429388615954544,0.00042736021559242054,-0.007656484913194483,-0.0009062445304447442,0.005487019413916494,-0.0028089366787253933,-0.0001981435139637444,-0.0018919953819460655,0.0016053238741611242
2023-02-17,-0.009157280064021278,-0.029048500052700765,-0.02297778541966633,-0.007048227648619565,0.000559130622690196,-0.0038553572726234275,-0.012083467744843368,0.0024494420637433123,-0.024777006562867077,0.0070653085651688485,-0.01806791111694117
2023-02-20,0.0030416364538412566,-0.008951732892475972,0.00593894744625989,0.001505693531876906,0.0012292465001177977,0.0003414772887642137,0.00789113309756817,0.003176568614264186,0.0002032179141902013,-0.00034223918948772525,0.0077162853514192165
2023-02-21,-0.01142987192095346,0.0009508180607917804,-0.01735743509654708,-0.010094527638324746,-0.002902048414594849,-0.01058261645700731,-0.007633575816865301,0.0006089763900392064,-0.015850412391960167,-0.002738785560201573,-0.016639658064709573
2023-02-22,-0.004011335250496018,-0.007480466322501433,-0.0006008537734240038,-0.0004339435386734314,-0.0008955762836094783,0.0012651019460878654,-0.0072978091975735015,0.007667931174989873,-0.0017550915535214928,-0.0013731208146611218,-0.00044920373977996864
2023-02-23,-0.0023690046011324295,0.010527633943843151,-0.00468918357862913,-0.0002170245626098577,-0.0005602582830006586,0.0004594637795667378,-0.00496721619123297,-0.005918563333143223,0.0077567481752263134,-0.0056720836941166475,-0.008089943986815729
2023-02-24,-0.007599407565667793,0.0018941166142143473,-0.0068857176036438705,-0.0006513806578289927,-0.005156940585318237,-0.0039035171509405053,-0.012679754652818342,-0.004131275269471546,-0.00451562428552732,-0.004494353126897832,-0.00664547246310343
2023-02-27,0.005145022754638795,0.008153166297998338,0.010339356326323434,0.007820999780549176,-0.0034933239357256562,0.009451356323581628,0.013247017561726082,0.0018301796919775182,0.004845373409310572,0.007640191448917921,0.003496999086998631
2023-02-28,0.005951415034762153,-0.006211893825510906,-0.0003611699997427831,0.0004311372715417594,-0.010403688406314116,-0.0022836786190361114,0.0037924640158302214,-0.009134088350079117,-0.0020519603481264914,-0.013958255654534457,0.002272707076111713
2023-03-01,-0.027097317106569263,0.0,-0.016379629415226193,-0.01034258874842664,-0.01211296037152565,-0.0034332276469778433,0.0065619011801516525,-0.016347121694655797,-0.015112507885681858,-0.0314575849940133,-0.012849518405266158
2023-03-02,0.0038921844952042317,0.014860267987091502,-0.00024484686561443425,-0.004572155085507235,0.008906932326694372,0.005856620304457438,0.010075111556535843,0.015619143059681928,0.003757835061415138,0.010826458113356141,0.0035221688743933832
2023-03-03,0.016961571763996153,0.007786149275814891,0.0,0.012904639913279947,0.009516186877301713,0.015298595996235731,0.016624260832475368,0.0036909824835555938,0.02495833823922844,0.016601219164161796,0.0
2023-03-06,0.008219882784954224,-0.0027675030026663716,0.02645432936128289,0.0038868559671345615,-0.0011357876212320095,0.0005622742784912038,-0.014236203737713504,-0.005393508599294439,0.017045458064028685,0.002985042434906271,0.0366244848059365
2023-03-07,-0.019496604172374754,-0.002428384663682448,-0.006323813324613625,-0.009894662993376158,-0.0028425242600874645,-0.001910606787211333,-0.013856418343333066,0.00012327010482748868,-0.010075763451317776,-0.0029761584755636505,-0.005152410291371146
2023-03-08,0.0032539041521832957,-0.00962089062196414,-0.005403421647912632,-0.003041481498179066,-0.0062713277252206545,-0.0011259821739677545,0.004551742485506827,0.0016019377815601477,0.003325548629411479,0.007023664720333889,0.002515566532014457
2023-03-09,-0.009129167788533343,0.00409642397144272,0.00048292785999115573,-0.015035925820139129,0.0002294508630671377,0.0034945052620116712,-0.007683203359819535,0.0011073322913002226,0.009039790557942018,0.0005231489937647105,-0.004280484410240426
2023-03-10,-0.02048725914131244,-0.015386404950898047,-0.02063471736210587,-0.02920353257840025,-0.015486962286091144,-0.02347782988883551,-0.018562588414149928,-0.012289541185274255,-0.03175395650485635,-0.014639249511179564,-0.026682453798712036
2023-03-13,-0.010148543490957396,-0.04261866250853985,-0.02106957413390964,-0.05355520126743918,-0.0029130738859123317,-0.02611292574597235,-0.023970897954323833,-0.0024885476023606135,-0.011514291722424352,0.0026529485099540118,-0.01203167778996217
2023-03-14,0.01412841533485909,0.016569757541491592,0.010950318187536112,0.01420660173199928,0.001402392742900549,0.014882996129609971,0.0132642360548898,0.0016216151400993972,0.016328649713038823,0.006879576888223049,0.01618622155984628
2023-03-15,-0.02169886008827171,-0.06288770498139795,-0.004855570108693197,-0.027540357949391914,0.007352050828201895,-0.023626615718790767,-0.029965231558134908,0.0082191283640356,0.003786278270216714,0.013665009710502662,0.01456313629224093
2023-03-16,0.005545008934785489,-0.0035047283132433327,0.02064308169121909,0.01220703152284841,0.006835078421814744,0.014900465002914753,0.006009485545534599,0.006299433572106938,0.02375371513960034,0.005530585749198291,0.0
2023-03-17,-0.012282313752240648,-0.0022143829149257055,-0.01667075974290866,-0.021948863181545875,-0.00701876176099514,-0.015738740280676455,-0.0051351694945745985,-0.0068736657690321445,0.0003983361507340355,-0.013234796385780845,0.021082504447354822
2023-03-20,0.002410844924241262,0.010835533258334085,0.0008725965315263817,0.003205945020004375,0.0008111204211920242,0.006443833728732695,0.012746224381995352,0.0028426117553961294,-0.006271125414685996,0.004180485614086127,-0.003075107403572419
2023-03-21,0.001519182779639472,0.02285931339390812,0.01668945475913519,0.023107144042705086,0.0006946573658193067,0.009604045804592731,0.0010401339167458445,-0.0038205270017945825,0.003505944783146475,-0.019601058772010238,0.013660389828380026
2023-03-22,-0.015419426632998778,0.0008838345646648982,0.0011025844703356213,-0.005285858040647851,0.002892514163106208,-0.0015267748735504627,0.0006234953171260216,0.008412721635180365,0.008584553880333079,-0.0005307639606141334,0.0
2023-03-23,-0.0038514749422151606,-0.020814860178610783,-0.008198704832808712,-0.018840641672599134,-0.011652078134223975,-0.009762341030718491,-0.004465215903935893,-0.010796280944045611,0.0025732594405638576,-0.010267336056316245,0.003912469253642303
2023-03-24,-0.012757824581875687,-0.010306660956579727,-0.010734148227316553,-0.010339689315344458,0.007937438072950442,-0.008789707467689922,-0.004276662671984677,0.012402332060821308,-0.006515337040731928,0.0041137460716156315,-0.00014433134015678917
2023-03-27,0.017621972237300332,0.01249673377097582,0.008605667732352273,0.014427811078355113,0.01308633355854849,0.010784919817757643,0.005028319312142759,0.007840247595030325,0.004372043363222611,0.014784500179523263,-0.000577477536268356
2023-03-28,-0.003976358560727755,0.019670851161084357,-0.004451596366079946,0.00024527063584778297,-0.0056013428710645075,0.0024896157471430147,0.006253892629276558,-0.001215491408793179,-0.016125888932381427,0.002983994476088103,-0.015744580583380574
2023-03-29,0.011204012619923098,0.010843533436200037,0.011427128860195479,0.011032134171101493,-0.002873893621557655,0.008514678825578548,0.011187091576679187,0.004016086630258764,0.01779793189317158,0.005600274732977972,0.008365083988138844
2023-03-30,0.019230836512360572,0.0022452327465003474,0.011298024874093482,0.0033947474284787837,0.00046115882536867936,0.005863039483548604,0.006658408914121061,-0.0019394383285984418,0.011262590159061059,0.006439309997866349,-0.0020375402919081687
2023-03-31,0.0066224021826379875,0.008214109205265885,0.01602914048916504,0.006283187888401098,0.012214768074491289,0.011074896143108859,0.013025404013603525,0.009472995426069275,0.010551014308468831,0.00466879879850568,0.016917045005932163
2023-04-03,0.009309749869805373,0.04036534448631923,-0.003346465703650492,0.0009606367942764926,0.005806035490582895,-0.002651946823834739,-0.0008036346419104667,0.003248275194234207,-0.0015468257766139137,-0.002581716267143319,0.002151135290250794
2023-04-04,-0.004796336252860689,-0.018391023312924304,-0.0055162380122256716,-0.009596965521836531,-0.0003395447630444304,-0.011907500338692145,-0.010857563263303782,-0.003837386942875276,-0.0021301435254008627,-0.0032787306109538505,0.0037206673154599468
2023-04-05,-0.0034602281696691772,0.006527175924350592,-0.01109367135608097,0.00024229981894974273,0.015964715432307708,-0.012636033878902997,-0.007724383991717265,0.009871189332330221,-0.015136790176099368,0.02285324702008129,-0.0011405613163371076
2023-04-06,-0.0004960955365028719,0.0026420226921126666,-0.0070723303980801955,0.0058124935443941705,0.0044577497104647534,-0.004976871335264255,-0.00245823896877273,-0.0008344224023544289,0.00019701126173798933,0.006431909980378903,0.007707664929267111
2023-04-11,0.008684915854093367,0.010300642380597802,0.012034917760786357,0.010594809880553058,0.004992839136247262,0.014648037509326528,0.02289766270571114,0.0022667912443095073,-0.0005909925194805821,0.004204507296490689,0.0026912257166791242
2023-04-12,0.005289205164139554,-0.0017783228048893207,-0.011649152666020068,-0.004050559416203137,-0.0027599911122356824,0.0011737805997384942,-0.0028107448401070156,-0.006308758074275889,-0.005125139441736759,-0.0003349599408866144,-0.009464601256966687
2023-04-13,-0.012113140710997006,-0.00166270064991203,0.004665499042976862,-0.0014353483179146975,0.0016605947397128062,-0.005158293384107671,-0.0008052567405787414,-0.0069477935760829945,0.0007924925671225491,-0.018596026490066198,0.005276626071132551
2023-04-14,-0.0022294521818764235,0.005710247095819909,0.008798743793133834,0.01557253677632131,0.00022100621490395156,0.008602353550419606,0.001611888265882211,0.005307536838516924,0.006137425927390305,0.0020484624126650974,0.005958333806855842
2023-04-17,0.007323823349726144,-0.001892638518767642,0.0075105402091719675,0.003302651372121268,0.004198864678651493,0.010281632439127941,0.008046701533813705,0.010079241711020481,0.006296727602239871,0.009369663201227674,-0.003243582014679003
2023-04-18,0.0033271764013895755,-0.0024887306388736707,0.0038475375961195546,0.00728900498915408,-0.005281643288353122,0.0026598325927165156,0.006385944740102678,-0.0038013743604672356,0.0021509701146735782,-0.0075949495854760185,-0.002263694732460464
2023-04-19,-0.00012283573193383468,-0.007009580025253093,-0.0019163497042592459,0.0056022800563015895,0.0006636897962504218,-0.0034601549356728656,-0.0035693100155961277,0.005604593575988082,-0.004487795946074735,0.008503401470877137,-0.007515594576443907
2023-04-20,-0.0015968497885594513,-0.011485990230212684,-0.0058803010008029455,-0.0032498421168770664,-0.004090236019530735,0.0030092839310029706,-0.002189066872667955,0.0023715990027233236,-0.0017640170870323324,-0.0013490390790330542,-0.005286495057523988
2023-04-21,-0.0013535204152387292,0.0009682183369748021,0.003500735494295304,-0.007219319247973366,0.006549050852131089,-0.003231091586185064,-0.016553610420042775,0.005205281530348493,-0.0058904228404267345,0.0030395187684131297,-0.0015799597434914547
2023-04-24,-0.0027102867789279284,0.006408783896607817,-0.007217592853901222,-0.003049520639408776,0.0028672489562797665,-0.00023149622253104685,-0.001926611601243744,0.0009415303036997003,-0.010270599383635948,0.0003366438140190997,-0.006042338144282344
2023-04-25,-0.0013587201475545596,-0.012495504909056376,0.002059834865621779,-0.00588235294117645,0.0024191908378810023,-0.004168603610551713,-0.009956348205782395,0.006466730189634173,-0.003192972370051339,0.003702477742890675,0.001736877125847247
2023-04-26,0.0027213499492919624,-0.002676739435066522,-0.01221275144022127,-0.01278108675804368,-0.024572240052411543,-0.01813950649527618,-0.009543358997432527,-0.010864489740113004,0.0022022143878159817,-0.014252154306168996,-0.008524781856129149
2023-04-27,0.0006531264284161953,-0.010369628662472263,0.010037944305514968,0.005993766614420082,-0.004160988807990318,0.004144936807219501,-0.00031080377476400134,0.0009448663373661237,0.007191306148192966,0.0017009435714208099,0.03206059320293719
2023-04-28,0.01831105929304977,0.02107986965699049,0.0006059316576034757,0.007626303665545953,0.011405922891336129,0.013209137097401902,0.010674668899372186,0.004955730607024256,0.007933390329341039,0.005943323016571078,-0.0022592197834235828
2023-05-02,-0.025688217186300544,-0.05118924785022039,-0.007630780911431767,-0.020340601588964002,0.0018982336196315952,-0.007333312256513902,-0.014663662370803188,-0.003991973056242215,0.000590294755549392,-0.011141117972858106,-0.007783728907075238
2023-05-03,0.00991861148826545,-0.016414217409892795,0.005126304984509833,-0.0012071279399049617,0.0031204588077755613,0.006801147272008423,0.0080133656135577,0.0024755284679927048,-0.0033431302664016505,0.0003413561359058015,0.00028524532832552296
2023-05-04,-0.0007461491563148792,-0.0028460700131643923,-0.004371592192132123,-0.019579346857789393,-0.004332845021580711,-0.008968137281472388,-0.004645849116318268,-0.001763893747224965,-0.003354419546544807,0.005802050536537928,-0.007414807598960738
2023-05-05,0.016297732016999245,0.026206494487297283,0.010245200502149832,0.021942784997894593,0.006583310865978742,0.008461643573752342,0.014936155557658815,0.006007799975230821,0.02019403071983139,0.00356299463968357,-0.001292892482159691
2023-05-08,0.0,0.00796466365316828,0.0021731293154250153,0.007478831191504387,0.000997716086892808,0.0029134134379771304,0.004087905284788418,-0.0011709422989973906,0.001164396947649804,0.002028722380206016,0.011507468653890518
2023-05-09,-0.010772496066313919,-0.0036372871355476732,0.006264264904041639,0.0004789381840888396,0.0013288495363474873,0.0070880853782995246,-0.0032569943493558906,0.003282517811013186,0.00251988888797694,0.0015184773391729856,0.007963560202352005
2023-05-10,0.00890974606713768,-0.00641996627085506,0.0025140558786254097,-0.005265615424452141,-0.004976741399633666,-0.003230630958951597,-0.00643313848110616,-0.009348013959349033,0.005800449148877007,0.004043090655354131,-0.0011286536689518734
2023-05-11,-0.011774820854645318,-0.0068415167039082014,0.008120376433278897,0.0007218185347837025,0.0012226365328340538,-0.0005788060205010881,-0.006680385462404792,0.004718111956101945,0.0009611541065084328,-0.002013404948942532,0.031779647889429885
2023-05-12,-0.004592423955774083,0.00548539748084953,0.0029613836226303203,0.002644881220196904,0.006327705186921051,0.0060227506893317795,0.00393168388431131,0.005987346024926898,0.002496659667316159,0.007397421487815414,0.0008213609996805538
2023-05-15,0.006733321849097473,0.0017761911975449074,-0.0010629070489768244,0.007433994074869554,-0.0013238030288148517,0.003223564095433673,0.007420398121830596,0.0009335301596573586,0.005363961210814061,-0.007509962650089075,0.003966664314330792
2023-05-16,-0.01139479775075869,-0.017223918770523428,0.0018916532188593127,-0.004998788213829042,-0.003976589143994236,-0.004819809179333112,-0.00685420121683189,-0.002448397956065773,0.008384120246702098,-0.008071288588930248,0.0019073485931615508
2023-05-17,-0.007266213072562477,0.008376308487888284,0.010384764042916661,0.008133975090756529,-0.006543155704463843,0.007034139780500048,0.0005149919800195857,-0.00794764287726979,0.0037793040411859824,-0.009493157439516287,0.005303240936463061
2023-05-18,-0.0018929790250761247,0.008817922573881809,0.014832943264733833,0.00878023106890824,0.007925865929448106,0.012137839646956472,0.005147740287642311,0.0018850573431532514,0.029744010971850976,-0.005134335709287563,0.01961314465812425
2023-05-19,-0.001138005972463274,0.007600689834871055,-0.005409152077392232,-0.0002351992925894164,0.0062022101330763135,0.0009051004820355146,0.004199566461577708,-0.0005879944875292198,-0.0021937647204945954,0.0029244480616148483,0.0026532210988483573
2023-05-22,0.002658264960484269,0.004023129131769387,0.0008099941715733472,0.004705900304457611,0.0019812912294880913,0.0018084777948144115,-0.0018359884077405741,-0.006588981911628822,0.005130061742459668,-0.0015437419170784006,0.008335502065421663
2023-05-23,0.0041661526777658775,0.013774085471000008,-0.003584201251594754,0.005620558770055961,-0.004943391785967255,-0.005867050199489299,-0.009401166597254207,-0.003790118366310158,-0.004010230008302473,0.0027486660355366954,-0.0027555319462445604
2023-05-24,-0.02124704462999938,-0.0008646207462426059,-0.017869585867648863,-0.021192358558811963,-0.011260810905738272,-0.017137692949386607,-0.018465038894642904,-0.008322398563340827,-0.018667651338900138,-0.008223394740789147,-0.01749998666738195
2023-05-25,-0.013872930029179997,-0.023117848444703215,0.0010633739122658525,-0.004520547994937729,-0.00926746565750114,-0.001385624934200913,-0.007041494043098728,-0.004196212542244782,0.037486053268741104,-0.014164790179127973,0.00924062772639167
2023-05-26,0.008206444518179534,0.0025310628465367024,0.02041774647702166,0.01171132114435447,0.005635072479245329,0.012488369099647567,0.010795899733544445,0.004815814322613354,0.026424543911224285,-0.0007009096853205499,0.0045117300615655775
2023-05-29,0.0,0.0017672227656044814,0.0001156851299604078,0.003543531885028095,-0.00011209386814048372,0.0019415920863414815,0.0015706966060617944,0.001198160498658618,0.006129637446084857,0.006137161078555442,0.008982805580014963
2023-05-30,0.008139317629995757,-0.018649235705027745,-0.0015034680348932072,-0.008003770156584933,-0.010647887969500225,-0.005471370552451504,-0.012023016283672083,-0.016993755510219866,0.005570055536546548,-0.0003485614742309018,-0.0024875691774409736
2023-05-31,-0.0032036348150312755,-0.007318948573784123,-0.013898505896919544,-0.008068347354352579,0.0024923669317982178,-0.010085928405936584,-0.008042350647941454,0.002921814774200948,-0.006577826988127811,-0.0005229912653009761,0.0
2023-06-01,0.007713827845330146,0.007761041553013603,0.0,0.008851649249713933,0.0,0.0,0.0,0.0,0.0,0.0,0.0
2023-06-02,0.02398582346936906,0.022718477215618815,0.039699286794086186,0.02276506855238347,0.019776246380908802,0.033229072894768175,0.042564599787623836,0.009104151796616833,0.012894261828486409,0.0088958364773144,0.008137586953625098
2023-06-05,-0.0028656304212251182,0.0018825492633585128,0.002146435253182144,-0.0037097111859427656,0.004543480405754696,0.0004482397633895907,-0.0007162559338974583,0.0,0.003956640942889722,0.00466805769452594,0.013279489205048955
2023-06-06,0.004748158513306011,0.004384297458263964,0.005072760481129146,0.010472351302270422,-0.0006619435960092401,0.00716845204299954,0.006758099610546298,-0.002285514474787309,-0.008396190427384709,0.0032696373208287444,0.0010278680471560442
2023-06-07,0.005720992212066678,0.020453970858148818,0.0010093801502262245,0.0004606277892009736,-0.007616677777953718,0.0023353991186487733,0.004068363782754991,-0.004461089169166876,-0.0051840200898164435,0.00034306102959535956,-0.009498123834568939
2023-06-08,-0.0009895055466629943,-0.008310930184699084,-0.0017927581188725839,-0.0064456442943973125,-0.003003384514773444,-0.0015533051582682367,-0.005773902834035671,-0.005328841504571691,-0.0074691733099737645,-0.0015432125010089726,-0.011014647928331955
2023-06-09,-0.00024756882471166364,0.00012327010482748868,0.007857274738028108,0.004170535352459481,0.005690083140229341,0.0005556512161886129,-0.0023433861778693332,0.0035309987242848617,0.008750437615345552,0.005323739923201565,0.0030136583356783486
2023-06-12,-0.003590426497139254,-0.011829933042780127,0.008352823169091916,-0.004153214225704915,-0.0012203307199510904,0.0051088302953730125,-0.00010206808642598819,-0.0015772537770687434,0.011276917639864603,0.0003416545516037317,0.001567551503239173
2023-06-13,0.004349036980855647,0.01371740167890434,0.01391652444764202,0.010194592869892327,0.003443269607874777,0.012928156562931559,0.0186905743357495,0.0023089371648117307,0.013381347864914739,-0.007001363350362055,0.0105648010954007
2023-06-14,0.006433077659868891,-0.015623130251661177,0.002069660192762779,0.0009174522231023552,-0.00951951534003248,0.001527210564468584,0.008221372692871043,0.003879724561108633,0.003216499537677109,0.004987052333971453,-0.0015487975863227588
2023-06-15,-0.0018438801488347423,0.0021245414330390844,-0.008696547895870377,-0.008249326658720246,-0.0007822942802649946,-0.004574645246856357,-0.006762135259396396,-0.001932411306909687,0.0013500140621101053,-0.008213544721353827,-0.0038780002031612026
2023-06-16,0.005049221380429625,-0.004738806225753178,0.005921711822239661,0.004621089847052451,0.009059361653253273,0.003829724001078505,0.002002448769889975,0.008228464547410885,0.0010111454859575986,0.012422381505799773,0.0031144781092695695
2023-06-19,-0.00710694197538253,-0.0006264305712648799,-0.007958174318309474,-0.0025299128682075844,-0.010419002756459128,-0.0058862102474563915,-0.009892141037679991,-0.007081089054868039,-0.007912478259758271,-0.00783911182822683,-0.006597686692079496
2023-06-20,-0.009008974056365138,-0.020436369598241022,-0.00021974333040009064,-0.006456047641057783,0.0019041013807084006,-0.005372783773749612,-0.012816597941287644,-0.0020549473158650855,-0.0035635344202469277,0.0029199272652171704,-0.004297433623757563
2023-06-21,-0.004358680013971328,0.014463137367678236,-0.005495713140813985,-0.0009283108699394971,0.0001118181841444077,0.001763903249082599,-0.0013289435066808908,-0.0012112218638344885,-0.016689365154352265,-0.007364280008059221,-0.012032436402170665
2023-06-22,-0.016885407717476708,-0.01678023965692943,0.003315599151558768,-0.011614402064136664,-0.001229606656352522,-0.004511980298413709,-0.00911044495246327,0.0006063916118479451,0.0039833657005607925,-0.004485823423742152,-0.0022504264959360976
2023-06-23,-0.011068869349506794,-0.0062876666476413545,-0.003855458017486879,-0.0011750702222574905,0.005036425129509636,-0.006522179348461887,-0.004545479623290771,0.0050902697621055815,-0.0029325854763284642,0.00017328113346626317,0.008093388463476625
2023-06-26,0.007075503666026606,0.012009301082853696,-0.002985697690536804,-0.0023529052734374556,-0.010467732844780198,-0.0002225912078510639,0.006019114024293337,-0.007114481672663597,-0.0015570960860875616,-0.005891529336020551,-0.0026322691229240247
2023-06-27,0.015585387384616123,-0.003700407111954518,0.0002217906195007835,0.003773581171086837,-0.008327682407007875,0.006121347368928776,0.004435736479743602,-0.0012144580831743301,-0.002425912179335077,0.0026146335832601952,-0.0034309874178670707
2023-06-28,0.0033961970544560405,0.0062755872474205,0.015746264849633373,0.003994317750468879,0.005333563057870139,0.007079639146523986,0.0025675258595878603,0.0014591774039296457,0.01598057996386082,-0.0008692495942739242,0.012844295747132861
2023-06-29,-0.005139630005861484,0.0068728639127499935,0.0005458848536110672,0.012637512785217409,0.004741007062895708,0.0034050698097134457,0.003380395332673869,0.001578402773853682,0.004616116179148699,-0.0026100839167003675,0.0010458748630706172
2023-06-30,0.007560358134962586,0.01491594357314896,0.011674846448552323,0.00808870973927367,0.008201277497126735,0.008429165684978868,0.00990302451173819,0.006182593640900791,0.011402348583748223,0.0019190616004398642,0.00509338304844853
2023-07-03,0.020260061306282662,0.010462029247880755,0.007549578721164796,0.007565379164039099,-0.011254674959644717,0.0009769467564846313,0.010816818789227689,0.005542157644248924,-0.0031970154086039537,0.011666344513059812,-0.0015592624439564329
2023-07-04,0.006741902572154679,0.00036985590665894463,-0.0008563672941848122,0.0015927120275103235,0.0024793596639867133,-0.001952069265404588,-0.0016001203733679858,0.00035943900821888697,0.003544886538195069,0.0017212098355372518,0.003253526199607837
2023-07-05,-0.0019480299137942803,-0.00837851496417874,-0.0009641776453990225,-0.0018173973244604014,0.0034851624353473554,-0.002716505523373325,-0.010517910773303996,-0.0004791102712999873,-0.0025231543137744783,0.004295532589738249,0.012063812921983663
2023-07-06,-0.023789236956982762,-0.02944834303834365,-0.018874017546707478,-0.02116523291401473,-0.012211561071011068,-0.016997140764242857,-0.02814333684603698,-0.0063510940524730275,-0.013322106672703282,-0.011976060800726107,-0.016534245855330476
2023-07-07,0.007998009735350253,0.0131865160830682,0.0031697554082268375,0.0041850804975656075,-0.014063716564828965,0.0026601403294423953,0.012604157129923577,-0.010371449943828437,-0.0001708822734579618,-0.010909109404592776,-0.0003909530323780164
2023-07-10,-0.002107621197436016,0.00252712850372272,-0.005883644832311297,-0.00046308076868761816,0.0008052420864887999,0.00232145795487515,-0.005246395854682562,-0.0036558058894539114,-0.0071794558794070484,-0.012955144916091066,-0.012255523042487115
2023-07-11,0.013293453640966124,0.0162591501773397,0.007233709749695727,0.006254354162977371,-0.00011496708310887449,0.008602611614080935,0.009720811489884351,-0.0022015692327876923,-0.0001722130839383329,0.004966278360984733,0.006863723267286126
2023-07-12,0.0215793372080062,0.003968742474571352,0.006746410303517969,0.007596727474383114,-0.004253306429170545,0.00349917665940791,0.0160794725997373,-0.000735537958341137,0.006199425042939133,0.006883151971385892,0.007996899433177607
2023-07-13,0.00048000088107236216,-0.004447197330739172,0.0004323488648800833,-0.0013708332799520218,-0.006003281643643832,-0.004467647899231153,0.006652592160064641,-0.00515208766242059,0.0049632194765136806,0.004557443290228225,0.01170499079628029
2023-07-14,0.0007198087767135153,-0.022955683809248284,0.002160810100606536,-0.006863400671337838,0.0052265340953747685,-0.006567408823474841,-0.007609914041546206,0.0001233309052854903,0.008174378955344563,-0.004885754445726365,-0.003856502599495104
2023-07-17,-0.00011977998372580956,-0.0069849560234284125,-0.0022638969344161985,0.006219775598081956,-0.0005777359906955493,0.0028646375134024904,-0.006053864094703987,-0.00024663139329805794,-0.0006756911319566461,-0.004208274047108218,-0.010840122575885514
2023-07-18,-0.005754711935885615,0.015091447350446652,0.0019448978848235488,0.01030221519678265,0.010404641917675317,0.008789310934552264,0.01126789753609514,0.00369963084605085,0.0020283795164683927,-0.004226125631231925,0.001826476064516358
2023-07-19,0.009767290702816345,0.0064255321807695776,0.01132314660144762,0.006798079079977759,0.004347794585626508,-0.0016336476407913247,-0.0027103419495759784,0.001474416359281694,0.018218654745179697,0.0028293518933817374,0.015236372510483376
2023-07-20,-0.0010749148915790707,0.00863798779583358,-0.014928572660506068,0.0058518640501317165,0.019024814219286368,0.007745163070300709,0.006139915648921246,0.009814690239195789,-0.011762741505852325,0.01251982182921707,-0.015135971069758725
2023-07-21,0.00812934798838394,0.013156231383997907,-0.0012989296466239253,0.004027753651981714,0.009726135005744485,0.00184028797785607,-0.004601831619505337,0.0065605750400239415,-0.004694091983764026,0.019157128594498696,-0.006772603016047873
2023-07-24,0.00035556302483086277,0.02266331208823069,0.002926475577875287,0.007354620880549723,0.0033215572716061015,0.004213931677887972,0.0072361931728957,0.0035003128650379356,0.0001684712213307904,0.004101125459538446,0.005376329630665033
2023-07-25,0.0015406954814423113,-0.0002396295119372338,0.0017292085185369732,0.002212355584805259,-0.0013242412595994013,0.0005379322256291452,0.02334859618228813,0.004209748336426733,0.010778029271408807,0.0017018769856178562,-0.0006520983074426168
2023-07-26,0.0015391299013569615,-0.0026360079453207064,-0.007552104425493145,-0.0008830224326940028,-0.0051933836541782075,0.0016130931210327493,-0.008385341564192572,0.0017966406721396933,-0.01466179709102955,0.003737703337101772,0.01709736868915024
2023-07-27,-0.010386540733299254,0.006247048123571242,0.02402434107831497,0.00751215566055663,0.008996974003958602,0.009555501347226159,0.010816186199842814,0.008130085008823507,0.024010855568103562,-0.00558567740059257,0.03438979102258766
2023-07-28,-0.003856615089217086,-0.00931230610558309,-0.00392776145620044,-0.00263155561184647,-0.006274765717779629,-0.00021266237717754155,-0.004474773348358552,0.0005930153218547396,-0.0033025224307154932,-0.006808536610704796,0.0027292287754814293
2023-07-31,0.002903404974422541,0.019522716939636586,0.002984107149449189,0.00021992384193358916,-0.0034341151004968484,0.00042549637930422435,0.004104023972730353,-0.00758562722311118,0.0011597033485153396,-0.003427539905264787,0.0012371927075713884
2023-08-01,-0.01073673652446483,-0.007801371685801306,-0.003825317267206141,-0.0041767956560923025,-0.00044465224471357256,-0.0021265770456876387,-0.006422768084749508,-0.0025081417108266946,0.006453738005608445,-0.003095447987145339,-0.0013592774842136057
2023-08-02,-0.00902452227903272,-0.011675045609126355,-0.015680013020833328,-0.009492280627324878,0.0018905490703626793,-0.004262136732897326,-0.013320280417989161,0.003113052522518922,-0.02071684195750545,-0.011385196369055772,-0.018930943098020903
2023-08-03,-0.012183368596471844,0.017116660856028032,-0.004117872328182393,-0.0006685709830841491,-0.008657995460133239,-0.008988725150583576,-0.004169130214924932,-0.0059680115455379434,-0.006380138672824831,-0.017274501042468637,-0.0016395524790902005
2023-08-04,0.013081190322247416,0.0048590148785856435,0.020348151100529677,0.0004460405373687415,-0.005934372341116156,-0.0022675637953638583,0.0007974664204351001,-0.00768491113147729,-0.011997280851831271,-0.006214461577016994,-0.0034108073251970517
2023-08-07,0.0004917288617407589,-0.004363754482685445,-0.010664391978240984,0.005795771689606433,0.006195123443570871,0.0036796139856707377,-0.002589662672101145,0.0016940874961570707,-0.011971964226530463,-0.002680034350676763,-0.0002534991832902067
2023-08-08,-0.011799417354878106,-0.003316735197465004,-0.0007545510117192844,-0.01307624482612646,0.016008063090385605,-0.00463662190080516,-0.01058515643154001,-0.0009664391427207653,-0.0051929935032609675,-0.0017914452645610979,0.0
2023-08-09,0.003109467778104724,0.024482975677881713,-0.007766921413283279,0.0020211128465095207,0.001762847388155464,0.0008666648593929072,0.0028259868199671523,0.0018138032819128291,-0.011136234140497692,0.008255546920227674,-0.007227102778085803
2023-08-10,0.009299695643287809,0.0011601636549438687,0.009458524520937761,0.006499348329659371,0.002529733409213364,0.0008659144018097198,0.0019122628848540213,0.004707295073400175,0.004047150005732414,0.00035600672223257135,0.009961694690238554
2023-08-11,-0.012285275282106767,0.008574714224815594,-0.009154534066664555,-0.0037853077159408777,-0.0020845028878283545,-0.00356874474638591,-0.006027183175510986,-0.005045629261460127,-0.011216319469723679,-0.0012455461543405821,-0.009736993072595679
2023-08-14,-0.006840682522784913,-0.00298715686460993,0.0027173913043478937,0.0011175510769954045,0.007585778895682127,0.003364418934743041,-0.004749809053096077,0.004588230558055795,0.017192507128386048,-0.002494198948589821,0.010854302102132785
2023-08-15,-0.008892084986922177,-0.012445285160713082,0.0,-0.014065663211380586,0.0,0.0,0.0,0.0,0.0,0.0,0.0
2023-08-16,-0.00366403661632575,0.0010502213592786802,-0.012249292719977989,-0.0009058178366295744,-0.0053464032254398886,-0.010708468322868425,-0.015333083720129204,-0.00853364315523164,-0.0015682201349548341,-0.0073227332581022875,-0.011748349728375684
2023-08-17,-0.004058447711279167,0.00874227756144319,-0.010425862039082912,-0.004533108970565136,-0.004278269014649894,-0.009293663706863131,0.0009280843225503155,-0.007152337897559313,-0.013961592455713712,0.0,-0.003195717181863733
2023-08-18,-0.010187089371183178,-0.0015021637629153428,-0.015526245473087674,-0.004781400119026946,-0.006059220477070415,-0.004966305542555949,-0.009478654359020844,-0.0024420582895047227,-0.008141576716330201,-0.0005398091580733899,-0.019363942757281927
2023-08-21,-0.012607779172601252,-0.0019674319075905222,0.0042807806374089985,-0.006863400671337838,-0.0015517555725360621,-0.00521296807467464,-0.0026003744704300447,-0.005997526096358952,0.012134195111823676,-0.009900976500709091,0.0009153876857035392
2023-08-22,0.007166114489134845,0.0034786996659219582,0.013236122097353364,0.003225049300634497,0.005439585410849768,0.008139098089733787,0.00949007892274123,0.0,0.020803954156916937,0.007272755015980126,0.01711523978200047
2023-08-23,0.012936564256238237,-0.013519738347210764,0.0026569009067265448,0.002985099205342845,0.0033123887906445493,0.005972140305935181,0.005681770713056755,0.004432959172639528,0.013644163730755388,0.007039699980265546,0.0
2023-08-24,0.006896421965035149,0.003279826288960619,-0.007839230284476084,0.0034341008431983955,-0.0017607973728754889,-0.002198735161116905,-0.003903413039281989,0.0034326195947582683,-0.010393539102532823,0.007886693305045656,0.004367362948974218
2023-08-25,-0.004946611385406752,0.005720932341390261,0.00022253108091008222,0.0031941451927852693,0.001763903249082599,0.00033052863145432987,-0.00010314670624478328,0.0036652786481439215,-0.00533748904128406,0.00515740561778788,-0.011510382200941138
2023-08-28,0.0,0.009055012593726763,0.00923455558987718,0.006367950227962105,0.003191382268757037,0.01244627428156253,0.010107295443348763,0.0012172668565268996,0.008655011182933103,-0.001769325690170298,0.0
2023-08-29,0.013256753257609555,-0.002185858444709421,0.012347070420969164,0.004293754275909167,0.0005484359407070816,0.002067041396770275,0.0071472016621703105,0.0,0.01836278850898232,0.0005317723319362422,0.0
2023-08-30,0.007045128622340302,0.0031130708245823424,-0.00021784027074001067,-0.0009000247989665588,-0.0005481353235951003,0.00010858903663213404,0.0015206967437861874,-0.0012157869194053816,0.002359275181807119,-0.009920307630158054,0.0
2023-08-31,0.003247787817225456,0.005632159353672783,0.015139956721612169,0.0036036000430956783,0.002084190482439574,0.00825004867755652,0.00921141840552231,0.003651800569580921,0.015803608506107958,0.006262341968877871,0.0447664269134318
2023-09-01,-0.003610865910740224,0.020116609660580487,-0.002038571011083068,0.009425452333963635,0.0004378863294527413,0.00387597567826492,0.010230735242554356,-0.0032746713530613647,0.004965293956463723,-0.004978708848462743,-0.002848267991583109
2023-09-04,-0.0038739154814594334,0.0011204310825891906,0.004300629144089463,0.0004446522447136836,-0.0006565002625500416,0.00010727302080248968,0.0009928363076761038,-0.003042102690090309,0.0014822159219127773,-0.004824883169781691,-0.0013660804151633954
2023-09-05,-0.0035127881817558215,0.017907090111305424,0.0012846067068101874,0.001555548773871429,0.0031753083292804796,-0.0001072615145358835,-0.004165821962077154,0.0009764656506370262,0.008386750699157286,-0.009516947250249874,0.008829759476256083
2023-09-06,-0.00767968241768191,-0.00736666510639461,-0.00951565702196333,-0.009318796800292461,-0.011569582582530824,-0.006649454433636515,-0.007470119408381493,-0.005852985543595479,-0.010437041631336741,0.0027193895267196844,-0.0038215157236926034
2023-09-07,0.003679231035586872,0.004762963125719333,-0.0021588617180468006,0.00022392656643943631,0.008723508578014183,-0.002375310021368371,-0.007526342082445736,0.0035569841760010323,-0.017303876594921275,0.016633486640800887,0.002598676846273129
2023-09-08,0.0029071196604462113,0.008709083050388644,0.010601424725840358,-0.0004478382855352958,-0.0006567877350402984,-0.0023809655527062823,-0.000505592022106538,-0.0001222456155924867,0.006875731009022834,0.000533501325646224,0.0
2023-09-11,-0.004159118595360001,-0.01169398573578384,0.010490295184563347,0.006496436368558456,0.0017526128941864894,-0.004881719969108356,0.006069787388799819,0.00537834561223538,-0.006828778167224825,0.002488503528662811,0.0060478628667695045
2023-09-12,-0.0005062120454173424,0.013933452747742159,0.0003177836738557094,0.007122183232822099,0.0,0.001526211539573108,-0.0030165453149225696,-0.0020668470388487403,-0.007043467652512847,0.0,-0.0020856579949111165
2023-09-13,0.000253074309183976,-0.002944751502580445,0.004341798489779114,0.0035359082301018585,0.0004374075107951292,-0.004789402723976988,-0.004740304724861311,-0.0023148445074030466,-0.0010133011234834122,0.005851028500522437,0.0
2023-09-14,0.008862074014991839,0.01903309481529969,0.0,0.012111852871805162,0.009181374870463221,0.010937329067725932,0.0216862523614747,0.011234560700968954,0.011665234301086125,0.023268106918306275,0.015244719939942142
2023-09-15,-0.0013801778987512225,-0.0034350291073346195,0.006853664603308385,0.0,-0.0023827706741053056,0.00032455673696674125,0.005554429282769613,0.0004830445200658673,-0.016544145654116993,0.002584005647723542,-0.006660244936535831
2023-09-18,-0.006786023556701881,-0.0017233524238038367,-0.01225257299318916,-0.005004341749737629,-0.00846812261565888,-0.0007570808513664984,-0.01163937992843056,-0.00615572897553851,-0.0006796448915400433,-0.005670134479874855,-0.0010971381748862141
2023-09-19,-0.003795309745267761,-0.0005395236468834774,-0.010708249994681562,0.00043735967557134714,-0.0058031180189537235,-0.006602452802049741,-0.0030937881041441795,-0.0018216407961552106,-0.006801590146885639,0.0,-0.0063461123049820545
2023-09-20,0.011429841565398835,-0.007341037734411526,0.0036438106974727713,0.005901649350025684,0.008259911616660176,0.005774665355698705,0.005906536899491721,0.005231783579545901,0.0008560047456114273,0.002937653132544238,-0.0029476992461264784
2023-09-21,-0.026870805466674752,-0.011092949178025058,-0.02466636572717984,-0.01434158715443401,-0.01015838639186073,-0.019066131008385945,-0.023885364706382584,-0.0060518032362408825,-0.01898735251000694,-0.009303943952607363,-0.016752914004844688
2023-09-22,-0.006451643738568658,0.0003299106916989647,0.001532811743554685,-0.003527333449276804,0.0,-0.002319234751954058,0.0019371411956026208,-0.004627433878505505,0.00557976814888006,-0.0055652120838994845,0.0
2023-09-25,-0.013766269376531137,0.008685146476240524,-0.008198513035397204,-0.003318617773163779,0.0024276493560015933,0.002213909516762147,-0.0012210758246318232,-0.0044042160479567105,0.0017340435580628366,-0.006995479603778554,0.0
2023-09-26,-0.012114668933744355,-0.000762939453125,-0.010691074449618587,-0.005993350995254998,-0.001320950264475651,-0.008504575487903288,-0.006826267534684183,-0.007004174417077347,-0.014713558630483403,-0.00563578199548842,-0.006639936624027509
2023-09-27,-0.006264984962016218,0.021815008653387702,-0.002339561937107937,0.0020098292773849114,-0.0012125287574010768,0.0071294089670927985,0.00041027169425067456,-0.0027224505302528845,0.005094886241327368,-0.021253998979774535,0.009837314874541203
2023-09-28,0.001341184632917214,0.005337318513782829,0.0007816827743016841,0.003788767276341032,-0.00044146247939402805,0.004313675189152599,0.0066653153020295175,-0.004466968573217045,0.00297154319809656,-0.02081067220614663,0.0
2023-09-29,0.01098485578937236,-0.017944387724889155,0.009149739675225588,-0.0017762395521423446,-0.0005520928776228118,-0.003083770917185924,0.00499139759909939,0.0023681266865520634,0.009759455353250734,0.003880966218885673,0.006619264435653971
2023-10-02,-0.014443012066295502,-0.01848847577001078,0.006855319553857653,-0.00889674642630911,-0.0047503349660001915,-0.0053026485344642715,-0.013784720858204036,-0.004725158692738041,0.013634810739591163,-0.03479380339224347,0.010669911210086092
2023-10-03,-0.02567894706402385,-0.005948456959557702,-0.023281299956365187,-0.015035950695552969,-0.005550005775610267,-0.011550432085213336,-0.009558070668107543,-0.0019990462303747236,-0.014132436962825401,-0.013923317527889889,-0.011662198391420908
2023-10-04,0.0027598223853679826,-0.027149789519507972,0.00033729231474488586,-0.005696058406848947,-0.002567203225141701,-0.007303387931223648,-0.0035281099677795247,-0.0036304572546155267,0.0008635446587716977,0.001934206434147212,0.0
2023-10-05,0.00866931725940856,-0.002619926580874621,-0.0017984001339109712,0.005728689356015559,0.0012309826499579124,-0.0006790895260889718,-0.00333228885652348,-0.0026385110457993743,-0.0031061311959619253,0.0013513454798304014,-0.0028567587272575468
2023-10-06,0.0042291830397631625,-0.003997241707172083,-0.0023645883374121546,0.00934153231063406,0.008159111630481775,0.004303967034517742,0.0070002943825542285,-0.020786016044027078,0.011251474918316129,-0.0044341535949974364,0.008470333933319862
2023-10-09,0.00910184341320619,0.03910106292750215,-0.0004514776096641304,0.000677259469770819,0.0035476685770603478,0.010262813588599817,0.002075166874209833,0.004502746159856796,0.007874065621153115,0.022075898588739262,0.017786568481557463
2023-10-10,0.016289854093526568,0.0037518906156008835,0.02879407319394578,0.011730129068078021,0.007733148515205235,0.01696803540965619,0.018740914519342677,0.015368813013589167,0.014775796808806252,0.014020494421782104,0.010315538896603416
2023-10-11,0.002781785255991709,-0.01978886807916147,-0.00910988722966144,-0.0022296204575970036,-0.00504274367810742,-0.003732122322561926,-0.004370365970558399,-0.006558989039770258,-0.00351462902883104,0.007660684676855878,0.0019218972219723351
2023-10-12,-0.005152127263960082,0.017945249084832193,0.0076429159363755605,0.00357541558462815,0.0066108248126801605,0.006170091950341794,0.0004083392803306829,-0.0033011951393899786,0.0198186141590746,0.001112578767874739,0.0033570115017176327
2023-10-13,-0.011950195168076827,0.01751868995666217,-0.014949990019809456,-0.00022263018408319457,-0.0013135151683485446,-0.009636413232137153,-0.002857130400988561,0.0019108474634255135,-0.014986821955165541,0.007038289342552906,-0.013502313762594254
2023-10-16,0.008600885125354951,0.0027070926272949603,0.006695664211967323,0.0033407061488670564,0.0061377159261273295,0.0034276597769287154,0.009619345371099985,0.007374466876060248,0.0031767032661167427,0.0033106549330870205,0.003997092309695027
2023-10-17,0.006262481075428372,0.0035637347353403293,-0.0015519276251997338,0.0008879226682525498,-0.004793054757941229,-0.001542692998880879,-0.0017231481049004849,-0.0013883706385320327,-0.010999997456868527,-0.0016498653317440493,0.000482647360465549
2023-10-18,-0.019332665762030632,0.01334335370383588,-0.008770966117508938,-0.006875169045064244,-0.00459717782551905,-0.015009387497964433,-0.013605405289419337,0.006445835302476333,-0.003201864277391664,-0.005875866694890486,0.0009645990537314741
2023-10-19,-0.009302069691750847,-0.0038228800823135733,-0.020721309357254247,-0.01272889036092928,-0.021442759240006937,-0.012324912875306349,-0.010602148874104822,-0.008413891649563632,-0.007438756213957842,-0.00554117547917643,-0.003975423900267283
2023-10-20,-0.015539099424787595,-0.014284152785034032,-0.023104159167512073,-0.02126212726023624,-0.001123704646832091,-0.017583698524415436,-0.01883068181718961,-0.004179354545098768,-0.02708227180007583,-0.006500714582636791,-0.019835457723320515
2023-10-23,-0.006285801463870477,-0.016762225925122887,0.0012878231617010627,-0.004622157634009638,-0.007312425811025536,-0.0010392187006506015,-0.009755043927063278,-0.006231691223265723,0.0007002961532798224,-0.010282352486431612,0.0022210820390553554
2023-10-24,0.0007030097119489209,-0.008028989685884058,0.010757785716241974,0.000928741950563472,0.004646460471841474,0.00046238486347927044,0.009315802037348275,0.007934511791974241,0.006648024302478017,0.016244817390638877,0.017729630387197437
2023-10-25,-0.010816212293394245,-0.0067635058636111856,-0.008098155458882816,-0.00023201429108932192,-0.002256114768123596,-0.0005777359906955493,0.003182637551076173,0.0055865261563943225,0.0010427104212569205,0.00557619407648402,-0.037261023297412654
2023-10-26,0.0001421816783266916,0.00022322664275131743,-0.01469552762105164,0.0013921432810963807,-0.008366284785770617,-0.0035837868045520693,0.002009332131047481,0.0006313516879361547,-0.02118051108202701,0.0,-0.02538327927820827
2023-10-27,-0.0022719771556002355,-0.01830356492831986,0.011126832086407301,-0.015291933497346477,-0.022004336168297223,-0.006845387522598778,0.00021104636481705796,-0.017791844316837557,0.004256790692138912,-0.0024029067852959773,-0.004383692587340171
2023-10-30,-0.009676881588158937,-0.0037517261765518395,-0.0069070048061078415,0.003294103285845562,-0.0031475477606508484,-0.0016355069175704173,0.0,0.004239489293167642,-0.004062160836721729,-0.0029646070741746744,0.00945350337602191
2023-10-31,0.01652528706553502,0.003651714080268764,0.010255747947762073,0.008911845064601076,0.007133675536339368,0.01287150112222446,0.006331182069948094,0.00831523015356983,0.008512139518207507,0.010406941912320944,0.005772941097306639
2023-11-01,0.008057551445119993,0.009664651881862385,0.013418921433257847,0.011157590356317693,0.00963764718055704,0.004852192816381828,-0.00020975434502290558,0.00608986753098284,0.018463148527893658,0.010851575578050943,0.013265256720849328
2023-11-02,0.03618011993580583,0.013963939427420913,0.0223373917730616,0.014482783175062908,0.005750431484173868,0.016210576894654105,0.016570549096374787,0.006052909319887112,0.018473818082666682,0.015647755179721834,0.012336361085308667
2023-11-03,0.0327512356890205,-0.016548176906033163,0.009685782199391424,0.01087694381641735,0.002973152033205251,0.004864807197024756,0.007840731804783507,-0.0015040751945791797,0.0035599097897518472,0.0051952869421858505,0.0068391328560140074
2023-11-06,-0.020835843585915614,-0.002710395086308215,-0.0018962427892010858,-0.006949145237605814,0.0013681763520081436,-0.005516751468735759,-0.004811149646403501,-0.0017575572760055724,0.0047297090487903315,-0.008554616592675202,-0.0022230021954413592
2023-11-07,-0.010037447244721442,-0.025251905664015695,0.009164055253253256,0.002708779547435647,0.0039849535104683476,0.0019245801587377542,-0.01069739665160463,0.004527170844428774,0.018661745442068556,-0.0019773612841904598,0.0
2023-11-08,-0.00027060326932515366,-0.008132023266107513,-0.0018826776588523053,-0.004502407845257572,-0.003061880722748822,-0.000677938515183607,-0.005302579898235127,-0.004256338878079746,0.0001650160341313267,-0.020172891258111503,0.006436327399124142
2023-11-09,0.0013524799452282465,0.0017568696498511116,-0.004327076462144808,0.00565355027360237,-0.008076517851098752,0.010628615853267132,0.008989240376412244,0.0,0.009735976360458976,0.008823520749498215,0.008978097626651582
2023-11-10,-0.009588319503231801,0.0014030486179672508,-0.0059059370616594276,-0.002698510080682559,-0.011467890309601159,-0.0019019710692462777,-0.006526440084790419,-0.004526032263111102,0.006863899216680958,-0.002004384260398173,-0.0018284181445479275
2023-11-13,0.000409107348471327,0.010741367805665814,0.010649081800092386,0.007440853267385084,0.008932764497930012,0.00515636239427697,0.005839390507649034,0.004672931866076757,0.004220066855339599,-0.0069381242457405845,0.008059590144814388
2023-11-14,0.05438208942663669,-0.003349900849597409,0.018522605380584478,0.009623999602479172,0.0021846894186430266,0.010036818827443561,0.019386302761048357,0.000879945847125585,0.0038791285374195628,0.018569629482707795,-0.0018171221217202493
2023-11-15,-0.00025874513248524966,0.0022021609190361335,0.0040291311097673255,0.0011083847569062222,-0.004589278442777234,0.005299805217521936,0.005186560534313545,0.0002511509969429504,0.0072452223235761615,-0.0005415630535700044,0.0
2023-11-16,-0.006981885202863247,-0.029721286672179437,-0.0132320350508629,-0.003100075069120245,-0.00011528510816272153,-0.004832536262037612,-0.006373910125049842,-0.009291786406840585,-0.004955264809558768,0.006501726879106995,0.0021845392259913776
2023-11-17,-0.0011720282868614706,0.020262180182652578,0.006374963511319276,0.007996459500023922,0.002536037126260826,0.006732155460132283,0.0062111863968850045,-0.0038023199740929714,0.0014457855837413103,-0.0003588813552477532,-0.0012109746220785311
2023-11-20,0.007039333600760811,0.004322462069831667,-0.0018566860362411175,-0.0011017901252470264,-0.001724750187116264,-0.0021925517974157316,-0.001821496718595994,-0.004961824392106573,0.004651923561397542,-0.0003590101973138804,0.005213411796400669
2023-11-21,-0.004530654364007236,-0.004071169816812881,-0.003829724001078616,0.0028677972240651606,0.007832300248399093,0.0008789478576713972,0.007096481676536204,0.007927410226822529,-0.003193369942975699,-0.005027810849371872,0.0013267011312962929
2023-11-22,0.00182064004720206,-0.007241330608422358,0.012412096244006632,0.005059382905154619,0.007428588867187447,0.00812291850893665,0.000503352663591139,0.008372396516358238,0.011372722745506492,0.007940780146555637,0.015658891077344084
2023-11-23,0.002466285416977465,0.00588235294117645,-0.002169870372304872,-0.00021882954330754156,0.0012478798462558505,-0.0013065670946460495,-0.000704293140699086,-0.0012580007146618666,-0.002058933629583537,0.0010743307955294323,-0.0024905014288714167
2023-11-24,0.0016833239863349725,0.006315800181606379,-0.001522228854955343,0.001094554219056798,0.001019672962977225,0.000654138222800249,0.0017116207155423169,0.0013855726312790306,-0.008252605251835132,0.0,-0.00963028482217898
2023-11-27,0.0023267647949583026,-0.01034401883052305,0.0018512268926889064,-0.004154791791185164,-0.004414254628002934,-0.003159739805888462,-0.005126088227826342,0.0007546862716194536,0.001920290105002831,0.0028617393641348077,0.0013204897558434237
2023-11-28,0.0025790775988365766,0.0061068306958087515,-0.005978294040845822,-0.0010979191053002157,-0.009208703581452538,-0.0020766730402007605,0.0018185522233888918,-0.0037706816436531287,-0.0009583352931814559,0.003566983485429054,-0.006833618181759982
2023-11-29,0.006431966297217873,-0.007937438072950442,0.00535817943702499,0.005495713140813985,0.0006884401324529499,0.0007666998081536924,0.0014118534134537342,-0.004668215198203929,0.003996802606703653,-0.005509176661971149,-0.0038629333841714297
2023-11-30,0.0003833791131007125,0.0007060264677787309,0.00010870683674713,0.010931350713862864,0.013071888563422895,0.009521671128767117,0.00805634841668934,0.005577417224114978,-0.0012738537791289195,0.005360958576995145,-0.006059160399077834
2023-12-01,0.01686466818808241,0.022574933569101452,0.012506814182128068,0.010596839229737975,0.009394474763888105,0.01637036178665796,0.01898103451390276,0.009454178528789603,0.00845023547483481,0.010309311204381943,0.0036577283434995334
2023-12-04,0.005905268919321083,0.0,0.0007518764336358341,0.0,0.006391564172165021,0.0024533691406249947,-0.008627424053117339,0.007742196591047801,-0.011067205738173214,0.008620719161706258,-0.007653143383166472
2023-12-05,0.0011243040710999797,0.0,0.011913712913665497,0.0,-0.0010027447118732269,0.002766487524462846,-0.0051424471750077805,-0.00037173209952057196,0.012789756144178321,-0.00436071850715658,0.007712165693009698
2023-12-06,0.009107587015150909,0.0,0.004879073933268474,0.0,0.003457478763462918,0.007427892545674997,0.006759446476042541,-0.0057022324893238885,0.0017363948382176364,0.010511535649507575,0.004130155685703629
2023-12-07,-0.004079828380638917,-0.039438889927936094,0.0006333669974805112,0.00556392336352296,-0.005001718034134739,-0.0029492181598550493,0.0003949537520682167,0.0024935117805708895,-0.0007878858774327258,0.005547844887849429,0.016815865282942877
2023-12-08,-0.005338410608580091,0.010533842994660647,0.006434605387285908,0.007661136045868044,0.0031278643788141824,0.0,0.002960946038900625,0.0007461454528203681,0.012931769618273359,-0.0025862332048087744,0.0026175268892481007
2023-12-11,0.004493327751430298,0.003079864272327315,0.0030394431925588883,0.006547019710263502,0.007015559376483127,0.016796918195420174,-0.0005904859906166182,0.004722222538257048,0.004047866935193989,0.00535871013773126,-0.007950680993849324
2023-12-12,0.002982186605778203,-0.016060470069087063,-0.0048066781519485735,-0.0008392974329712866,0.0,-0.0017662147422889962,-0.0013784894940319647,-0.0025973913226463585,0.006047439952971967,-0.00670562913809547,0.00023933119593166907
2023-12-13,0.006565800860252269,0.0016802615237783147,-0.0012599235602581693,0.0037799308948589516,0.007851366604850307,0.0003122270891462442,0.0007888171218601858,0.0031001984361633816,0.007089998519511642,0.0077895232711389095,0.0014349592897875407
2023-12-14,0.055999902237568566,0.013299791786818727,0.007359093019657648,0.005439375321765416,-0.006144366494886699,0.005514501882541767,0.023251237540409475,-0.0075411128069513556,-0.011172264592181125,0.009275113182890982,-0.01146402225316101
2023-12-15,-0.00909083571447955,0.00011827050096435698,0.010227544980742964,0.0029130126019147884,-0.0041952403966746266,0.009312929755412647,0.010206023034512679,0.0004982675153908378,0.017334820244570448,-0.010891753028078321,0.00857696306222766
2023-12-18,-0.005645782567349711,0.013951292026840978,0.0038222634868065875,-0.0002075131965175725,0.003880333873142572,-0.003998353352346107,-0.0007625031686129269,0.005851608845728329,-0.006541918198919805,-0.009463166675297674,0.0116181725160176
2023-12-19,0.007806892105673757,-0.0008162277644655491,0.002264085878859623,0.0014525772321856145,-0.00022091962216175265,0.003911448764277736,0.007058427308401338,-0.004579808669254781,0.00015305522770070468,0.0010422333439130682,0.0028416016534269506
2023-12-20,0.0028170746492464094,0.008752479619928089,0.0024642967991952425,0.002279333074540979,0.0009941894233820303,0.0023582831929904735,0.0009471346124914071,-0.002859932016609723,0.003062388380236536,-0.002949886873013341,0.013931526186240717
2023-12-21,-0.009363512039177846,-0.014460897324098498,-0.009730584604814463,-0.00785605254928956,-0.003089896272398529,-0.004500843205722305,-0.0030280061875487263,-0.00561172919237074,-0.009769491204068892,-0.010093944058452875,-0.00884958209011244
2023-12-22,0.005198544782059944,0.006338782721584613,-0.0034133412289306664,0.0054177602092033705,0.004317102444683085,0.004315640878157945,0.006074405713182518,0.006395813266784511,0.002620597529638058,0.009317840529963872,0.003759350058411437
2023-12-27,0.01328165759856903,-0.002682880531054921,-0.004255278040559252,-0.0029015417543717392,-0.004518942432928275,-0.0007161826923894887,-0.0028302174694133653,-0.001495361328125,-0.007226340930000186,-0.010625337257844647,-0.00830993702110483
2023-12-28,0.0023200913015739566,-0.007719341077302655,0.0018761757410388213,0.006235693894296013,0.008414549809548033,0.002559639650730361,0.0035951267150799993,0.00499190739535238,0.008053223563946998,0.005985918259767242,0.006963297324894535
2023-12-29,0.004628959078530226,-0.0005892907180732321,-0.005514007423499057,0.0024788046325758817,0.0009881020650126526,0.00040850608941322974,-0.0037707533839974605,0.0023593995316824046,-0.006913457882317231,0.0008750304094262695,-0.0077355822700624355
2024-01-02,-0.009676322099893109,0.01462434072863017,0.00324307144957392,0.0026787774857865987,0.01996270408442502,0.0027562706715431595,0.0028387873854227585,0.01164522332991691,-0.011138632851200647,0.01293935471649399,0.0014174444230663497
2024-01-03,-0.01430724908643477,0.008485451206460715,-0.01407714757707057,-0.0034935916456718674,0.0061296882236654415,-0.011401839644780698,-0.013398808769210513,0.004653407254184172,-0.00891739222704091,0.0036250489101739003,0.007195078149439871
2024-01-04,-0.0004721267028561238,-0.0017289248753518116,-0.004230581839959724,0.005155702028177389,0.00684052379594835,0.0028833155960976686,-0.0015301839752357438,-0.0031692117665647057,-0.00662980551004877,0.008599931290832252,-0.0039816658643992975
2024-01-05,-0.0016529777191803818,-0.0028865026929709714,-0.004673419376263199,0.0010258357681312003,-0.004777037821874219,-0.005031295480443454,-0.0034482816579493036,-0.003912933475186509,0.0006356414322796766,-0.0022169350182187353,-0.0015285700301373994
2024-01-08,0.006740869913228975,-0.024548433668351688,0.005122221338417665,-0.0018446433879703017,-0.000639973958333373,-0.0014447821201638567,-0.0028835356508829513,0.00036826392872613134,0.011910433308891522,0.0006836594885462066,0.005652418488749644
2024-01-09,-0.004933591024445683,-0.00023737706046411677,0.00605159443730563,0.0012319827033639985,0.014836154909033672,0.004237247040751457,-0.005012499072433618,0.005276724953344969,0.013025766088419655,0.0040990893525900685,0.012529315155749954
2024-01-10,0.0044858565944247974,-0.010923749176094288,0.005909640628634305,-0.005127153580921973,-0.0031552697305462507,0.0016466364631517738,-0.008331724473755076,-0.0012206845258329047,0.0058868665445805934,-0.005613230581997253,0.004278906107916036
2024-01-11,-0.00893164710080363,0.0009603145105583355,-0.0033571096920764765,-0.007008867539724628,-0.0026376873097682108,-0.0028767982536658243,-0.005470863181463503,-0.004644307685593985,-0.0015400966217633538,-0.0174478356780301,-0.004030383158752926
2024-01-12,0.007470441622185353,0.006476384424505488,0.0014736777857731198,0.003736772099190766,0.0024331255675840158,0.010613073126309658,0.00805500658391245,0.005648318647873518,0.012185730267077144,0.005745157363239217,0.013296308114975508
2024-01-15,-0.00023520660911913183,0.002621558931164669,-0.0013663785395411354,0.0004136599461193047,0.00042212868959023986,0.0006117206104574446,-0.0011693894306198382,0.0008546971125769076,0.002285795339930674,0.0012116962830110989,-0.00022818975986205192
2024-01-16,-0.004709266334398832,-0.00475399962895795,0.0026313019090509204,-0.00041348890232217883,0.0012657712376020758,-0.002751137606944898,-0.004682959579839885,0.002317950940303959,0.009882949050559642,-0.0027662490835064224,0.0017119770804701062
2024-01-17,-0.024958644227448756,-0.015046507511090823,-0.01060258359837185,-0.004343311087901203,-0.001264171086201693,-0.0061306435749188815,-0.015487103054786622,-0.001825724430293385,-0.007076200446552772,-0.012656025283876882,-0.006950076450406351
2024-01-18,-0.006969207885364481,-0.008729403387476964,0.009124674910891972,-0.0018695503475066877,-0.010654030629925648,0.005140331214719351,0.0,-0.006950368003617036,0.021076564882016813,-0.014925413124340148,0.012161536417974572
2024-01-19,0.004435570019929669,-0.00012233532251870738,-0.0009463144433558002,0.006243480579062322,0.005117770794899279,0.00020460543262545983,-0.0033851449524158195,-0.001964681450304373,0.009801064716393526,-0.002852047268520286,0.007368004689889851
2024-01-22,0.015211012728969742,0.0013455732153095923,0.008103602395960863,0.014891442470024163,0.003394502028421842,0.014316407738744763,0.003996019300463116,-0.0013533539862647936,0.01926466997931975,-0.00017873295993309224,0.011364896050358952
2024-01-23,-0.01087479362982402,0.010872213327786096,-0.00041758967684546455,0.001834117651265954,-0.0008456940982892736,-0.0021171396239929585,0.0063681531308301675,0.006283135982939836,0.0014428813596636392,-0.0008939609652732772,0.00545168967895826
2024-01-24,0.0037869332611628614,0.004833855297630363,0.001984359701370675,0.006509351013374021,-0.0029626364719923526,0.0017175001331559692,0.0033617161294936526,-0.0037952688226680076,0.013686743957928682,-0.005905544465763857,0.011397658986441517
2024-01-25,-0.001947334773044207,0.009140133761680547,-0.00656665485491581,0.0018189198346914015,-0.006685820443262713,0.0027231128483233835,0.003941603106549785,-0.00036876499543525565,0.0122228624629237,0.005580582854161298,0.015864277750851974
2024-01-26,0.0006097925111627767,0.011798329407255004,0.00807894546411636,0.004438192900091842,0.010790621289483493,0.001709899135749593,0.005692990250205643,0.01131062011016204,-0.013619786634055164,0.0035803931391720223,0.001938675607753071
2024-01-29,0.000731305069040955,0.009893949620655595,0.007493767766253434,0.003012607118367372,0.006024729850407029,0.0027111585740484667,0.0025375965113576537,0.006807653100547428,-0.0004270288867882499,0.005172977055406314,0.004514652785373663
2024-01-30,-0.0004870796948009959,0.0029157920017355288,0.0071280453539117605,0.006007269924059644,0.001155711388935332,0.002203096528724746,0.0031152617895386925,0.00024144703139450385,0.0025633765600492353,-0.0015971633544803465,0.001070013367768352
2024-01-31,0.006944394049712699,-0.00081404461638801,-0.0074879038212631865,0.003980830843162808,0.005456990639840287,0.0,0.0011646229184374413,0.003500735494295304,-0.019460265864886694,0.010309311204381943,-0.024906447144522614
2024-02-01,-0.01826982479081274,-0.0010474434335259186,-0.004443988173650215,-0.018437754371454895,-0.004279261487968422,-0.001698622760142321,-0.004846839688351534,0.0019247403752655767,-0.00014489550061336232,-0.008268846225218174,-0.0018636481964138252
2024-02-02,-0.0016022559437425254,-0.0019806380673267343,0.02678295216457638,0.014138573756222517,0.00880499291881831,0.013512145177040802,-0.0001948594559452177,0.006843554911258876,0.02260222057175354,0.0023062102284643338,0.03942890983446179
2024-02-05,-0.009258061231794512,-0.007354714637855864,-0.005358471227055905,-0.0019916047788182123,0.008520362770424672,-0.0011850952404739434,-0.013250200881126717,0.005723774434122975,0.009634461427239449,-0.005840740372649367,0.001056659884601796
2024-02-06,0.009095544655030041,0.01081968931145405,0.009249885012349468,0.002594313840187379,0.0023697028922213814,0.006921069334254293,0.007701409841015083,-0.00035568864832158376,-0.0015436515163340658,-0.00676512846368682,-0.001266633307191345
2024-02-07,-0.0018521100540709323,-0.008609632228552044,0.008359369759305624,0.0001990111703655817,0.008017255339262563,0.005302444372991655,0.003723347951231748,-0.0005929951821969093,0.007730083071934013,-0.005018866990486259,-0.0005284416082605992
2024-02-08,0.0017318231483445246,0.0031686923525637845,0.0051937338074450334,-0.004776152805309408,-0.010196798237094074,-0.002930215182763818,-0.008395163899409974,-0.002136248523762929,0.010878750932924897,-0.010808836106347752,0.006027298461545927
2024-02-09,-0.0022227657057020123,-0.004562552687491617,0.001788556302339428,0.0011997875485867393,0.0021633778214986688,-0.0009796088590063867,-0.0033471545693672944,-0.012131354070501477,0.00924390366879324,-0.0027317706482560267,0.0016817105433035717
2024-02-12,0.01113838222544028,0.006933881686188581,0.010117007004105005,0.013980442724304876,-0.0003083756134181215,0.007256303583159429,0.013631024416549842,0.004093474323127788,0.007108634753513199,0.008948168252118416,0.01154256174541013
2024-02-13,-0.02607066450541007,0.0007002516150800275,-0.013550641231754756,-0.008075632139361355,0.0011311116745662542,-0.005646435204069933,-0.01091407831422353,-0.0025179745878960436,-0.016696019520977212,-0.007963776049031424,-0.014107949003751674
2024-02-14,0.005026580146593851,-0.005131733414675543,-0.0017917609677103874,0.0029785089230283113,0.0024650561037897756,0.0060701267895726385,0.0005911089516625889,-0.0026445632196979707,-0.0013805369981387816,0.007297896390430658,0.00284095413191654
2024-02-15,0.01625615417018733,0.009613126207353773,0.006182715936670302,0.011482911311193389,0.004200857259419877,0.006228098251691128,0.012406480568331268,0.003856811981634234,-0.0008293829365639827,0.005614949799522817,0.003252558690843621
2024-02-16,0.004429771173109165,0.011031083580404166,0.005748283669806842,0.004893325489397915,0.008774620871410566,0.006769796304761044,0.014005081167868694,0.0018009547872503973,0.002213664427388018,0.004322728058190561,-0.007843527202556766
2024-02-19,-0.006125095327737418,-0.0009188219976465906,-0.002956277511172445,0.00038956871258721826,0.0007079972982668714,-0.002497619020571884,-0.004028446093747862,0.0021572423287281595,-0.006074025767215385,-0.0014346846980899386,0.0014756970884435283
2024-02-20,0.0007395860663330645,-0.010116073974344553,-0.01067406431900797,-0.0033100074303409333,-0.006266451700859932,-0.004237238323660963,-0.003852021481037138,0.004903085616456693,-0.02347225613064241,0.002693992906910303,-0.007472907710809329
2024-02-21,0.0032021308139624782,0.010800142824107573,0.004395628852282174,-0.004102345968087007,-0.006407620579469309,0.0021276713487095034,-0.0038669906848222135,0.0,-0.0076802863643584685,0.0030449250111030945,-0.0025450866458092136
2024-02-22,0.0035606056604855496,0.003446638547883518,0.015317295618698434,0.011965488737327057,0.011874255335499573,0.010422642086793221,0.007958071501731334,-0.004284191545653848,0.0407052329644535,-0.005892889840262261,0.013714619200466904
2024-02-23,-0.0011010496153461835,-0.004350781650458102,0.0037225435599705925,0.00639655001708439,0.006879112955715527,0.00534866479762286,0.006739812672140744,0.008963786499500248,0.0028921509806834056,0.007364894478083306,-0.001468268399463457
2024-02-26,-0.007593447942099152,-0.00022995219959676128,0.0005855705556301327,-0.0030816612683898237,-0.003014120627374939,-0.0011400602712008379,-0.008224948646059715,-0.005211973721335306,0.0006866664648086385,-0.017831668462005013,-0.01386408683454643
2024-02-27,0.0009874679777366335,-0.002185443249030361,0.0013656557123233881,-0.002511538980554562,-0.0022170836769175306,-0.0019021965893398773,0.005014506150086806,-0.0027387871843256306,-0.0032936116936721493,0.01016698511215397,-0.000532550268763643
2024-02-28,-0.0032056970223633963,-0.004380371797325311,0.003311867579994132,0.006972701973734452,-0.008281988457044531,0.00571753821385812,-0.0017271186247119763,-0.003940320370802275,-0.0008260713322679747,0.0005391585123284415,-0.0014918946319943949
2024-02-29,0.00531863841055813,0.009609750784603355,0.0011650752095342387,0.0,-0.0014258008571899072,0.0020845292665783166,0.008842735110049516,0.0014385369122040803,0.004271704008507182,0.006646358159724697,0.005549631420648016
2024-03-01,0.005536607799983884,0.012729365243102198,0.007370000839736379,0.0009617087025648452,0.004793407207346112,0.0018910452364075958,0.008003086648363134,-0.004668414955403155,0.01605386721230939,-0.008922198283930816,0.007429388169640561
2024-03-04,0.0028140469742694574,-0.013475199240291613,-0.00712358378258604,0.0015372408714457997,-0.0005074647185019376,0.0016987571416671177,0.0011341693168835931,-0.001683696777863175,0.006617121452743735,0.005401498597683352,-0.014643904808188557
2024-03-05,0.003660279472426309,0.007460903076129455,-0.013185966825670303,0.0028780032416144685,-0.0053823374908767985,-0.0016958762597594212,-0.0030211452072894662,0.003011685261611108,-0.021464964508577045,0.016833786248931837,-0.007270377638931569
2024-03-06,0.0009723003028130339,0.005127088923869483,-0.0007860270388504453,0.002487106695556296,0.004798868786881183,0.0020762667289921932,0.0053030795083346405,0.0016814723283260502,0.008911350078532276,0.0012328231125242617,-0.0017231873203322756
2024-03-07,0.0,-0.0007934673980460882,-0.0007865703447451633,-0.0007633762282924783,0.0064017602883246205,0.0005650551744331711,0.011115228288207213,0.0032373697617094077,0.010055789237525037,0.006684275783898519,0.008522981863520185
2024-03-08,0.012387801265495435,-0.0007940974885141117,-0.00039363230118283354,0.004201703936948187,-0.0017164596867310644,0.0032003386118393262,0.0,-0.0025098492777378967,-0.005650452826571062,-0.0022715545894648193,0.009948696645041277
2024-03-11,-0.002279188142187749,0.0019300427499011619,-0.007678664749328767,-0.0032332061187219097,-0.002933153711653702,-0.011822125301027553,-0.004844388492706186,0.0025161644713189713,-0.014747719026889428,0.0001751687652846723,-0.004236835284151752
2024-03-12,-0.003967899907583727,0.006798849565111453,0.011706351879472443,0.00839531822152284,0.005274869480704325,0.007595927213026155,0.005804182253822621,0.006812474092246168,0.01744021763785697,-0.00787954400508073,0.0019146525905784362
2024-03-13,0.003017914347556383,0.013393387302677917,0.0005883266975756918,0.0041627479102170906,-0.001816350231557129,0.0013192554280530011,0.010052067918084218,0.0017806449392541168,-0.008908031655244009,0.008118586052090704,0.004565264120409918
2024-03-14,-0.018052704973576583,0.010661917755568462,-0.0025480412965275256,-0.00471075940150012,-0.002224031791098313,0.0013175172862216478,-0.003685900376499296,-0.0016589571117547885,0.004630210220313291,-0.0026260103989237393,0.0026422080413028848
2024-03-15,-0.001470832626527252,0.0047252780788547,-0.007074093430325168,-0.0005679435719462278,-0.005977673314417786,0.0016917321672407226,0.0,-0.005341210068156577,-0.013691128545426978,0.0014042130005844644,-0.007378585966542839
2024-03-18,0.003436964196047221,0.003609338619197322,0.008707746923329207,0.005114613621540087,0.005402087208232542,0.0050666251290116815,0.007399143563086685,0.005608515205164144,0.010720158828974036,0.005083276413770044,0.026972466286695695
2024-03-19,0.002691012612907162,0.012532710321557783,0.005101006774698602,0.004523140926459446,-0.0012165728641987394,0.0031739761872016103,-0.00018359018915325986,0.00047467565113090693,-0.0019037175401894757,0.0022671968568066525,-0.005480250134654363
2024-03-20,-0.00012181615268058721,-0.004305257885185432,0.0021471913202122384,0.0016885582340742111,-0.002232984153517803,0.005769614292427505,0.0034894145830444145,-0.00011854474113814906,0.00572204577948443,0.006438122916751832,0.0063422613960015806
2024-03-21,0.012200965220430904,0.0064857686765322775,0.01850410518340384,0.016857118115146452,0.006307172919018722,0.015173939321466712,0.012628156096520238,0.004033171121973433,0.022216193395127037,0.0006915787590218159,0.009401855344384424
2024-03-22,-0.005183363774630467,0.002147964202890984,-0.0057372199619041275,-0.0023945674327305877,0.0009098662449571471,0.0018227938937029897,-0.00162660671623871,0.0007088558486105789,-0.0010601886035690455,0.0048375738446750916,0.00685766963005241
2024-03-25,-0.00012098958858031139,0.010181166032505518,-0.0028851994813655635,-0.004062060955002722,-0.0029290062546238893,-0.006368240173788009,-0.00036206475662492466,-0.005430922090277623,-0.004510431815851645,0.0015474579233840657,-0.003964578420105669
2024-03-26,-0.0026661031164554316,-0.005410589058690851,0.005208342148320666,0.004263988655766049,0.0038492427949674557,0.001464896822254591,-0.0014487835799738003,0.0041547778133506075,0.0009328317426731125,-0.002918423501207079,0.007144283774844773
2024-03-27,0.009477532964545343,-0.0008533528645833233,0.0003838122726811388,0.0011076495351520776,0.007265400926228516,0.0025599416321311352,0.004896635124271631,0.004965194662760686,-0.010517919173315349,0.010847059806412096,-0.007296362314285765
2024-03-28,0.01203668510853162,0.013238021964381286,0.005371163889504205,0.009957605017251847,0.007413322641072861,0.004194775388573158,0.01118929676217495,0.005881660833259916,0.004305700970643311,0.00902746725019643,0.003777119019455988
2024-04-02,-0.023311130850732664,0.020651132745189704,-0.018507941681496165,-0.008033569892852088,-0.022175773485273775,-0.007446419127969617,-0.0021416907817086717,-0.010408132001102466,-0.007770656964061096,0.001181628846065097,0.004067930551018728
2024-04-03,-0.0019483187792039836,0.009084311226046804,0.0023328683861925104,-0.0011043874704366186,-0.001220408261439987,-0.00018302170084538716,0.003398294173269978,-0.01288116204095946,0.004725980489517445,-0.007250047128972481,0.00597589530968623
2024-04-04,0.009638678746406448,0.0012276495814018684,0.001357635627614151,0.003500988116940551,-0.005498431122709535,0.001647147759759049,0.003030338471773808,-0.0014365511665401787,-0.0014783040577590612,0.0027173886635465383,0.0028191580223528856
2024-04-05,-0.012930461790209957,0.0047001029075655065,-0.010459052960601789,-0.007895709004857143,-0.005324016103357976,-0.00383700139282106,-0.006930858121125705,-0.004196212542244782,-0.012382311716716332,-0.010501401371404318,-0.005321330314385975
2024-04-08,0.014079458581307991,0.0007118854217504911,0.00959095081235728,0.0044420078454407985,-0.0020587192433902946,0.0034849344298184537,0.004652797361551109,-0.0020466912345546984,0.0014990544353890023,0.004964069233427404,0.001615095220153684
2024-04-09,0.005432700936475188,-0.004776435095679488,-0.0046529986418554214,-0.0090289602788588,-0.0025786488692048914,-0.008590703964008073,0.002137494356775793,-0.0010857321577186774,-0.009252964007922748,0.003236287589323039,-0.004736463745384389
2024-04-10,-0.026056637089023504,0.010824033036766156,0.002726906685476038,0.0024172754010043374,0.0037228606175059298,0.004977814061786656,0.0008887851626309118,0.005193240209266481,0.010438156320756065,-0.006960947993048361,0.0075941480553243235
2024-04-11,-0.00690413099398024,-0.003434653452144998,0.002136764011843262,-0.007419802022093802,-0.0015453729678266415,-0.0011006707107170666,-0.0023086674648332695,0.0013215544457607642,0.00856323577587692,-0.00017100591457408498,0.005426580208886422
2024-04-12,-0.0004966760397665526,0.018347668835250186,0.0017445270851268457,-0.0014950106310361866,0.00030955296835477597,0.0042240503032806576,0.006051978475275499,0.0016799499063491208,0.011051209279647312,0.014192917878790956,0.005497281813759747
2024-04-15,-0.010061146377174479,-0.01672307705043019,-0.0038699837801553505,0.0009357895709332098,0.0036104648783421567,0.003474737118664528,-0.0024769884733645275,0.0002395381200561708,-0.00399887277775568,-0.008430281376205828,-0.001242620518690729
2024-04-16,-0.018569378239250867,-0.015893902755881317,-0.016899746301881402,-0.01925951361468181,-0.010175741129133109,-0.016949158434106715,-0.02199364411094451,-0.007904235474363808,-0.016461500760693082,-0.018364254477728603,-0.018959871832242126
2024-04-17,-0.005880858568968472,-0.0009257930124288993,-0.005137366787094866,-0.0003813242606814926,-0.0059189997586798215,-0.006674023077858249,0.004533913724470207,-0.0016899975354586205,-0.012110483270094119,0.0034644164996593396,-0.002739213379807315
2024-04-18,0.004115334915407054,-0.00010298739649516886,0.00019865216551306908,0.010490162766721323,0.0005222544720580036,0.0052258075723803366,0.0037912815812721767,0.007134268307826153,-0.007300258821435035,0.01311925284877491,0.008341788340181733
2024-04-19,0.0019210312179491762,0.0024714021445897405,-0.013899935553129628,0.00018879079495826012,-0.0005219818646947649,-0.008911985458538552,-0.0046762289328877715,0.005642948919880597,-0.026779524259029297,0.011415948190833136,-0.019269571274697528
2024-04-22,0.001917347932714808,0.006368800783770334,-0.0033226120828501182,0.01094542362683315,0.008879122995032462,0.0028099982798845957,-0.0034332964616029527,0.013490893321374209,-0.009694900357756997,0.006907005444683367,-0.0005143621629580819
2024-04-23,0.016330705978686577,-0.0014290026324798033,0.012425531704994386,0.0104536377913238,0.009008025478290715,0.010648229176584145,-0.0036264869883204653,0.001413626427669179,0.019867510388816845,0.008700024322923161,0.017291089760427036
2024-04-24,-0.008034149653562195,0.0022488113726406578,0.00439036555624539,-0.004064312144133941,-0.004720360173197102,-0.004251377980100113,-0.0005459980632862571,0.0015291995077195697,0.006493601604283805,-0.0018245249408054276,-0.004957485557150254
2024-04-25,-0.004902644364654818,-0.0003060316956396969,-0.015597131602427483,-0.008532722793074488,-0.005773766067922903,-0.0090959323089852,-0.004552075898308416,-0.0010570394472139144,-0.014866832294786914,-0.0013293757169988707,-0.03446870837977667
2024-04-26,0.008339650214020056,-0.0009181426338784604,0.02311031385770357,0.006922337261056066,0.006014744677166117,0.014424886518475732,0.013352906189564528,0.004585530577948305,0.03146354145338881,0.0006655726546243024,0.0458087039449937
2024-04-29,0.008652344587558147,0.004799358922071617,0.00828569727798878,0.0009290084976598667,0.0018554819215754748,0.003324105265070987,0.007581194176486061,-0.0029260298789369754,-0.003726661897022421,0.00848024844373807,-0.011277768046733638
2024-04-30,-0.006811935969953553,-0.007418733187129156,-0.008217608660280762,-0.004826402945764974,0.0023664545916408652,-0.002208774940873237,-0.009853085633598546,0.0023476575010048517,-0.00166254843550373,-0.002967853267060172,-0.0027498142962371075
2024-05-01,-0.004064555028346684,0.0,0.0,0.0,0.0,0.0,0.0,0.0,0.0,0.0,0.0
2024-05-02,0.006631792109657697,-0.023036756856573803,-0.004734619654202854,-0.0020518673586868985,-0.0034900055869535596,-0.005718457181869696,-0.0057897537936291155,-0.0010539447070371244,-0.017485353171312612,0.010914500315672981,0.0007148661778306753
2024-05-03,0.017483946860104682,-0.010479983433131612,0.010307243803763466,0.0009345651787018294,-0.002987236403559468,0.006307980388917889,0.005095519115728919,-0.0033997761448071318,0.026694905482797404,0.0042532032879156745,0.006939467421690493
2024-05-06,0.0,0.018110560449418278,0.004708610124028123,0.008216665689543712,0.0005165349921518736,0.008849548808677277,0.008690920626737597,0.00011756859880929227,0.009629893035241421,0.007167330929806814,0.008918648107888671
2024-05-07,0.01133083560905046,-0.002808661716224181,0.0029291452560167297,0.010187057232115437,0.011978559541265588,0.0054824420754406855,0.008257029115638082,0.010468208117902167,0.003951504536573891,0.010836133739345888,0.009542970141323881
2024-05-08,-0.008741482546717028,0.0014604567990512685,-0.00661994058698212,0.0011000652289441248,0.0021428478007414764,-0.0003635124972241055,-0.0012462114492807208,0.006169232414206416,-0.0020358513200001704,0.010559997558593714,0.002238809723378532
2024-05-09,0.006210398220804825,0.0051041444142658765,0.003920046278812261,0.0042125158124795,0.0007127552741754695,0.005636388605291254,0.004634619310202037,0.0018509489610820662,-0.0016319205654778957,0.007283076085876639,-0.003226633535893808
2024-05-10,0.0033328110316592774,0.006529224756559593,-0.00488090577980993,0.007660006473088066,0.007427791676849038,0.006147173099729342,0.004613171020538376,0.006928388968741039,0.0025881324415433227,0.009902563324305502,-0.002241039664587774
2024-05-13,0.0004922180319066882,-0.009266901775397463,-0.0029429374590239643,-0.001085997706624764,-0.0007069961954743187,-0.0048517601142942235,-0.0047686411666748585,0.0017202010450521055,0.0032608406079508434,-0.004202341755076611,-0.006438717797128901
2024-05-14,0.0068864521904623555,-0.0037414321948076035,0.0017709593295620607,-0.001993056684025052,-0.0033353731848765333,-0.0037920349425711875,0.0028393939972437554,-0.006182036919981537,0.00013545688957927737,-0.0010940871416856845,0.009996955869303381
2024-05-15,0.01343425086528427,-0.0047986551381575815,-0.001571361551702899,0.004175735922119284,0.01125647098145377,0.005075269227609924,0.0012387809520568727,0.001152011361918559,0.017738730061684915,0.014082267459402553,-0.0019895055503325043
2024-05-16,0.0030128679075465126,-0.0008385936035125718,-0.0003934774157622334,0.0032543898157033624,0.0012033204544585896,-0.003426554351523836,-0.002297650475576396,0.010125385068895376,0.009180345641196075,0.0016972784214674963,0.010465939640331046
2024-05-17,-0.003724698605912846,0.0029374609755907777,-0.0011808969035485006,0.001621916559119807,-0.0036056990601111005,-0.006514600191618425,0.0053144239682190175,-0.0027337721980486007,-0.00830583079883529,-0.0038508935158840796,-0.0007397972838790734
2024-05-20,0.0012058609549561172,0.006903804107152078,0.00019701126173798933,0.003418471040834481,0.00432247980162348,0.009107467870730579,0.010220296582461375,0.00011415769831590872,0.01063540826084286,-0.0013916242529575795,0.004935852928924067
2024-05-21,-0.007467945732670844,-0.0016622029769221003,-0.0078801758157655,-0.005199944650295829,0.00050040456941991,-0.0041516850288561,-0.003139722648295429,-0.0037687781048569846,0.002367802066881586,0.002322724088353434,0.0007367087032803532
2024-05-22,-0.0025484477744842637,-0.017793955375900894,0.0009928363076761038,-0.0007209970414093769,0.0018007233575869641,-0.0036251034054730624,-0.012773461722534352,0.0012609535334642263,0.002624732095101834,0.0006178477376601599,-0.00024535758363686266
2024-05-23,-0.016303888567912983,-0.0016950527995489573,-0.007538208079061137,-0.00577200041036896,-0.0014979181824761323,0.0036382925923397202,-0.00460826533093206,-0.0033202804933826213,0.017801054753786794,-0.018990208295320832,-0.003927340226318132
2024-05-24,-0.005071180197234515,-0.0033959427297491906,-0.0016989623535196285,-0.0027212937969575135,-0.007800768036414829,-0.0007249791944454742,0.0017805996152562287,-0.004824879765829793,-0.004886893934837544,-0.0014164329759380756,0.000739250318956719
2024-05-27,0.0,0.0012777671441612792,-0.0014015355941923158,0.00382024885954646,-0.003830231397285,0.0021766539009586694,0.0049769392525376155,-0.002077805735687943,0.006461618218497778,0.0033096782024835125,-0.0002462973671544244
2024-05-28,0.0,0.004360349541976616,-0.003308289033129741,-0.008155142451081954,-0.012243236487449405,-0.0068778473867010526,-0.0045985520343184705,-0.011567380396770854,0.0030817347409899387,-0.0014137630035125914,0.0
2024-05-29,-0.01852304534409044,-0.008365109012121064,-0.0019110321415301001,-0.00840488010816931,-0.003892694858849577,-0.01202842828977324,-0.01066095392919253,-0.001755341156714496,0.0019200446903586688,-0.014000305079770237,0.003940883089295966
2024-05-30,0.015072818947321709,-0.000320328657854696,0.0012092624521624629,0.005896438034366014,0.0011312280210626913,0.001106832213694009,0.0008979747986082032,0.002930832251533566,-0.01686469594273521,0.003509910970516783,-0.008832110168761065
2024-05-31,0.006488732661983798,0.007370164406846458,-0.007448393307849743,0.002015032241144743,0.006676954659138534,-0.001658377590358362,-0.0030503888451761663,0.002220862714601868,-0.025990904214658106,0.01208264392840297,-0.007178240212233122
2024-06-03,0.009422197462249704,-0.00986109987541861,0.007605719453988913,0.000914062821995909,0.008469406439333582,0.0007382967017723896,0.001259893684197655,0.0076977335963785976,0.015343583358289559,0.004555465224983513,0.014709552321363617
2024-06-04,0.005526949000075332,-0.02066824118593702,-0.0008051714026091616,-0.004931515210295334,0.0015177731771707226,-0.00442644177542284,-0.012942678534582974,0.006828661197580077,0.0011827065583418506,-0.006724007819324029,-0.0014742351883603177
2024-06-05,0.0009770410869063273,0.0033898873519233597,0.006849318226599177,0.0034874931774124818,0.01091123626017243,0.006854370785891906,0.002913856271293591,0.0018393340158480154,0.02848140306353386,0.005824920170313774,0.014271698813125955
2024-06-06,-0.0012202343370240065,0.003923284677098016,0.006202508526016448,0.004390007069784874,0.0031980781794125335,-0.0003679235258107205,0.005629224169401148,0.005737234552446013,0.0029351164592599233,-0.005791186968530648,0.006065016802436096
2024-06-07,-0.010018246231862094,0.005427702834263748,0.007755008601084024,0.00546347182469864,0.008168955143065482,0.002944963041040305,-0.001625138151897021,0.002966367731935593,0.00572597784203932,-0.006454657500903682,0.004581592021128955
2024-06-10,-0.0017277239430479874,0.0132800225768126,0.003354344276275567,-0.0016301422582924996,0.00019767068245246655,0.0033032939059285393,0.002532092373489503,-0.006370210040494539,0.01417007507096324,0.004753592681970842,-0.0026404371280475125
2024-06-11,-0.004574283653839384,-0.004901428790108131,-0.005702991337898755,-0.010341068684137755,-0.00019763161647590177,-0.0038412125755648008,-0.008298738624212154,0.00011450642707711012,0.005613734127795311,-0.003154088683499867,0.0026474274938963482
2024-06-12,0.019498370094881867,-0.014990914819880463,0.0059335290528497175,0.0005500017307746852,-0.005928838855874252,0.005692276505737226,0.00400213573077024,-0.008814151408896631,0.02319814827469302,-0.00901755581521968,-0.0019202596411529438
2024-06-13,-0.013156254445085502,-0.006196322513979724,-0.0029493024789382094,-0.008794491404001459,0.000596473050680224,-0.009859428720358832,-0.008697219680741886,0.0009239153994475835,0.012487860540445705,-0.002713891612416086,0.0
2024-06-14,-0.0001234899307119841,-0.0033909162634292445,-0.006507553190993165,0.0009242708533852007,0.006954072350244589,-0.005716418512037302,-0.0034728318385753854,0.004499819982552777,0.008621736346366982,0.005282503760349888,0.006493425473222514
2024-06-17,-0.005679011245855459,-0.000987860461883594,0.003374318486326855,0.0,-0.0055248377586982755,0.004451069855655687,-0.005135707574210113,0.002986470750306225,0.004748829164702206,-0.006847138700632693,-0.003584174830362219
2024-06-18,0.006083976530310009,0.007910363076880866,0.0007913138700508249,0.00923361008145207,0.0023809311161062663,0.004985237417362676,0.005715294045000263,0.001488745463493979,0.007089756859130603,-0.004809992659903339,0.002398044899077467
2024-06-19,-0.00222146055161887,-0.002289067902361386,0.001581300970866506,0.00128087269661048,-0.0035629513765793597,0.00036745283210604107,0.0018332225520989454,-0.00182957162147801,0.0086823634239519,-0.00048330561373233216,-0.0007176741589572933
2024-06-20,-0.0014842033360599194,0.01496780033708367,0.005920723556324781,0.004385925775139299,0.006754075318976982,0.004958686023516901,0.009698056075001293,0.0025203484751481486,-0.001977412661759659,0.010477074493707272,0.004788143661661914
2024-06-21,-0.0006193880653122541,0.0024757343784864716,0.00451244921969729,-0.0010916586534424066,0.0035517029220972773,-0.004203207914939,-0.0072490308747132914,0.0010284120179830936,-0.015268125191068349,0.0020737130477435084,0.004765235702293369
2024-06-24,0.014501728460409424,0.008804893364195987,0.004882812427240424,0.012203973594235418,0.007274851109802416,0.009359484415922603,0.007119375654236704,0.0059361219351454775,-0.016096587107794824,0.004775537066506352,0.0035570674031797367
2024-06-25,-0.015516059398983373,0.004576906004719383,-0.000583140788129044,-0.004678753337431063,0.0021471913202122384,-0.012545429576526934,-0.005256427595702107,-0.0036314081349325678,0.0032479764390926924,-0.003168579948096717,0.009215486589337907
2024-06-26,-0.0023581168809032604,-0.004767927117373283,0.004084070529912109,-0.005424029005768216,-0.0031164753980633675,-0.0007365294515904175,-0.002186638925773532,-0.00022783908616885729,0.005275717073880193,-0.0031785911325867833,0.004682762051665845
2024-06-27,0.0033588215757747175,0.004258506596181322,0.004261038184284027,-0.001090666432001397,-0.005666293743613271,0.001658377590358251,-0.0009130613329636494,-0.008544087610273365,0.00011930029421947097,-0.003985969310177251,0.0030296217333376507
2024-06-28,0.005331075115397432,0.0043464011953391335,0.0009643790401030472,0.004913566042127782,0.0025545503964317096,0.001103707835174772,-0.0001827512648604479,-0.006434534832223449,0.00977936445732075,-0.008163952717539669,-0.00023239163609911628
2024-07-01,-0.005426173551600466,0.0018999399328107902,-0.0050096749245917005,0.0005432593015886056,-0.005292051261096886,-0.007901442575275475,-0.00914076769700456,-0.0023129938107232517,-0.007086317315418977,-0.00016136736089311654,-0.01487333041609018
2024-07-02,0.006571639615696068,0.002633796932391741,0.008326884396942402,0.0007239984710831759,-0.009064021368919373,0.00037037678171403243,-0.005904053326933223,-0.003361461660102205,0.00523376285242616,-0.004196967441944088,0.00495397705818168
2024-07-03,0.007021357403172557,-0.0029420908341284413,0.00288076679005278,0.0034364012219725293,-0.012229104539087654,0.0068506342914385066,0.0133629805444071,-0.0011631321192261401,0.00911130781685654,0.006321984325297958,0.0021126797138868447
2024-07-04,0.0006116599355319163,0.007060787999313645,0.0036384263168813824,0.003965414969689052,0.0034222845748077546,0.00275832490318928,0.0036630177386223206,0.0024452618908799018,0.0015244475219675646,0.00048322774503950505,-0.0004685045305005131
2024-07-05,0.0018336576216781975,-0.017789838757580667,-0.0003816152990250288,-0.008617585918521242,0.0,-0.008252282382464227,-0.00456204385913439,0.0,0.005854115192150733,0.001288005402854342,0.017108117840625603
2024-07-08,-0.0010981608732134607,-0.009482200978701893,0.003626692949414201,0.0009054551965819169,0.0030092829272383437,0.0033283373591743715,-0.0014665081113891532,0.0022070211347264834,0.005005152571898819,-0.0038591070762052926,-0.002995416210704871
2024-07-09,-0.0015879984858269136,-0.004517566563737807,0.0005705359119854148,0.001990240807680621,0.0007000669698942197,-0.00405450447495781,-0.0027538373878701616,0.0006953820055934923,0.004053811887434922,0.004035512460389912,0.004622157634009749
2024-07-10,0.008809335142208052,0.0007563445976881411,0.001805763535468019,0.005236495038586142,0.007595464269179342,0.003515888665619693,0.0068114678564701325,0.0015057318546056742,0.005306252987864024,0.004501588036373461,0.0
2024-07-11,0.026319155186923737,0.004858528772380133,0.001992212097305268,0.006287090000545392,0.007538208079061137,0.011064029022368915,0.010239557274692057,-0.00046259876214460594,-0.020424540999787744,0.017125475394744516,-0.016333169524545
2024-07-12,0.009453955368020184,0.00032232491023154175,0.0024616029168238462,0.002856120066131451,0.007481733541410351,0.008207129914544753,0.008506809424490891,0.005669303043380758,0.009605243861340318,0.005192790480196274,-0.005612672431950738
2024-07-15,0.003629301161535814,0.009989262303095492,-0.00037779482966560085,0.0040939754536657436,-0.005276463801600517,-0.0010853393617696883,-0.005204610717409519,-0.007823289455828997,0.003248622477847407,-0.021916116193956947,0.0009407552939018071
2024-07-16,0.002682553474119942,-0.00021266237717754155,9.450242419251076e-05,0.007445523573456292,0.007662070293851686,0.014125294495727747,0.0034277219134570824,-0.00034785227319067413,-0.00751707547938929,0.003040951153985727,-0.004229330342285675
2024-07-17,0.013494788233532118,0.003403889879297184,-0.012187065981325795,0.0042230838648043,0.0001949370511744597,-0.007321425846644858,0.001258534630860897,0.009859627457926567,-0.03355857916172489,0.005584846003582555,-0.019348741721508578
2024-07-18,0.00091825705098314,0.014099457280163374,-0.005738317598801279,0.001752207370874892,-0.008576971408434608,-0.0035977830975081337,-0.004309532585522913,0.010797179735430262,-0.01784426468975764,0.004760381384979695,-0.002646790344483896
2024-07-19,-0.017775237553591117,-0.011603602005623048,-0.013370521372542465,-0.014343182107527941,-0.004915454128978425,-0.012637674140691058,-0.0158701723355682,-0.006818164478648803,0.003314562674877397,-0.008843988881711784,0.002895028460218052
2024-07-22,0.007238727508102727,-0.005817060116399264,0.00721456435576906,0.0058562881985921855,0.007113230705591667,0.007131161348306048,0.004031541541752892,0.0002287945390995194,0.004282374400409239,0.011312984674289206,0.0007216449246356671
2024-07-23,0.0023182612451353446,-0.013617008290392252,0.011228377596770978,0.007233589364936455,0.005297242521038026,0.0076252388341155886,0.00018248441989654474,0.0018302867245565402,0.020102357322982378,-0.0006302334135499521,0.008894297119078187
2024-07-24,-0.0038163313262917775,0.004853288851571991,-0.031300892450003226,-0.008582968596201446,-0.0005855306988943321,-0.013873882121867909,0.0005474925987563051,-0.005480741572254533,-0.03463515358427083,0.004256668082368575,-0.027638785172107605
2024-07-25,-0.009321023721932553,-0.00021462534570571012,-0.007213396734709554,-0.003003501299086442,0.009177918943678254,-0.00657775650214909,-0.007295303894233163,0.005396110550366595,-0.014351152243370358,0.003767627329592793,-0.010046553139310688
2024-07-26,-0.001419038737701217,0.002147041813913786,9.955345982826103e-05,0.006911206584074181,0.000967477491588653,0.012323008953558423,0.008818657717161171,0.002626508595810595,-0.0013807030611234783,0.002658773651764923,-0.006683179395196803
2024-07-29,0.006631944086940678,-0.0028923047400076785,0.0114450025683146,0.00017603196557880452,0.0015465268077059502,0.0019985575676204625,0.0023675299303678177,-0.0005695108202711241,-0.0008798353063380615,0.0037435323894035033,0.008721616366942575
2024-07-30,0.0032942689737829323,0.010743446286293201,0.0019679679527886407,0.01319725454575238,0.0007719957492744456,0.005620989120884934,0.0009084163559023306,-0.002849002849002802,-0.012580199105223344,0.0021755927423174892,0.0049407303656408
2024-07-31,0.009966881549135609,0.01647529115854729,0.013355598408099079,0.003994434437691874,0.006364548520081392,0.013883888757207918,0.015429269772495369,0.003999982561383897,0.031978624086433705,0.011784806348356769,0.012045178468378381
2024-08-01,-0.006966238309612738,-0.017358528499335613,-0.015505437209618722,-0.018508902774712177,0.0028746938482486772,-0.022585816612175624,-0.013228421200143115,0.0006830414232272819,-0.01308638961226849,0.0058237126960607455,0.0058295285193339375
2024-08-02,-0.004208836333323029,-0.03926787691254474,-0.05994681127495227,-0.0449418924272883,-0.0236958080465981,-0.042394433318243885,-0.0394927586058913,-0.01069278127912765,-0.05178883241444654,-0.008075556932455541,-0.0350157152446855
2024-08-05,-0.004461692438009424,-0.02857777875431622,-0.021989512818021972,-0.0287875548648725,-0.01546292646639047,-0.01729051546539706,-0.017351979926432892,-0.009888474166731887,-0.03350924555758894,-0.014900172710276216,-0.020320327659209658
2024-08-06,0.0,0.013569013487064963,0.007066338564587493,0.008740244634943384,0.0075546933176742215,0.010827485409447224,0.005566236545503811,0.010219454734415434,0.012967470932851333,0.00171527545708261,0.0010217869812878533
2024-08-07,0.01969564422018122,0.02159970955257884,0.01233259294299649,0.02053117629412471,-0.0007892840427481396,0.02180565065544493,0.011834299276729299,0.008161847360711016,0.016439849558742115,0.01603360544128818,0.016331514599724928
2024-08-08,-0.007864948062585753,0.001761960867867396,-0.001470272924319116,0.00018453897151871068,0.009873617812527158,-0.0014975293728842765,-0.0037728155928076212,-0.0003420613493815283,-0.003977237843617365,-0.0016851997336315705,0.0028120797983195445
2024-08-09,0.0024481884106704044,0.006045898812608863,0.0029448756195271653,0.0046133974226894026,0.009190481546979878,0.0,0.0022722766287497365,-0.002509424264834248,0.00732068510401529,-0.005831873257451492,0.0007010485451284243
2024-08-12,-0.004302922411707821,0.0051355030369608645,-0.002411947938983361,0.0003673853465870902,-0.004068961092601464,-0.000562406809356153,-0.0013224956436921342,-0.004230933448819751,0.010835091061279112,0.0012349773473638859,0.0055544468168589045
2024-08-13,0.009927590049330526,-0.006522431656207361,0.011352905100771249,0.004406935044096061,0.00642019468017474,0.00506472426952409,0.0041619602376630205,0.0,0.023006563872293606,0.008479849623529434,0.010699186859141063
2024-08-14,0.0105240368595938,-0.0009847503938250624,0.003533977450583148,0.007129787645499874,0.00019335272219178634,0.004292637819639289,-0.008100985123256077,0.002411564998357152,0.006261153212295811,-0.002599079480534061,-0.009847309741499277
2024-08-15,-0.0005723392131307126,0.01938660004275139,0.0,0.01924126647948876,0.0,0.0,0.0,0.0,0.0,0.0,0.0
2024-08-16,-0.0056108337612441606,-0.0051574444881006265,0.03303982093404656,0.002137113599711249,0.0106300583536596,0.01598209949277507,0.017473848856264684,0.011570650998249832,0.025777762276785632,0.0029123612450601133,0.015166598504168238
2024-08-19,0.012897313647562525,0.006588191321722059,0.0029075688965167767,0.0056868614220895175,0.002294873394219632,0.0018291986860750065,0.007653534622881875,0.0026047080361282227,-0.0002475444833942575,0.001528327581456379,0.00440843699256499
2024-08-20,-0.0030695135021090447,-0.027896980249527026,-0.001499565407472092,-0.00777520101647966,0.0003816152990250288,-0.006390401422184833,-0.0055575998444722385,-0.004179319126727754,0.005200571543285015,-0.0032046251851755025,0.0007315921780564061
2024-08-21,0.002964808592079704,0.0008830224326938918,0.007709294089258467,-0.0030276398757393963,-0.0017165773805842832,0.004593899456297068,0.009128127067508318,0.005784873929799206,0.0,0.0026025439335508604,-0.0009746811558235535
2024-08-22,0.0062537288916324485,-0.0025364287181245393,-9.937542055471482e-05,0.005001764587111435,0.003056932498006537,0.002195038423290052,-0.0014767956260202109,0.0024811235507635754,-0.00036953411165441263,0.001526927429881919,0.002926803216701579
2024-08-23,0.020338958464202195,0.005638498103237133,-0.0010930108408057082,0.007998591830160384,-0.0009523664202009119,0.004927914824822688,0.009613615387257468,-0.0029249874903334305,-0.008133131850883601,0.0009148527418596508,-0.006322916543939905
2024-08-26,0.0,0.009564674091235181,-0.0024868198849663514,0.0012343448413736358,0.002097247068665098,-0.00018165884455134673,0.005310399419266254,0.0074467300300398165,-0.005342282477178828,0.004112667734820663,0.0014683690087500256
2024-08-27,0.001771811452483174,0.0008711949195194801,-0.004686888975113934,0.002289557430611211,-0.001522104812868963,0.00018169185048289016,-0.0016393469961101248,0.004815772211522074,0.002498183658953268,-0.0030339343719278933,0.00268818707902696
2024-08-28,0.0022108695667795164,-0.006854584459909274,-0.003005665060628493,0.007907235356633402,0.008193603447532727,0.005993425501756411,-0.00072981051861154,0.0035666483556664463,-0.009843021361828797,0.0071515704804197,-0.009017766095363866
2024-08-29,-0.008052042563984396,0.01183174677363863,0.012661988541724511,0.008542501020843751,0.008127013918273862,0.008665815987100922,0.009311636247410604,0.0,0.01761672963853167,0.00015099722718381337,0.01524837516506361
2024-08-30,0.0032247172849670935,-0.004439190768730006,-0.0003968769223489099,0.003111500603691475,-0.0013123302329204334,0.002326849303751155,0.000723605579063813,0.0013327714944673108,-0.011376354236351638,0.0063444987568235245,-0.010174374548575615
2024-09-02,0.006761387574054645,0.0055465160756615894,0.00744564653038271,0.005514383966149339,0.006007127690526914,0.003749983651297528,0.0027115243439335135,0.003771032875784064,0.009631073193904216,0.004503083308243783,0.008321100036933204
2024-09-03,-0.004183754947125418,-0.022712508056619285,-0.0047300289816240015,0.00017141622094318798,0.0011196374905797501,-0.011563738156352255,-0.017306704129143258,0.0069612956178781715,-0.02898914682727971,0.002241505229874763,-0.011650474110381559
2024-09-04,0.002763937479030032,-0.006418789587615881,-0.01089107400119893,-0.008910220224902399,-0.009692459328502379,-0.010799176997623228,-0.01008987807734496,-0.00010967307294151851,-0.022327125048778762,0.002385621929885229,-0.0063851210323214724
2024-09-05,0.001212787608173782,-0.008576483109108302,0.0014013952703710864,-0.0067427280190106575,-0.01618672300136037,-0.01073508301339432,-0.008895469799488076,-0.004719055006743966,-0.005480858462729166,0.001189858659316867,-0.0032129821146698045
2024-09-06,-0.007818543087480756,-0.018424888779784654,-0.0195921538038335,-0.011140111073093206,-0.00267838891184935,-0.01324254957054305,-0.014958848988559592,-0.0027566434366513848,-0.02361888786231492,-0.0037141585064295324,-0.018596577385287638
2024-09-09,0.010210960198014707,0.013162342455453002,0.012438837662387181,0.014610068584642644,0.01074232777900841,0.01752094314956465,0.012528470835017513,0.013821317627781493,0.013707789179773888,0.00581567855423315,0.0017179630018717695
2024-09-10,0.010327352102021514,-0.01863978715608794,0.007049314468573931,-0.012491346778751522,0.0007591747308770547,0.002015032241144743,-0.0014998468471284498,0.0011997012479290081,0.01418533329570737,0.009636791034663528,0.003531058158067202
2024-09-11,-0.008155659433360829,-0.012432390893382106,-0.0076999664306640625,-0.007730123697527458,-0.007775457063747937,-0.009872045850010447,-0.0033795812270189796,-0.012091509514719045,0.0030065798291973866,-0.0071952698200975496,-0.006534591668316492
2024-09-12,0.011840828914146284,0.013987608525890538,0.025093195399912727,0.013633152691296724,0.0030581010769374917,0.020864126131810323,0.019969810136170496,0.0027566434366512738,0.03375467515415642,0.0048809618115011055,0.02459016709856421
2024-09-13,0.013327493308916694,0.0034487074275784124,0.008847832432936853,0.0034934631081127154,0.004573202754577732,0.007234539782206895,0.012005938921439752,0.004068562868424053,0.006933976977734346,0.006623446159429891,0.011111129949122223
2024-09-16,0.0032078808811186743,-0.0008019211145611216,-0.007113655597304147,0.0017406174550584907,0.001327763528137682,-0.0016160918442674754,-0.00292023808612063,-0.0013141509188027145,-0.013021170398943682,0.006579864779327593,0.0014651418187041632
2024-09-17,-0.0012790666355697589,0.014446252219627143,0.010501518316162972,0.009730692975064237,-0.003788610711704443,0.010251793353726946,0.008420264973070468,0.0006579400919777267,0.0048204648559107,0.0023242834198309303,0.0063399694433528
2024-09-18,-0.0053360529701353965,0.001243139430197715,-0.006216000343233885,-0.0030975787865284987,-0.006274992015539049,-0.00445077457984,-0.0059902310789735624,-0.008547931827910915,-0.006438608030869708,-0.0049274831578352,-0.0009692492145301213
2024-09-19,0.0035406795423036375,0.01659330941945636,0.018569209651541962,0.008458447457072582,0.0017221614136717633,0.015915651528757735,0.01807892090598373,-0.00707416139065975,0.027954315920540207,-0.015001548991466551,0.01746304217067851
2024-09-20,-0.00844652206887142,-0.013879636174615073,-0.008251780850878743,-0.002738785560201573,-0.007449845291614077,-0.005984864361361253,-0.007892352048591622,-0.004452872289051002,-0.008652714022666541,0.0124205826023851,-0.005005937560272455
2024-09-23,0.011429866103978448,0.01553884608432754,0.009674922543487785,0.004634405519093221,-0.0003849202870684909,0.007968778794309905,0.00849751210154226,0.012411949083794394,0.0031172071011591473,0.01781804000222853,0.009103910832231943
2024-09-24,0.003838017920625436,0.0028827419868941995,0.009869670115685292,-0.004442137825999226,-0.004235606696622596,0.0038650953580521286,0.014700604388119265,-0.002650738472970038,-0.001740203790666528,-0.0001435232584311441,-0.0018992881858044264
2024-09-25,-0.004142020565649829,-0.011276911857167615,0.0010437480879459393,-0.008237507095683827,-0.005027110017282621,0.002625157988819904,0.0017668249384155121,-0.0017719120343513417,0.01033497517477966,-0.004161896014024613,0.0023786506171117328
2024-09-26,-0.000852992496802818,-0.026724805786566885,0.007109004739336511,0.008825027054051748,-0.001748934204995889,0.005760132851873934,0.018694842051688143,0.002551623679731385,0.004190337316277271,0.0014411078685787615,-0.0033222447004312983
2024-09-27,0.0022412336871393546,0.009306038029340824,0.0050823615579043135,0.005488845609123105,0.005839969696287861,0.0019090699824830804,0.007271502698191767,0.006860629615405678,-0.0035591667105971947,0.00489284757141184,0.006904783703032047
2024-09-30,-0.006283278758203337,0.006829806312379727,-0.008615021641146359,-0.0032411912345777782,-0.0050319011176096495,-0.005889488225946371,-0.008937787126780283,-0.005275258147139583,0.0012316599472115275,-0.0005728328007797989,0.00023642282612312826
2024-10-01,-0.0004285988084395953,0.029508204639948632,-0.003305998813973976,0.0030806144828967597,0.008364137452870013,0.008015317814337397,0.004682630219878359,0.006739593370392649,-0.011809559277410231,0.014901861325179677,0.008747019824071112
2024-10-02,-0.00707630648668256,0.01120145288609975,0.0029378809500621994,0.0011943302183119453,-0.0009644914528043058,0.003630127998427879,0.0036250489101739003,-0.007791912456886818,0.008838529419753938,-0.00409432314034186,0.002812344779273168
2024-10-03,-0.007126561992499947,0.013900942157292429,-0.01039401356032399,-0.004090008132560108,-0.006371921707299055,-0.007061657556224565,-0.013759876942877725,-0.007078940306593506,0.005922948199857281,-0.0004252733046147261,0.0004674096128942651
2024-10-04,-0.005981502321156906,0.01906596794837112,0.00964379332056109,0.01317591505575022,-0.000971613640693425,0.00555073176677312,0.002964739597016486,0.003564661989423623,0.0071148412038608555,-0.003829304556526192,0.006774050257587927
2024-10-07,-0.005470418571118074,0.010195514262413052,-0.003026288077256134,0.002533381661852463,0.0027231937378713322,0.0025875057447484195,-0.0008694007741228971,-0.004883947495807228,0.008160757386085793,-0.006691361546090735,0.0025522184279800353
2024-10-08,-0.0028603789161827375,-0.026844259855064556,0.0009485721481501397,-0.003706219987214099,0.0011639451829104086,0.001892646462029024,-0.012530411024674448,0.0004461897919298963,0.007490670191225179,-0.0030098766601205362,-0.0013885109897007197
2024-10-09,0.000441224100158788,0.00288682001480689,0.006444279063767988,0.007947264551128708,0.007556663147378684,0.0032628993337218137,0.005639754764858562,0.007804626259203085,0.013191011897976335,-0.0035940196776087507,-0.0030127708810686604
2024-10-10,-0.004411011902868522,0.012686511442383308,0.0016008079399729702,0.0,0.0038461685180664062,-0.0025675747326773246,0.004381352856346332,0.0005531923010893003,0.0037874269489293066,-0.0008656407546837608,0.003254286103178572
2024-10-11,0.006756713580738705,0.0013686165463331346,-0.0030083640740951045,0.013420554082692382,0.004022970908110546,0.009610457677907913,0.005932649527842226,-0.0008845845742487812,-0.0010611524641118697,0.0007220657293547372,-0.0004634026374972233
2024-10-14,0.003630667604616722,0.001156440361388844,0.0016973154172181815,0.007614618202856471,0.007441316366798123,0.007139183339675004,0.001561147445026334,0.00398407047277427,0.01369211539188897,0.014141351866999718,0.008113173244558292
2024-10-15,0.010633836627115256,-0.022156888963271615,-0.0006589446729943216,0.006571406816131553,-0.002651503630139662,0.0016877379598496667,-0.0006927764870894304,0.00892854439698687,-0.011061911721292894,0.011952247892363488,0.0043687886727090675
2024-10-16,0.00336265532108726,-0.0002148225072048371,0.00047094405273773177,0.0037538687859954845,-0.0017090800009242901,-0.0018533580199207034,0.002253051410680884,-0.004916387569579794,-0.004474240575209398,0.010264281486886517,-0.0006867852355147974
2024-10-17,-0.002378550147282499,0.006552101185276937,0.006402413247692085,0.011219489865186727,0.0026631042507352376,0.006752155635522783,0.0012104390905729456,0.006258231042655327,0.01738608560911259,0.008072398655145196,0.0016036584737051385
2024-10-18,0.001192198618528817,-0.00768329130015355,0.003087303142847997,-0.0011255780088432754,-0.002466273110906969,-0.0008383507305874671,0.005526764877220147,-0.0016366778328590348,-0.0024412821747021862,-0.007179299197507372,0.0048032726122893
2024-10-21,-0.01894156458859031,0.0067749746992731286,-0.008393970487151292,-0.0069220913163131614,-0.0038037420307073244,-0.005370023393267642,-0.006183452470000073,-0.0052459383271431514,0.0012819090255358212,-0.0018078831343600887,-0.005463275137708612
2024-10-22,0.0006619257934930012,0.00363166340435761,0.0002821555622929406,-0.0012967744875712617,-0.0034364318729529497,-0.004555432017519179,-0.003110962725146882,0.002966428064370863,0.00791434264044888,-0.004318717802530236,0.005035505324292533
2024-10-23,0.0017640872787825224,-0.006279228859508601,-0.004701457519265206,-0.0016231502650164709,-0.004597733236762491,-0.004237288135593209,-0.003987509379671184,0.0004381741168384412,-0.00484986346819416,0.00545682640250833,-0.004554788513651986
2024-10-24,0.003077513289851286,-0.0020349409426702048,0.015210209103075023,-0.0013005693145892172,0.0003849202870684909,-0.005617052443484094,-0.010269802345564072,-0.0005474986396070136,-0.0056857491533346405,-0.001391573521733136,-0.0038892283803707572
2024-10-25,0.0017684158048729692,0.005151356035216992,0.007537665787220149,-0.004232494464249004,-0.006348557507956154,-0.0013693601312015913,0.002813926234516817,-0.004053408437067363,0.012486867363037835,-0.008221905653863826,0.009416624685138597
2024-10-28,-0.0044130570886086185,-0.01291914015114115,0.00480284740541026,0.005885248015821132,-0.0025169615542043333,0.003428192705114075,0.002806030272318738,-0.0005500280468986318,-0.005532542013771402,0.0025291598961192374,0.0015927120275103235
2024-10-29,-0.008643641805309632,-0.008761466580114896,-0.0068020760873429564,0.0008126613481200806,-0.0013586897166587564,-0.0003416545516036207,-0.0006995613031454129,-0.005282889651212597,0.007301864762701671,-0.014856308076561686,0.00976829397328971
2024-10-30,0.005700891854825363,-0.004473985546110337,0.0004627063484610172,-0.0034102450946017493,-0.012633654348691792,-0.007347920400071262,-0.007700361067709327,-0.01028989083246079,-0.010470643467549556,-0.008251555320816117,0.01844768685601239
2024-10-31,-0.011892936761645045,0.000986477415094722,-0.020258971719930186,-0.010102638792171215,-0.0029527108943775415,-0.011533860937900653,-0.011992950547193737,-0.005925084375391854,-0.03441859400549596,0.0032994313578298406,-0.021868824132008968
2024-11-01,-0.00697399297664647,0.003504157861296653,0.0230383790732005,0.005267484688464608,0.006712737262488888,0.008185322808967221,0.00446269185928494,0.0035987370829251297,0.008670534835802268,-0.0040034139194011775,0.0047426130297931746
2024-11-04,0.0011326665378907919,0.0030554210078759247,-0.00932166267147394,-0.011134768439067355,-0.00960975999876712,-0.0062187012290060295,-0.0035543053369898603,-0.00616310438737222,-0.005611284726792398,-0.02225097574321422,-0.01326140998716685
2024-11-05,0.0038469464924963948,0.007832911608416149,0.004192328982573823,0.007617140074876572,-0.006138641055267624,0.006952920812903773,0.0037453020441524654,0.0023677875599494858,0.006123209636504923,0.0038173856100502945,0.0013666869364088452
2024-11-06,-0.01578005480863942,0.03270724092465227,0.03497538371876319,0.050287616269906854,0.017334185502827504,0.03642327980728566,0.012437824771186046,0.0008999080954052996,0.03711217776962039,0.002193855352622176,0.03275710808453769
2024-11-07,0.011795764499303196,-0.004494620188206122,0.017569013332428884,-0.0026599619676292985,-0.002350229991274655,0.0018321220631947188,0.010705521503197035,0.0015733803592572482,0.013462180642565214,0.0029189227588346522,0.01233474757207964
2024-11-08,0.010866026304597876,0.005564876009919395,0.010835125029126091,0.005177251453837073,0.013938023523967003,0.007315022702363283,-0.012328513328554891,0.009649916784641777,0.006925529038039668,0.010622754868623963,0.0019582279021039817
2024-11-11,0.006829889516360321,0.011694714272114659,0.02379087892752585,0.022475455724445315,0.007938041341715829,0.016009262555872317,-0.0003516254815065789,0.005334471100595595,-0.0009020388865987883,0.015406763741424578,0.011509285619436094
2024-11-12,-0.018127106658291647,-0.0012385462621321564,-0.010129404216909332,-0.006105961117923497,-0.012869803418528503,-0.008447050782381615,-0.017762963865438186,-0.0026530827570031557,0.010833981242073243,-0.012336857041995275,0.0015027842866581764
2024-11-13,-0.0006796509632789327,0.002686805262476888,0.006707358957400489,0.0073720737680771364,-0.0013621267883945354,0.0004914609902839651,0.00035811026517640343,0.0026601403294423953,0.001563016524789962,-0.0010050207220485552,0.007288320288677319
2024-11-14,-0.003286741449558095,0.011130597182746005,0.0005124930276769746,-0.0003048733676305204,-0.0062353799050488545,-0.003929881528882184,-0.0016108851675049607,0.00442186082165863,0.002117962806212237,0.004886408866676462,-0.005320280720793491
2024-11-15,-0.004321251227419665,0.0011211967145778878,-0.013745416614910577,0.0,-0.02450980392156865,-0.005918142355994083,-0.004481893249750124,-0.006933713946576825,-0.021801991670805987,0.007151029935553943,-0.011981201394543617
2024-11-18,0.004340005481433318,0.008246767954865453,0.0066655496436698325,0.003965260598453035,-0.006532678652049317,-0.004134281378423532,0.005042366291182709,0.0027706970043106516,0.0,0.005822261754760749,0.004763993487424623
2024-11-19,0.002387924712447864,-0.0020195592316214483,-0.0032676691927623347,-0.002126680628199429,-0.0022256067182512274,-0.005313844044131377,-0.0017918345521886758,0.0009946544490675446,0.0005685174093166268,-0.0014118095656642238,0.0030172281259592815
2024-11-20,-0.004310773970055526,0.00414849767397274,-0.005262708921395465,-0.002892410326453043,0.007705588131344365,-0.0003338974499863534,0.005564555347074451,-0.0013249723637670519,0.0027276451754851827,0.006927722897124733,0.005156808316466144
2024-11-21,0.006494247697332645,0.020959309510566237,0.007718988430979623,0.016183168833492356,0.010966938061966358,0.01803603869560555,0.01178150378470133,0.01404095428756813,0.018474409967138117,0.015866290845969466,-0.007268066726379696
2024-11-22,0.002490338558390537,0.01105411320524552,0.01893447716684249,0.01246997989030918,0.0171177700422509,0.014927819243420792,0.013761446279061618,0.017335328355095214,0.0041175466733682775,0.009951641131833,0.008182624447725217
2024-11-25,0.01377591859799554,-0.023818844038020037,0.00962918654891154,-0.003412905915152642,-0.001956917360217414,0.003070994741982025,-0.0006961523871334974,-0.0055727859465420915,-0.0049873053407366585,-0.008485051993587844,0.0021358068084769144
2024-11-26,-0.0011137427281252554,-0.00830001831054683,-0.000920276177319046,-0.0007445361678266593,0.0031372519100414387,-0.004189528367338546,-0.009230212403307236,0.003448644160651826,0.00356426486049366,0.006349299285627552,0.0051151254866341755
2024-11-27,0.015165084901539005,-0.005344345962313812,-0.012058238436534974,-0.001788149984959464,0.0046911977948127515,-0.007119718966681177,-0.0038671334692114145,0.003007182659880092,-0.023418431144120455,0.0002742647381981378,-0.0074215113497354546
2024-11-28,-0.0007688120838794665,-0.0004055242880662835,0.005594134717203714,0.003582706386289658,-0.0009728219897549018,0.004563213437283498,0.0021175710333407594,-0.0006424409357089766,0.011705862078682738,0.003565091665192588,0.004699794906038779
2024-11-29,0.00010986413202984657,0.0019270024781605777,0.0037087191813036657,0.0031235917594372165,0.003115868591364146,0.003569130805995302,0.004402183412038685,0.00075002350209874,0.006740127231428694,-0.0008198549800065846,0.0036147562843955594
2024-12-02,-0.014069309647608996,-0.008806587088970086,0.015283839996965698,-0.0011862667283293327,0.003688651671472032,0.007759449361466775,0.0045581752692858135,0.007387524633182485,0.01617938968761612,-0.0034185697988429187,0.014830524398827594
2024-12-03,-0.004682143717873566,0.008169965959124559,0.0009925154315388873,-0.003117563577343274,0.001740815304830834,-0.006897662882952904,0.004188511023776265,-0.004782622656570035,-0.0005490617319136026,-0.007683830676427306,0.006680577967233203
2024-12-04,-0.0006719338376918182,-0.01904380935540584,0.008345745862226028,-0.00640357848703943,-0.002703212727815596,0.004522674527329684,-0.0048662250528150874,-0.004271695092761041,0.017139147940268717,-0.009817465258140312,0.002488571730546729
2024-12-05,-0.0076217267083743545,-0.002684784352208869,0.007211381558759777,0.006594760691786661,-0.012778312253900359,-0.005949492523800504,-0.013622053827471836,0.0008580205157402432,-0.00010803776228829332,0.002513619657053434,0.0
2024-12-06,-0.0004516998235108982,-0.012632027309724458,0.012692193573456523,-0.004020313545832432,-0.0033340258491180164,-0.004205731524048684,-0.0005311398643770282,0.0015002077808214942,0.0009722800862252967,-0.011561524174255378,0.0074472612580720465
2024-12-09,0.0009038990433090088,0.006082233927667602,0.0036956622476207457,-0.003887010593555229,0.0,-0.010233935251154347,0.009211699747310842,-0.006098862619386858,-0.006043656009667053,-0.0040868224248723495,-0.011704305665185655
2024-12-10,-0.007225026237845822,0.00010417455265376852,0.012166786515275696,-0.0015008026150858944,0.0013774044715577638,0.00344656299722379,-0.005616985921845674,0.00549038798128465,-0.0034744810002806936,-0.0072165631816875075,0.01620608273398938
2024-12-11,-0.0065953429368272865,-0.009484065259592667,0.01178335728844604,0.0025552107630311127,-0.008253059028936582,0.0034347250011292907,0.0012356521260152853,0.005888601856295361,0.012203124444088331,-0.003848407331351944,0.025557145857691976
2024-12-12,0.004578656408526172,-0.004208770223333991,0.000859782775148421,-0.0005995995196798054,-0.003170197018867449,-0.006682964264213553,-0.009344192217694891,-0.0029802957785206585,-0.0035522263254512687,0.0008584569912393203,0.005183379631661156
2024-12-13,-0.009685356657677335,-0.0043321643634719464,-0.00898087855112406,-0.0030003685365892485,-0.01003778680839662,-0.00574332920919518,-0.01388145218651271,-0.001281041096756197,-0.0036728566383438244,-0.00557540252556421,-0.014279996671029638
2024-12-16,0.0014957889864599672,-0.014751214788539913,0.012687099776186317,-0.004062543586906053,0.0014054752413472649,-0.0037959983769121353,-0.008482245479108697,-0.002565531644411312,0.007589687983997617,-0.0017250592495553496,0.00985911179572696
2024-12-17,-0.006548806560075837,-0.020249863502533216,0.002412363478595525,-0.006345456758543699,-0.009122843730419827,-0.003644818066244282,-0.007098642144101497,-0.006215777696231828,0.00172168333357825,-0.009792630778628908,-0.00039849488565291136
2024-12-18,-0.003932013389555067,0.006816213201654042,0.003182645396754502,0.0019766594107955004,0.004755172380787931,0.0,-0.001099863600969364,-0.0026959990396819844,0.008271611373428689,-0.004363045992398784,-0.0053816354977173075
2024-12-19,-0.03459885784649641,-0.01594233517450716,-0.028863234936594484,-0.012746645642417564,-0.015406291581007925,-0.01729299843834642,-0.023307036495569533,-0.004541585024805839,-0.015448507764896258,-0.002191082791190513,-0.011823649990910456
2024-12-20,0.011064386340940313,0.0008876409145825992,0.003027866561099435,0.0012296623740668533,0.0013295651916087614,0.0028765141798949845,0.0026305784749582894,-0.0038018518727238604,0.0017313713491438065,0.0032206299014199136,-0.006084020348868013
2024-12-23,-0.008088525893501508,-0.00044338456192805076,-0.0038131215285359676,-0.003377359882783315,-0.0018384260897075233,-0.00404929435824497,-0.004310336199503495,-0.012321418217190794,0.005077252049828118,0.003210290743060451,-0.001632279516367019
2024-12-24,0.005396372231768032,0.0,0.0,0.0,0.0,0.0,0.0,0.0,0.0,0.0,0.0
2024-12-27,0.005963636671516337,0.014086031405077915,0.005582112756974178,0.010782572356441644,0.011050794684982934,0.004912771836767416,0.005458255128929723,0.008169550108308998,-0.0019346550236947202,0.004800026633522636,-0.0014306089186109094
2024-12-30,-0.012568238277477328,-0.0032812320983972576,-0.011260889660016371,-0.00838163713405915,-0.0075903250534467,-0.0062373387354728305,-0.008236590074702899,-0.006351312231635542,-0.004415288169443254,-0.0034743122003823013,-0.002251342795281497
2024-12-31,0.005883826914793611,0.0,0.0,0.0,0.0,0.0,0.0,0.0,0.0,0.0,0.0
2025-01-02,0.0038199403195711135,0.04444204075300684,0.0021655168624121757,0.020593268381277507,0.017948217214454054,0.018659855129512293,0.02246128042640505,0.014547054506282464,0.00692265452433416,0.026147634333429925,0.015999974959935992
2025-01-03,0.0007135971676359709,0.0036772270750040636,-0.0029611454679807636,-0.004517437663220325,-0.0027048351421744554,-0.006661077706305418,-0.014768308364447646,-0.005865749835411882,0.002578209287847688,0.0032559931897069294,-0.002624616527798218
2025-01-06,0.005466403274205556,0.0004187262225319177,0.00939154079104898,0.004537937513055201,-0.002310430435788269,0.002179333614292789,0.0035600982800982894,-0.01125435770407568,0.01821490319178931,-0.014533743033346869,0.008906854516562923
2025-01-07,-0.011818920072753536,0.004708558644753946,-0.0118488895727199,-0.0028610515122536873,0.004027401601973235,0.001170955106283067,0.00037342153194286354,-0.003867813928430053,-0.01757337883191823,0.0,-0.0020063899240558847
2025-01-08,-0.010285819473419777,-0.00010408776489645444,-0.001448577998400813,0.00030197285861954803,0.008824681534753909,0.0005012964872022074,0.0009331697527410476,0.0027734635199998525,-0.0023564826399404826,-0.003722716501559753,-0.005026135737108972
2025-01-09,0.000845930167382658,0.002916350099644527,-0.0008865297286289042,0.0019626341637248856,0.0025845143158462758,-0.001837017508173333,0.0054073670530372375,0.00475716681136551,-0.0023620487668543078,0.0002873906659985881,0.0014144209426179
2025-01-10,-0.01461000887485675,0.006231160747910414,-0.005404518531483382,-0.01521775040581086,0.0033709729906121755,-0.007528873339351039,-0.005007356309999045,-0.00957941807427265,-0.017003894341258596,-0.005316021915217073,-0.00484264874528717
2025-01-13,-0.006126593869215213,0.02208689651284157,-0.002189815618638735,0.0018360273173410047,0.0011857979268854457,0.002865845996580685,0.008760436023084628,-0.0010005151855915217,-0.010948106416610037,-0.011266883877931844,-0.008110331069626553
2025-01-14,0.015164262940045026,-0.011208730930365451,0.003657681720732109,0.003512457479352138,-0.013817622681560504,0.0030256595293334243,0.0020325316430624962,-0.008123785354721025,-0.00033206531451113186,0.005551569024901948,-0.0047015443754111486
2025-01-15,0.01250938017379033,0.019301464715997474,0.015306117089948224,0.025262573204047456,0.005004003294261539,0.012904315089528717,0.012354821856871867,0.0023560988549744533,0.01937769956050084,0.020339989664903024,0.01930586296814174
2025-01-16,0.008276318885630962,-0.0003005588621446398,0.00582273041035708,0.005343633600635833,0.004979087921897829,0.006618159082851793,0.00437154566664999,0.0003358675836286906,0.00010864801755072762,0.00911290558247213,0.0
2025-01-17,0.006423898210246248,0.013028693802986435,0.013005546467036666,0.008563327519764297,-0.0007927252527368811,0.010190646455124908,0.013783136464327717,0.012420281707935965,0.010535475441710629,0.012275928932844016,0.004231293168510009
2025-01-20,-0.0014183046058715565,-0.005935877159202407,-0.005479857209554018,-0.0004391564978631912,-0.012594175815030306,-0.0013016273600569006,-0.0012522306424591623,-0.0041998769751745435,-0.006341401133699853,-0.00808466990424972,-0.007223126188792173
2025-01-21,0.009587893591892938,-0.005374212753647134,-0.0006297373305899079,0.0010251859413541453,0.01074620566539819,0.006842589795318377,0.0034031635407059113,0.0029967178361105518,-0.00778792444646248,0.007166870160062899,0.0032336266954799964
2025-01-22,-0.0058621563349506856,-0.006603998859178839,0.008034060174986868,-0.003657644558611839,0.005365668907018062,0.005339835519881264,-0.004284214146833998,-0.0029877643493947392,0.02736285201112687,-0.014650417876224342,0.018130570849011374
2025-01-23,-0.0011794779587553927,-0.009871028803270177,-0.00015630779759512325,0.006607996882815215,0.002767333252148063,0.009174306856993386,-0.0037647739166067895,-0.0008879226682525498,-0.0008488349265011186,0.001982432514918253,0.0011871301445764981
2025-01-24,0.011571542976533511,-0.012716174579789574,-0.0060174792792714316,-0.0042305018616611845,0.001774101190617161,-0.006858059010263151,0.001619581664245917,-0.0005553812955749748,-0.007752796607285561,-0.004946275629659547,-0.001778659195689869
2025-01-27,-0.0007003422242334301,-0.012879958379118817,-0.006211187203108093,0.0017579125905682336,0.01495478435250508,-0.023125078145546207,-0.006467851443379025,0.018784066005073763,-0.060901235393563846,-0.020735785228383374,0.0013859337130810445
2025-01-28,-0.0010513437941318537,-0.0024008700376484393,0.015268989571812996,0.010529412834498597,0.006979387027426398,0.004602971738756789,0.0023508330905746,0.009164262539058443,0.02644175691030215,0.0027556555448273734,0.011071521121415406
2025-01-29,-0.0049109001515385,0.006487420200500527,0.001324695445489965,0.00767002591896393,-0.001347703054967453,0.004909167633189826,0.0034277219134570824,-0.001621638117609847,0.004330439709313794,0.00824413797882606,0.007821695945500418
2025-01-30,0.011251238286457133,0.006861378687633035,0.0038910505836575737,0.004739362976759143,0.0036630508062234224,0.0053737474657979956,0.00791086749111769,0.005739023151639655,-0.008181292302231635,0.01248031499079194,0.008537031798469208
2025-01-31,-0.00011697923618558814,-0.00712436574994979,0.011705383773922051,0.0011435367653176431,0.009412175390777433,0.007288580110277776,0.001070238264787804,-0.0002152954743511737,0.023854636177550015,0.00538392240804364,0.015582943063184418
2025-02-03,-0.010771598318301767,-0.0032238475060545335,-0.01302579894103928,-0.005568237929048592,0.0028544534359025153,-0.006431865573475859,-0.0012473217419191052,0.007107430846185814,-0.02667389209519122,0.005073289388335622,0.004546275044654102
2025-02-04,0.0018936909945104219,0.011893577546130407,0.001475059739208584,-0.002871566019455263,-0.013282746732552586,-0.007120932754278053,-0.0017840941210035544,-0.008875045246504398,0.00794182407555244,-0.008132386897595323,0.002074309124715734
2025-02-05,0.010513894160743664,-0.00020617221885599335,-0.009457373803900215,-0.0014398629015868192,0.007115364074707031,-0.006519930254772044,0.0003574701964421667,0.0,0.002996300535319074,0.0029686046199361993,-0.02653368204002604
2025-02-06,0.004559346763827854,-0.0035062799113646514,0.008060719902462266,0.017015145366097162,0.0072560831748247345,0.012305168016602197,0.01590136448521684,0.012299054478600135,0.01515825169523577,-0.0002818413520297991,0.011405377108232306
2025-02-07,-0.0066334596130656065,0.0010349384907188952,-0.013741143363202535,0.0014178147717542888,-0.00815166455309535,0.0,-0.0015828376999965643,0.0018117677249054331,-0.0002179470633940639,0.0012688049838349702,-0.0028670016581392455
2025-02-10,0.0009373359099362766,0.016850999657296306,0.006454657500903682,-0.0053801114001824635,-0.0011468152454319203,0.006807101519479941,0.0036991207112795355,0.004148929677111113,0.01460804849942643,0.006899542612297527,0.008817383847326665
2025-02-11,0.0017554958697163503,0.007726739848662456,-0.013999694251389139,-0.0028469316475756568,-0.0042096711265146025,0.00016101314234462372,-0.000877487494949647,0.002118836206541186,-0.00021485594855463752,-0.0029366393259588897,-0.007790230649653118
2025-02-12,-0.008762845900088578,-0.008676357813975355,-0.006345705193101958,-0.004425484289547144,-0.005764781548476816,-0.006760051125415445,-0.007728765577908914,0.0029602116453326666,-0.011069386081787425,-0.003646593619943128,-0.003829964731217994
2025-02-13,0.011551399149065888,-0.01546920658879658,0.007583656127520877,0.004588467230086657,0.0009663555361143494,0.005347623334152951,0.010621321584237231,0.0034783829672866418,0.011193288918349698,0.0021115079384257385,-0.00019227482011630048
2025-02-14,0.007457280245526388,0.004134810158278102,-0.00047534113463398864,0.0005709522826329305,-0.009268189491234757,-0.008865235798584448,0.002101925583535502,-0.006722682879878539,-0.00171954494209281,-0.0028094475456906798,0.0019227512410235903
2025-02-17,-0.0012721270182294298,-0.0014412125852181212,0.006261836265070375,0.005278213332895021,-0.0005847318883479558,0.005691957465723485,0.0033211404378052922,0.0019035565759637496,0.009473541384434903,-0.002817255307233313,0.007484156305516576
2025-02-18,-0.0010422159588299174,0.005876285513651824,-0.005986565774757646,0.0029799784423867326,-0.0017550732201698782,0.009702433257448684,0.0015679468675156016,-0.005383096034784374,0.0033060168399952072,0.0035315722102944314,-0.009714253743489554
2025-02-19,-0.0057963666869541575,0.013836204554100284,-0.0018226749543046594,0.0009903748517541278,0.010158243245045773,-0.002242142740671915,-0.008523250376775149,0.009126530301601044,0.004889445955780225,0.010979712404907804,0.0030775118724102324
2025-02-20,0.004547556882039228,-0.00727862145198821,-0.011670381322544277,-0.01710246055791742,0.002707394935740348,-0.00834671692025224,-0.003333309240508453,-0.0086234065243882,-0.010471735288580142,-0.004594845898871158,-0.010354763177895077
2025-02-21,-0.0005804046289243914,-0.0006109731207565305,-0.003936042028900522,0.006039662976931703,0.002892989976726268,-0.004694028918098003,0.00035205874459065534,0.0068951050071637265,-0.0007482596744062819,0.005315497190762741,-0.001356320364200525
2025-02-24,0.0018582804280284915,-0.009374344555399983,-0.017903235650831628,-0.008719276991628111,0.0034615443303034343,-0.00959505832627916,-0.010557843911426557,0.00821743356872573,-0.02406931877621843,0.001252210024367928,-0.01047731676241892
2025-02-25,0.005216794992664031,-0.02262913546608991,-0.025373594751718298,-0.01038213751326622,0.0013415043007822813,-0.007553413590218883,-0.00942555190488259,0.011076334605962135,-0.029266751069750074,-0.009171707074927649,-0.0264705583160999
2025-02-26,0.003344421384351648,0.004841156915582401,0.023590827911100343,0.01602806567882875,0.0013397070779754827,0.014063572272199565,0.014542146274667322,-0.0080611695129843,0.017389351377391726,0.012482459348597486,0.013897252880230804
2025-02-27,-0.0021838053837258675,0.013720124764727615,-0.005185589468232665,0.011472757548400825,0.006689573321150499,0.005547400024622284,-0.002477426894473833,0.004167471165810177,-0.006215289323834972,-0.006649166653279859,-0.0007946149266209179
2025-02-28,-0.0010368776866171991,-0.0037193987699798425,-0.009680607008412556,-0.0007088532997104879,-0.009303168422330366,-0.006165845554590321,-0.005854142675364882,0.0002075562671821629,-0.026803679934547686,-0.0008366693537824599,-0.01073560484528746
2025-03-03,0.008417841358687506,-0.0019703664918069297,0.0018380918724671957,0.006952296260373636,0.010348810125893726,0.008653041294642838,0.0033904108423441492,0.007157622417946596,-0.0035574656961792073,0.0018143370641940937,0.005225123492778705
2025-03-04,-0.012349826228424843,-0.04166661051377207,-0.04545079152023146,-0.04438497212481374,-0.010432531089203168,-0.03803817611774707,-0.03272274884522808,-0.003089869540413237,-0.036277800984133024,-0.006547802015826831,-0.02978811804939785
2025-03-05,-0.0005788335835833491,-0.037298084313119984,-0.006901982542777407,-0.01253315361170615,-0.019168104947246523,0.0018509273058506803,0.006986598131633048,-0.02965185163172801,-0.018761946571445143,-0.03884443609453736,-0.016690656891986122
2025-03-06,-0.002896400666099752,0.011375178801849017,-0.0036948902587389254,-0.00014935248690683967,-0.000781651402410044,0.005542459040697834,0.010589702601969009,-0.0019165279885545727,0.004749718508701095,-0.008462238449187032,0.008801302560803359
2025-03-07,-0.009643302103743756,0.006236052779096113,-0.035496659099924166,-0.022849444447672784,-0.005867381787473258,-0.012026013343093833,-0.014814809709662535,-0.0006400422440903109,-0.025333288944128785,0.0005885949980315441,-0.030120498157946485
2025-03-10,0.0014078423998020728,0.012505502941403401,-0.005309913148674017,-0.008253108864568204,0.00019670118380932244,0.0006761977987874701,-0.002934161947439007,0.003736106671444528,-0.018654395369799293,0.016911787145277968,-0.011565583994709638
2025-03-11,-0.015112278640803889,-0.012132480448894256,-0.023561943414961872,-0.020187973045392327,-0.03255308368075671,-0.025342119189087797,-0.022806656025927352,-0.026374516215404875,-0.017234831418524,-0.011135274844104925,-0.018634898849771653
2025-03-12,0.0016650550721513113,0.009736721725549957,0.01347912484247149,0.009279589822258405,-0.001524870607814588,0.009013702030544524,0.006211142663715474,-0.011032245795332907,0.02050285332457613,-0.000877413878380251,0.01258555273353501
2025-03-13,-0.00866865270204642,0.0007670358665972099,-0.018880197569535406,-0.0001557504616039873,0.00010183400637497897,-0.004638386222474478,0.002992889078791361,-0.004197009604324009,-0.012509449979841936,0.00395194151452638,-0.010902747347263264
2025-03-14,0.005270631934890524,0.014234045727580913,0.012039096579573583,0.012936317866052871,0.0034612269802658524,0.012081477037121813,0.00951141638175601,-0.0011092069593343634,0.018809996058878342,0.010934539146281841,0.007936521285438536
2025-03-17,0.0171591714969741,0.016409417224773293,-0.001967020234831862,0.008770575681800175,0.007811673383893103,0.01142568196821725,0.009975929986599574,0.009660257274779482,-0.002511989082357835,0.010095249705893039,0.003718245065757575
2025-03-18,-0.0017572351582852974,-0.00010623617704053068,-0.010417649728384992,0.003813300935171071,0.000906019434297356,-0.004552359661304295,-0.001463289172064841,-0.005388737073848238,-0.004532871048243514,-0.008566511511682195,-0.018522520928880848
2025-03-19,-0.002464403478485755,0.01922665785350297,0.014605471167199013,0.010180912068007641,0.004324653563874126,0.014905102299660244,0.005861873858394651,-0.0013268768613731163,0.013534021349181247,0.004608290374042534,0.014209577634084924
2025-03-20,0.0012940716015901188,0.0077124076779619966,0.0030846344298489647,0.004813472904117155,0.004406193057449714,-0.0023364384834209107,-0.001456893399740089,0.004207232669418914,-0.0009983053088991056,0.007454080090922854,0.0074430856023739445
2025-03-21,-0.008342174009531522,-0.0038266908391718646,0.0035411880668900775,-0.0017964482200555354,-0.0005982570903544371,-0.008698569226865849,-0.017143943279495755,0.0002205542793165538,0.0008744496209320829,0.0,0.0028248819387679536
2025-03-24,0.010426644412331099,0.012354676548760324,0.03175780565894337,0.01544689224029483,0.005586644053497958,0.01349988313224637,0.012618302335820841,0.002535226239465338,0.025461817843164924,0.004837848224114039,0.017984788492195314
2025-03-25,-0.0009382150685995905,0.0036919352114115345,0.005040028399942109,0.00531680128812928,-0.007341324114683689,0.0016649762210223518,0.003665031410260866,-0.006487040766217755,0.0020691110195716345,-0.016284359687801953,0.011919995290497143
2025-03-26,-0.0014084092756347921,0.012772044190462184,-0.005462529062001953,0.0013222266444641306,-0.007695349408893493,-0.0009973632553723633,-0.002373581651062495,0.006529397232242218,-0.017612104280189445,0.0054699474124195735,-0.005048415520505611
2025-03-27,-0.00047016326598214864,-0.004741739383369081,0.002251035525803191,-0.002640849405878831,-0.0009064756416079511,-0.007321108783362895,-0.004392347482620962,0.010225402269172346,-0.011374854107162213,0.0050107155585803476,-0.006765321352764309
2025-03-28,-0.007525868318724038,-0.018347746173257407,-0.03602546576937149,-0.020447292591979527,-0.0032258034744817587,-0.022125372078449224,-0.01617648976896824,-0.0010883595680274416,-0.028389152939688023,0.007692321068411001,-0.03384419259430682
2025-03-31,0.00781991215963096,0.0153862613538851,-0.016029833847007957,-0.004054612673296876,-0.0006067714427618887,-0.008056243048917389,-0.011397619677394388,0.007191149170708622,-0.019178857592234255,0.0036754614656786533,-0.012557825567061198
2025-04-01,0.003526865380260036,-0.001627211015253316,0.025004729530814673,0.009951804359867644,0.002023850929567139,0.01244170095027286,0.0122850411595814,0.007139723228947181,0.024278296294056423,0.009718344245158494,0.016956763529791585
2025-04-02,0.0005858701184291437,0.0002037717513909687,-0.0012936554062952244,-0.0004479905522175587,-0.013027603816053501,-0.002560189887152231,-0.005041083846915595,-0.003974168885624074,0.003203074826713559,-0.0009764219896830628,-0.0030715927758105943
2025-04-03,-0.011240038727656998,-0.06792958175472186,-0.060603284056161,-0.05332331654752498,-0.017190220479579965,-0.048939029138634904,-0.04034530848079698,-0.0036666014771553623,-0.07292473168989233,-0.00376995618690934,-0.04621475654901852
2025-04-04,-0.04191815413280098,-0.07834351433500097,-0.024820217407313327,-0.06232251019835644,-0.03414894642870481,-0.04713930658991328,-0.04771213640653427,-0.021106147430721478,-0.04931801050100715,-0.033216470467719805,-0.03391788683727892
2025-04-07,-0.042145677661872494,-0.031535223246399235,-0.041207976396575585,-0.02641762892078403,-0.03589516354595057,-0.04021898206645669,-0.04086245682322831,-0.04068996247053358,-0.026517921669414468,-0.03696727932242838,-0.016957227193334812
2025-04-08,0.010064478243409836,0.015913764028783417,0.0423469570224706,0.0364673451105022,0.02728079992629917,0.044265196123313144,0.027831283719564226,0.028008301583029027,0.04644243424246697,0.016107175822801523,0.028668617821920872
2025-04-09,-0.031042343374477976,-0.055187303525159104,-0.04891355722246549,-0.0501917971479271,-0.05996946747439047,-0.039562965643865966,-0.03613823904001523,-0.033860345215764975,-0.0465149947440745,-0.045629656756365766,-0.04298534927409481
2025-04-10,0.04073833945298122,0.015049006767888562,0.04611620773290315,0.04248599056424962,0.01748285815465822,0.04393883284779121,0.03857373935285269,0.023790218119055462,0.05430403484913526,0.03446136733628946,0.04787755688036466
2025-04-11,-0.001140047421509971,-0.018092660865297372,-0.02163532066474072,-0.012462136496392717,-0.00614475344110621,-0.012025542558602442,0.00020803831143378915,-0.006461116378792986,-0.007499629164130606,-0.009903902142252452,-0.01907672105650049
2025-04-14,0.03779315980840381,0.029046661532242002,0.02097172601190267,0.03188947734223335,0.02850933819061563,0.028718110858668267,0.02704387862104607,0.022589796840499332,0.028086701423522875,0.023491896688428993,0.01968786710163073
2025-04-15,0.010753913872017629,0.016413823985063747,0.0109823253129262,0.01966621177351402,0.006790611131221036,0.018117943048100438,0.010532721673361056,0.006582661891832764,0.009984762371500588,0.019991092825770496,0.008241075207468418
2025-04-16,0.011727871181798744,0.011010540119891887,-0.013779874697437133,-0.006969210694630412,-0.004422838512615712,-0.010532014156011238,-0.002605754053029874,-0.004101116621323286,-0.027323979721713076,-0.0018873005023459788,-0.013778611788715311
2025-04-17,0.004780005593592929,0.01294772147539791,-0.015910302288973943,-0.0062020738579426915,-0.01810303461621665,-0.006056190509993953,-0.0067322969407676014,0.00434056089339574,-0.023997699550033724,0.0032000177556819054,-0.013971114349594083
2025-04-22,0.0033302860625452624,-0.014574139697122734,-0.0012436016151323726,-0.004105764534504175,-0.00882260351071218,-0.010708973744303574,0.0,0.005319186262151998,-0.01417407775803059,-0.007104507105945124,0.0004803183971382463
2025-04-23,0.0016594262128597492,0.00521275689551981,0.045968664303404294,0.03314647355642264,0.020198611525026555,0.028928689512701222,0.017501298772265583,0.001873877498433263,0.050322659793048174,0.01168217557165585,0.029044625273752178
2025-04-24,0.0011834761337683464,0.013145248327964598,-0.0015873378696944496,0.0007980723997251804,0.0058165171609743105,0.004534735990502137,0.008550413548372271,-0.005281062061418984,0.01843843262665601,-0.0018764038064159605,0.011896481197510633
2025-04-25,-0.002482267422767026,0.0024996914549784144,0.015103381177258735,-0.0012759462532889732,-0.0018905490703626793,0.008847920807492526,-0.0015773231295197476,-0.009954667508282555,0.012618270782277063,-0.0026030412321599306,0.007146093844188517
2025-04-28,0.004621478079810393,0.002374696572588375,-0.001468299926603689,0.00447145638406532,0.011030616866512855,0.0026848313718743633,0.0035545084388879378,0.006032855576357576,-0.002302562166181743,0.005654623499286915,-0.002517665349319853
2025-04-29,0.00306668626001394,-0.000829183799366251,0.0036270474408321984,0.0034975739375038284,0.006612282215632037,0.0005355012326266895,0.004329028375132715,0.0014436118713205826,0.012082532519696931,0.005767034636086965,0.0016062343249911848
2025-04-30,0.0008231727410532574,-0.010432688433159365,-0.004786070296101452,0.005861894056451433,0.009743891556012407,0.005887633105202461,-0.0005878251068959228,0.009980056806755844,-0.0017438615357566745,0.004300392964114774,0.004352774801080761
2025-05-01,0.02286242609603928,0.0,0.0,0.0,0.0,0.0,0.0,0.0,0.0,0.0,0.0
2025-05-02,0.005444286221840011,0.004312934049200301,0.02708805724569352,0.020160575378181722,-0.0031443229423404606,0.02855623589659828,0.016663444751762402,0.0034035743561882104,0.045417965143446315,0.00856417534148246,0.03809302379408708
2025-05-05,0.0,-0.006560933314378903,-0.003440044004801468,0.006484573415286743,0.0033717375501627345,0.009656795005779317,0.0019282389692285573,0.00240727893831294,-0.0034704917978127803,-0.00141531415698537,0.0019775907692201056
2025-05-06,0.004377856620279008,0.003602342172853046,-0.005369618886544414,-0.0053690150392342595,-0.015392934080707965,-0.00700255939802974,-0.0046188966127455044,0.00021828013244373778,-0.0076099103209088526,0.010204099285933577,-0.0015350810782142066
2025-05-07,-0.001147002788089324,-0.005384117824576484,-0.002506527791537816,0.0010796935251804474,-0.010459149603494922,-0.0029239451449939446,-0.005607132805156567,0.0007639386327888964,-0.005718773426623303,0.0007015018604676904,-0.014935214658626017
2025-05-08,-0.00590946180413876,0.021773189555998274,0.024064925431462214,0.014173441951018662,-0.0026702032833051392,0.020010347127573214,0.00933306512518195,0.0006543641219765028,0.030457540275224737,-0.0022431467545499517,0.010702416349257282
2025-05-09,0.0018635148070409446,0.0029432539770934962,0.001321247554342042,0.0,-0.0003346584058582236,-0.00355154566846716,0.00250435500861812,-0.0017437190320879203,-0.003425146088916753,-0.00421519502713974,-0.0006618705665611957
2025-05-12,0.003952546010728142,0.030754725227171376,0.05551366139826164,0.027039324468880244,0.018636292350972194,0.030719644085885234,0.02286699857366692,0.0022925664625637054,0.0506619587655297,0.000846586090990975,0.02207505555942446
2025-05-13,-0.00810559468962535,0.009452247513169976,0.012054634341214232,0.0026623325477121984,-0.020048223658277964,0.00856249731077341,0.0031937250630198477,-0.011436613117140837,0.023867230419820862,-0.001409819169474802,0.014470885414319401
2025-05-14,-0.009689421464505354,-0.0050766804077250205,-0.00017643059566363473,-0.0017702130839556407,-0.02068192886794107,-0.007346951231664511,-0.013670474458316595,-0.008594080662604031,0.006744760151649043,-0.013835992257505758,0.0029806128594846992
2025-05-15,0.00860530535168591,-0.008164204567082223,-0.008648105891041147,0.003990014478600257,-0.0013698072976902065,0.012993436273693204,0.007214753774935412,0.016003498091676338,0.003526039209061027,0.02476740722585058,0.00976436167507888
2025-05-16,0.008298279310052559,0.006745127811327523,0.009613689391677616,0.00912562694889818,0.021376257949575095,0.004870908204534841,0.0022619968635351206,0.011923036415629973,-0.0007027121166995887,0.012014537417606608,0.005045231868961109
2025-05-19,0.005448042402732556,-0.01453553048812184,-0.010315625002942919,-0.005104995428594883,0.004364850546263899,-0.0027467792958767445,-0.0001880444212436494,-0.00118906721231693,-0.011486209100315392,-0.0006902684990693908,-0.007948150119224229
2025-05-20,0.001498784575411305,-0.00023042916971294236,0.0032962382768999543,0.0008796006362563613,0.00891467651885014,0.00631884935085858,0.005079015397642328,0.00606057953837702,-0.0009484729088636845,0.01036054712423784,0.003373389128876969
2025-05-21,-0.008633579934521296,-0.015790718220947686,-0.013763123903003605,-0.01215752515705526,-0.01181797751275171,-0.010626305601776354,-0.00655059839270089,-0.006884675085537251,-0.005221960957167537,-0.010527709180913503,0.007144361241810282
2025-05-22,-0.01846266084381265,-0.012647872570258012,-0.0046817020302074575,-0.005931220513024749,-0.015647719981867536,-0.0078112210948224625,-0.007347460265487937,-0.006607458972790248,-0.009067073956066762,-0.014508815972200662,-0.0010431720580470483
2025-05-23,0.002011155217544358,-0.00011854474113814906,-0.012483083172475373,-0.009248250866870644,-0.0034064159509181735,-0.005248477749998148,0.0015183494617541093,-0.0013085023201395707,-0.017938814201366005,0.0015423529279621206,-0.015037619144553371
2025-05-26,0.0,0.010794733093379971,0.006045650574143968,0.009183990171152567,0.008431189717067467,0.00807910719607241,0.006064045708704224,0.004913250307124972,0.011401254243657899,0.00951981383551126,0.007421511349735566
2025-05-27,0.01841794202423963,0.0017603746918268826,0.015114231130290978,0.00641504271231752,0.0051971423948746764,0.011122020149887613,0.003390474753408146,0.0033680742667339114,0.009697006687973575,0.00221877730357245,0.007366918568374903
2025-05-28,-0.0037096555670670384,-0.002460157954206843,0.004395062360327717,-0.002075294864340771,-0.00044960003347771504,-0.002588156716304635,-0.0056316732585427465,0.0006497584080100705,0.004561791590594,-0.007333593523111359,0.00543247635222488
2025-05-29,0.010239652514163478,-0.009042915545068086,-0.0031256125470900953,-0.004159221339366748,-0.0019115952812542858,-0.005351897780961012,-0.005286059798781051,-0.008873577445327796,0.001792561249185809,-0.005436289395896354,-0.013092212539525416
2025-05-30,0.0024188127136337556,0.000592593664202612,-0.002777009461802704,0.0044748719908473955,0.005633167958159602,0.00016302496714004633,-0.0013285195795912363,0.012992711966229642,-0.009304530147438483,0.008829781307437612,-0.0037902779282780186
2025-06-02,0.0014937902466209962,0.006277375072618385,-0.015091630522649835,-0.0043064048396693755,-0.0075062265550617235,-0.006847114160381307,0.003990933170518796,-0.007652501550054813,-0.0036123183712689633,0.002361741609017809,0.0006340895883762965
2025-06-03,-0.002065219070708335,0.020951021639337375,0.013863592492909582,0.008053590776363917,0.006321314043770565,0.00853579240632274,0.0011356720899919903,0.0030411510831427346,0.022235605291729632,0.00027715374419279293,0.005280946328563463
2025-06-04,0.0013795714772306678,-0.01717774844898734,-0.00791656039781563,-0.0017753384182420673,0.004823334804441526,0.004069010507616211,0.007184743287964812,0.0017325789361459787,0.0017732773657979095,-0.005126716455241764,0.002941781660003251
2025-06-05,0.0020666419468911013,-0.005513210800036639,0.0013601879537477046,-0.0019268546088688776,-0.0021210363643950902,-0.0022694017306692515,0.0028158008239660415,-0.011566313588973198,0.006844487204107796,-0.010167177241028336,0.009637525432314442
2025-06-06,0.00252056605047013,0.01698516704576658,-0.007153861390420735,0.009504114253758189,0.008613986773895244,0.006011355588481981,-0.002059093961523928,0.002515263794819367,0.0002343722824418304,0.0037990241202445763,0.008300509177794568
2025-06-09,0.0013715529707545304,0.0003479329491087313,0.0009120619726175061,-0.0044131073395602405,-0.0024401199175592136,-0.00048447642415982983,0.004501929423880613,-0.0026180633638415163,0.0015233757721029306,0.0025231330868484836,0.007203096789915486
2025-06-10,0.007532445167635293,0.01808692821557978,0.009021373359174412,-0.0029550376380079735,0.008894767630059475,-0.007917238141894156,0.0007469825601726932,-0.0004375031761328918,-0.001872044691987429,-0.005173310046895363,0.0006130485254605134
2025-06-11,0.0031716867942788163,-0.007060643826732771,0.0010836730204071277,-0.002815685120838518,-0.0008815759702821557,-0.001465800494320102,-0.004291836939381288,-0.007659448002157121,0.002109955577623168,-0.0007027835655017967,-0.0012252679557959167
2025-06-12,-0.005532858791028716,0.008831249243098194,-0.018403256144415736,-0.010997144504404033,-0.002647313958408448,-0.008481494798827427,-0.006184442040479854,-0.005844070625527942,-0.006784351575074177,0.00014067702454467756,-0.01656105859370338
2025-06-13,-0.004314797727257846,0.015688918460454726,-0.0073522235117456924,-0.009166049321998493,0.001437789044958837,-0.0011515001442670147,-0.005657160927140525,0.0,-0.007890775756011825,0.004078201561499295,-0.00020786531913474793
2025-06-16,0.005359819450394321,-0.0032459513993714495,0.008888057267713245,0.009099157596396124,-0.013473232242806055,0.0060935264236887665,0.0030343229433171803,-0.0056566339342863925,0.009734089691577408,0.0004201509615655574,0.004158884639319238
2025-06-17,-0.0041969451084815645,0.015609200920976285,-0.005139006628618437,-0.008115432944055367,-0.004925584152997153,-0.006547741445077748,-0.006806591312270349,-0.0014501380992723023,0.000822944942785897,-0.008539837711681542,0.0035203596132187265
2025-06-18,0.005125772498947745,-0.005196828925426278,-0.0003689780848270541,0.003030256791548336,-0.005174925049287626,-0.0006590394090481011,-0.0032362111725826592,-0.00111705180821009,-0.0005872832606167444,-0.00014123321482029105,-0.003301689030848043
2025-06-19,-0.010426045148083873,0.014004691776535516,-0.014948811530164252,-0.008308088334102015,-0.002940202819554316,-0.00972794950938527,-0.011268146403941137,-0.002460313410960535,-0.009755545524115505,-0.0005649049132397943,-0.009109702560230581
2025-06-20,0.009848838017851413,-0.009755639442002972,0.0004684126628367036,0.007920740761314882,-0.004763504340110525,0.002830472278692042,-0.000386332964783076,0.00011213157592671052,0.0039169356801742605,0.006358691521582971,-0.005641463734233132
2025-06-23,0.0021546631228950286,-0.0009961959435333956,0.013202209666899778,-0.005138224985627882,-0.005128170350338301,-0.0004980703889236882,-0.0015459291025060606,0.002017714460520681,0.0014187173633217753,0.006739619760067317,-0.0054632973460720935
2025-06-24,0.005884289395571063,-0.034349013563668596,0.0027724152508643574,0.017924962362968255,0.0018327150873063136,0.00415282386763538,0.005612559044014809,0.00022378647049481337,0.016528944230475018,-0.0012551791035024795,0.012465588740026456
2025-06-25,-0.011137330433900527,-0.009064841098055054,-0.008294180335090107,-0.0028354340449053828,0.0013720872151636865,-0.0024814147888458926,-0.008852946354460545,-0.010737128671811313,0.008943139211464501,-0.01270777341646645,0.006677869819470494
2025-06-26,-0.006029536207096564,0.003936965441033946,-0.0007434423436569748,0.001197273741695204,0.0013701200579896433,0.006301842005359104,0.00990288002977091,-0.010514418736723985,-0.0012662669146270567,-0.00028283796222861035,0.0016583336147173444
2025-06-27,0.009499780787463274,-0.001845398366165596,0.014507556740473992,0.007025429147730522,0.0003421483436210071,0.012854297550660032,0.0019227512410235903,0.00434192067399497,0.009336071215418906,0.005517818165881927,0.010761598945526751
2025-06-30,-0.009183680667135152,-0.006355477766803785,-0.0025666769520242827,0.0,-0.0044455374913894286,-0.002440574575594767,-0.004989486340148286,-0.0009101459575189264,-0.00228385233457995,-0.006191113596392683,0.006347284445587631
2025-07-01,0.014761559531378143,-0.0005814097407291774,9.192295243898307e-05,-0.0031171007260099026,0.014998915078039188,-0.0026096859211914847,0.012343360138479698,0.012070115717117469,-0.009499848975192515,0.005380219419364396,-0.010376441920595614
2025-07-02,-0.0037213821891034504,0.006167078941593296,0.0037677234263848725,0.0020845649495910834,-0.008347409487111102,-0.0006541441460212738,0.010668651946785568,-0.006075618049218301,0.007857641529719128,-0.008872058356002466,-0.0012335024536722639
2025-07-03,0.005659303006338767,0.013993281686029979,0.005950690071484965,0.012184244541468825,-0.00364016961537994,0.008836539193813664,0.003958512488082322,0.004301617597526564,0.018803019567708468,0.007104291269004248,0.004940260492458659
2025-07-04,-0.004276830748934701,-0.009124122365115728,-0.009828851735128374,-0.007780481317112065,-0.0006849818598267943,-0.0081102998803676,-0.006759234078096976,-0.0001127382336885141,-0.009565591585445898,-0.0022572804587280837,-0.003891819498088367
2025-07-07,-0.0014695653365953687,-0.00115099536466845,0.0022977940531956342,0.006214023096556831,-0.0021707122592944383,0.008013047449592747,-0.0003780804761203127,0.0009018355527037336,0.005794733490024351,0.005797455113657701,0.003701425071401143
2025-07-08,-0.009848160339828382,0.016248025834793678,0.002475897620454637,-0.003528973468980512,0.009388680542719463,0.003082453654893458,0.0020801930432994276,-0.002590419580605907,0.0013556569264898677,-0.008575855952563716,-0.008809676154016177
2025-07-09,0.0004572810871459332,0.003628525750827949,0.00027441254464521947,0.003541471226981674,-0.004310400034339246,0.0021024947366681257,-0.0011323149913278208,-0.008017153388050868,0.005979228146957505,0.00595583973813385,0.011574980285868897
2025-07-10,0.004913682311778578,0.005310148111619339,0.010516703629868562,0.006910766151156267,0.0179995654252314,0.008553947737661716,0.017192515438605227,0.007512847735607009,0.004485830818579117,0.003664991512379645,-0.007560256278447031
2025-07-11,-0.00670918380597052,0.008091633672123066,-0.004705851973451636,-0.009491844246720449,-0.018800361388775166,-0.0048008168298896425,-0.010215438995204162,-0.009264486216621237,-0.0017862680948974585,-0.0026684665752139125,-0.004323637755654253
2025-07-14,0.008815228303287626,-0.00947601452663982,0.004091625154636125,0.003390766936906653,0.004333910265686081,0.001447180488427291,0.0,0.0037631906998822906,-0.0030198441047079028,0.006055489258412372,0.010132296476122127
2025-07-15,-0.007035887512667038,0.00011257328533753608,0.0030788403237438366,-0.002350808675493976,-0.008062674360173938,0.004817004779029244,-0.007130813690875981,-0.0020449933201622805,0.0221000811553953,0.0006998239173394705,0.00839303705668093
2025-07-16,0.0010285522245412348,-0.018005834606473203,-0.012548518838791933,-0.013991230578612623,0.00022901285415444228,-0.0156600084413433,-0.011717991564407226,-0.005919816310854031,-0.015146495929901027,-0.008532670703305545,-0.011165230527832248
2025-07-17,-0.000799123122413592,0.010084772311191426,0.011610937139800104,0.021807420170547376,0.0029757868680633237,0.020941573822754078,0.008605866419211017,0.011566675901973689,0.023849318060713998,0.00902933711129017,0.009648967964217103
2025-07-18,0.0018281693570310065,-0.0024960429115792326,-0.001536359390881259,0.0004385145109047084,-0.010498667097806225,-0.0012720308019368298,0.0,0.0005660072605784272,-0.007510639172500944,0.010906130387340118,-0.004270009824513088
2025-07-21,0.009808400142990337,-0.011146448452557078,0.003711042906020312,0.0018994337928210925,-0.00749626955070859,-0.0025473625842037384,0.01270379498715224,-0.00305495192868388,0.0016451143384168532,0.005394182201752473,0.010618755254264256
2025-07-22,0.005082353426715036,-0.0033356442073116943,0.0013527056245337121,-0.007875177452685733,0.005345097577529767,-0.00814049678865214,0.004493571974395483,-0.0035183016280371238,-0.015767025211167907,0.004264651921612295,-0.0036371044467775615
2025-07-23,0.0058433819650560714,0.010386630236932204,0.016300410155531964,0.009848569468873913,0.019301963281729728,0.021081451338238022,0.013606701239033514,0.004327986790546801,0.0010012678595647806,0.0010959154938998683,0.001825190632353868
2025-07-24,-0.0027563803708131607,0.0029696687352738227,-0.013203348550431926,0.0064046937547572735,0.004195431533561056,0.0018912360983744936,-0.01250460264471176,-0.003855794580499672,0.0055567901905559935,-0.008620756253796213,0.009918984790169283
2025-07-25,-0.007351342748227907,0.0022776971096400978,0.004579760537313238,-0.0008677691513363506,0.0009033630675265858,-0.0006292420279907507,-0.004655493416166445,-0.0034152485754814776,0.005968095337072432,-0.0008281236869700503,-0.0012025968997345649
2025-07-28,-0.0021648090062880154,0.01692986964666998,0.015017433305883232,0.004198044409966739,0.009363739133233961,0.004564787047057983,0.0013096294448091683,0.0028558373016380756,0.012524797419115385,0.0023483653871894106,-0.000602098994414324
2025-07-29,-0.00045666769573515786,0.012625667635954851,-0.0038749663547406055,0.004180494508364996,-0.006594433432830171,0.0015668830241188925,0.0,0.008201403499197069,0.010742163893560752,0.010474120201241055,0.00662654289378195
2025-07-30,0.003541214888269417,-0.0018757384320554626,0.0013261561760187224,0.00488079701430677,0.003150387233845642,0.003128982843649153,-0.0011211018829935249,0.0023726028630011164,0.005797111182841208,0.011729413719736792,0.007979208112087077
2025-07-31,-0.01468415572431403,-0.002321457954875261,-0.0005298003430734832,0.00014288766043524248,-0.008748389150446956,0.0037429484324580375,-0.013093916478250867,-0.005297579060373647,0.008752264632899909,0.0005392412424207738,0.016425922246306346
2025-08-01,-0.011783554896632853,-0.023933558582929337,-0.038692556285320534,-0.032566757744990404,-0.025571334884246455,-0.028123078870821216,-0.016868828998525487,-0.005212454214987616,-0.03682153505739405,-0.0006737139711049389,-0.024338005941301755
2025-08-04,0.01800323451589958,0.002497459755353537,0.0006432613032578693,0.011663860135508797,0.012772856932645071,0.008473262996942177,0.012724115307556128,0.0014807751687240245,0.015050013896008352,0.012538766726910566,0.015565730788192012
2025-08-05,0.0006889794110627179,-0.005208912888571282,0.004959141505686215,-0.00218905288722826,0.0004586209007968467,-0.0026950218564972817,0.00552067242083476,0.0015923497789367413,-0.005844165655950806,-0.005991970138285119,0.0007860270388504453
2025-08-06,0.008147742386495738,0.01001713031414253,0.008041645352863558,0.00614301816692997,-0.015814861895809162,0.0,0.00018936267111424598,0.004315295177695688,0.004789924216010322,-0.005492346332601761,-0.0045159933410201525
2025-08-07,-0.006146820778657136,-0.013862316132071673,0.008884084657993396,-0.0014536774646054518,-0.013507173612172796,0.0004768523187035356,0.005299995638695654,0.0035051735644073823,0.011592629029754331,-0.0022898460915538044,0.0037475073737645026
2025-08-08,0.004008802067050787,0.0010285295758929447,0.004313017554051335,0.0020381334207675295,0.006846102723059744,0.0058786583199099685,0.009979265170514395,0.006422531772667162,0.001178115102450139,0.0028351435849585105,0.0074671069497502796
2025-08-11,-0.0061601430742908025,-0.00022829825211168053,0.0039366775934635,0.006973641068864556,0.009261351205972046,-0.004580649332440068,-0.004474233156233853,0.0025750487877231887,0.01005557101257848,-0.005519602038942417,0.005656347043847765
2025-08-12,-0.002066168243311961,0.0025122898420670836,-0.0016932754919926074,0.004184113774959863,-0.0038331306272214594,0.005077748214849409,0.005430657163737029,-0.0025684349424383024,-0.004236406837915707,-0.005550340420534816,0.007176084601045574
2025-08-13,0.009661693139515037,-0.006834473947647135,0.01035532669944228,0.0007184346674433684,0.012943103809492928,-0.0031575743993944583,0.00596013602177714,-0.0024630678622346025,-0.0005317530753918831,0.0019057907894532988,0.00038514264675781895
2025-08-14,-0.005126361682879166,0.009290027937986167,0.005919757617412591,0.00818377146212157,0.009554439684794636,0.0033259278825252814,0.0003703102830072691,0.0012345747725630574,0.0018090684977862814,0.00828805194290938,0.007122212251221338
2025-08-15,0.00435134281708649,0.001931797374378652,0.0,-0.002278605231100461,0.0,0.0,0.0,0.0,0.0,0.0,0.0
2025-08-18,-0.0019382499345408366,-0.004196383405594917,0.004743091109044695,-0.0021409349373574527,0.02360319004396172,0.001420681211612873,0.001665744116625456,-0.0004483904936426475,-0.00786061045854336,-0.007007096745473618,-0.0001910994187982462
2025-08-19,0.008339084759159787,0.0015945260225778135,0.004633261492480001,0.0034329545300768594,0.0008911867444172383,0.0025220657452023065,0.0031412044899805647,0.006953042046803137,-0.0069593309984989915,0.0006784559737671447,-0.010896571972090485
2025-08-20,0.006910472288515601,0.003525102910933997,-0.012269370476685748,0.002708407810107172,0.0025598593304354544,-0.0061320660220948175,0.0,0.013698582414496396,-0.017789773863923553,0.007187398896810526,-0.008117548705402822
2025-08-21,-0.004162764632518301,0.00793197675061963,-0.0027310825667700156,0.0024169150865915867,0.009214052111270687,0.0012656515142133173,0.0036839336814644685,-0.002966344243289676,0.004281003251160653,0.002289023913073285,0.005261115732058341
2025-08-22,0.017286226464699572,0.011242271324437114,0.019699676829083357,0.006098429898569346,-0.0062700176136537555,0.007742105493465434,0.011194655475581516,-0.009917372185993423,0.008088375892914001,-0.0038957671415393857,0.006202746537657511
2025-08-25,0.0,0.004891633755801372,0.003898440154660676,-0.0040879744227084736,-0.007637755589794293,-0.0034493165603081133,0.0007259694489125668,-0.01012794711373255,0.0034695834671696346,-0.00903571348830623,0.010402637586489405
2025-08-26,-0.01132838470971298,-0.0050890484299011,-0.003365545382224555,-0.0024062019147026437,-0.000780810860376957,-0.004719997565699852,-0.0014508164171731508,-0.0053969343800032155,-0.0016207619765827852,-0.002721891242508323,-0.00610104271057188
2025-08-27,0.003145401976834439,0.01501165872945509,0.0,0.009364301947779596,0.0075909833810703375,0.008852377302393855,0.003632345500434342,0.001695698930944678,0.009740276093251454,0.006140892264368425,0.0067139548618802
2025-08-28,0.00022389222703500522,-0.0008764442607862577,0.0046757375142072455,-0.004638766290215979,-0.011300733972080312,-0.004700708845112644,-0.003619199318076194,-0.005304155484321504,0.0023579162284330657,-0.005967752900758128,0.0011433188607923306
2025-08-29,0.003582609136129289,0.008771963580347819,-0.010945416327049151,-0.0012709552463429086,0.0008964795267791814,-0.008816142463087262,0.0010896759371106235,-0.00011348010324174762,-0.015825446756458916,-0.009551160716228302,-0.006661634615901191
2025-09-01,0.0044624271259317005,0.001739170240319332,0.000522808970694566,0.0019796293443423707,0.005821726879120748,0.004606113718938376,0.003991313950767461,0.004652260012336207,0.000977795925634739,0.000964421101399271,0.00383216647254514
2025-09-02,-0.01510448406708731,-0.0011935829641984697,-0.012454278949455944,-0.012136615903809767,-0.0017808998134093423,-0.01644270222177624,-0.008131564179592932,-0.0005647509740317469,-0.01671552112708019,-0.008257721900288284,-0.012025216175889364
2025-09-03,-0.002819143185608941,-0.015100481733464677,0.009701018432332065,-0.00028566632952009563,0.0017840770759409708,0.001928994508086701,0.0032792914406505336,-0.0015820928130653167,0.011149157490450312,-0.0015265142114683217,0.03342355898442673
2025-09-04,0.0028271132225852202,0.004963566402659048,0.013800348157353648,0.01128884321573187,0.005788115468139399,0.008823988783945858,-0.0021790254684901367,0.008602174865380174,0.008296966690945817,0.0004170453087439796,0.013273491534745663
2025-09-05,0.013644624869139088,-0.026341801227100725,-0.002929235278578024,-0.01596717969505057,-0.002656018837410623,-0.008269727241263514,0.002911735126308157,-0.004039957444571529,-0.007145990231136934,-0.00847458435541737,0.0
2025-09-08,-0.00033376420678277174,-0.0007890846076726854,0.008122308690448943,0.0024410995180246253,-0.003550817632840708,0.013149449756228782,0.007802582116012813,-0.006760546187279948,0.014721986351620142,-0.0018215619701476005,0.0035055096685330245
2025-09-09,0.0,0.015230127294864948,-0.0023141908571511216,0.008594844929080914,0.006681497257581048,-0.009813215082146387,-0.0039611310240655895,0.002268825238573191,-0.004943650712309067,0.0019651795879633838,0.004044883676630473
2025-09-10,0.0030046203492777313,0.0005556512161886129,-0.004467390598318244,-0.003266628958540574,-0.006637151150371778,0.007352926380673752,-0.002892260453629003,-0.006677943951107657,0.022572675774368278,0.011207664367338,0.001831138491182216
2025-09-11,0.00832136764564595,0.0074411168606483,0.008111861094978856,0.010544284134392568,0.012026661079707068,0.010790230089438468,0.011783929073186927,0.007976264029205149,0.0004224853759866587,0.007342737282572065,-0.0009138957758589861
2025-09-12,0.0006601708804814255,-0.0008819516245412995,0.002910494505849792,-0.0007049552122686542,-0.005611735500099302,-0.0018838136647963966,0.0010750323798138783,-0.0031652586727871634,0.0025337611980211783,0.006051470869846476,0.0025612768027671873
2025-09-15,0.0015395826193920215,-0.006068580371081711,0.013571153023144156,0.00028215947920751105,-0.013168113369911971,0.0007863987986884702,-0.0014318599943943244,-0.007144446033541141,0.0009478092686698858,0.002050601814763242,0.011131398154090144
2025-09-16,-0.005050595457059215,0.004551465634778706,-0.005221075760690752,-0.015234896887478255,-0.007512874710165596,-0.010215331054027277,-0.01416025994915282,-0.010394102003302041,-0.005260389099911222,-0.015825424472223903,-0.0048727749234289686
2025-09-17,0.00342094181093322,0.00033151486357674287,-0.003132101293406242,0.00845156837013139,0.005536073347002679,-0.0028580550410304273,0.0005454323508522485,0.00865650975627319,-0.009095722713840515,-0.00041584113599502093,-0.0009067689084873987
2025-09-18,-0.006708489670588458,0.0017676057008739754,0.011888599698387514,0.007386315792553777,0.002134858892204994,0.00923569805893254,-0.003634325870954358,-0.0026318312066072602,0.025082702667136525,-0.00013870664465132077,0.011980392913124804
2025-09-19,-0.0011072507042745316,-0.008822265649156003,-0.001091011067615777,0.0011280574326033577,0.003475698510014169,0.00031556417523836977,0.009301446370631794,-0.004359853910581024,0.0037484444702182707,-0.0009708695742808304,0.0
2025-09-22,-0.004655262024068851,-0.0011125776276911248,-0.005208729929814471,-0.0025352155658561193,0.0011173013868279735,0.0011040961063013555,0.003614036183375413,-0.008642544486632597,0.012551857524066845,0.005830878468181089,-0.0028699524199481408
2025-09-23,0.004454302355187512,0.018601004585114822,-0.005827230977673237,0.001976834089970625,-0.0033481632530376615,0.00362375197436271,0.005401498597683352,-0.005114523394740944,0.004097956391534874,0.0060731878528661465,-0.005216782060286529
2025-09-24,-0.0038801875974620037,0.015527674638890598,0.0008494603557946956,-0.0031003554614090767,-0.0020156808401390336,0.0006279578500509864,-0.004656130387226565,0.008295440404790355,-0.0062238608004893115,0.008643123318607726,-0.004701597199280982
2025-09-25,-0.008124690646630017,0.005814589205955567,-0.00500760770173847,-0.0009895348733119924,-0.015596940606038556,-0.005647954202567584,-0.0037783895691162472,0.0006952208165944551,-0.00020538267091940732,0.004624646120916509,-0.000726760807812088
2025-09-26,0.006732521637684785,0.01177602431212943,0.0023884566346412672,0.006650647132882659,0.0037614748550454102,0.006942231292109247,0.0045150804555287305,-0.004400153435992649,-0.00215649096729964,0.005686408955789313,-0.0018181540749290237
2025-09-29,0.005126980295813155,-0.022219854265732364,0.005276105062688385,-0.0008433730546598683,0.0034068028625391378,0.0007834415120595573,0.00827045861207698,-0.0012793743435308702,0.008438815583782455,0.0009423760901263734,0.0029143869392551647
2025-09-30,-0.0004435014068432386,-0.01569099145303099,-0.008549856347403906,-0.003657880269171243,0.009280213775011648,0.0009394296899081223,-0.0030314190101976557,0.005007572975685104,0.00316364113426415,0.0004034805637194161,-0.01634583188215255
2025-10-01,0.009318873520659965,0.00417763035667007,0.009050525390503328,0.002259300519611207,0.04003139361524566,0.005161924440472365,0.007690937334096315,-0.0025492608681737527,0.005900246018861077,0.013982266118994113,-0.0022156375964336172
2025-10-02,-0.008463381067018605,-0.002846447528573881,0.0005923142210479959,-0.0035221187401589527,0.00690026296116919,0.0032679595003353157,-0.004082348981423678,0.0004646946407582675,0.012034814668900218,-0.003182151545958911,-0.00037010468957865417
2025-10-03,0.009644222140090752,0.000548917669720872,-0.004312914471293561,0.005796635278607631,0.011243206538388728,0.007755545067981817,0.004990176015881476,-0.002206252152189947,0.0039972172189344235,0.012503357775878188,-0.0011107251533241103
2025-10-06,-0.00296454510938271,0.01097333512717169,0.004076807929697557,0.00309251086014406,0.0019059752278962616,0.004925345371892265,0.01010816990590091,-0.0033748506283884927,0.0055737787577367914,0.0009195965882615731,-0.0020385584176783045
2025-10-07,-0.003413784335420167,-0.0015195853014446925,-0.0018609475421371702,0.0,-0.0003171254261297163,-0.00658600550078281,-0.0061446362315076275,0.007356343506631502,-0.007423537652795575,0.011156299342223841,0.008913711616245878
2025-10-08,-0.00906079491091516,0.005217995087296812,0.005762714450642248,0.0064461754559728135,0.008140440874004895,0.012642610038664515,0.010952109613144856,0.005100295102904884,0.015556417805978384,0.00739874984489175,0.0007361881001670678
2025-10-09,-0.004348660768535129,-0.0023791631642573474,-0.006993611635662367,-0.005012539847970898,0.0018875870807852912,-0.001979251717630137,-0.0045430425233765614,0.002767822238536999,0.0069717865219818265,0.00631359180409774,0.0012874691226665291
2025-10-10,-0.009967508839185735,-0.026016276703294428,-0.020364883809531165,-0.017072505406289795,-0.013502207485510787,-0.0181541172540699,-0.019132879221209875,0.003910339036441224,-0.028961493245437953,-0.0015364291873483094,-0.011756050804425322
2025-10-13,0.0019230328006283326,0.0028937355664546693,0.009354715111329792,0.005267693021569375,0.002121983535726235,0.002019845434822143,0.014853221197073552,-0.003436854721173943,0.012151024926927656,0.0021800225907555593,0.007992570841517166
2025-10-14,0.005532376034579123,-0.0039951238254702925,-0.00437657377132894,0.00254921829230792,-0.012387487631010274,-0.0024809433712933426,0.0007053591284273963,0.005632894645329678,-0.015576938987628797,0.0038387129431334266,0.004056817675828661
2025-10-15,0.0112283700745206,0.0031197635576254434,0.011032636146588892,0.002825214658223274,0.00503860663436706,0.009171402473142853,0.010044047485889385,0.007887457539255127,0.008062844310833928,0.009815223740148094,0.0071625231255072475
2025-10-16,0.008771840926774743,-0.010107697934614523,-0.005285615775376007,-0.011691706249279288,0.00277335611979157,-0.00215649096729964,0.002093491495527733,0.006805018561658827,0.0011997875485867393,0.003913122365778676,0.004558716252815342
2025-10-17,-0.002971793208872975,-0.004712811775086645,-0.008313346059016902,-0.01610611208423829,-0.0032975766508233084,-0.012658223375673794,-0.021065444174819703,0.0069843727613845275,-0.014280011123343428,-0.01232234053289305,-0.009802158541144523
2025-10-20,0.008831890503573359,0.007440853267385084,0.012790626295426266,0.014631350921208153,0.01120600945523842,0.014853104928629568,0.012804574543208158,-0.0007830819476695172,0.02856853126308878,0.0029280167868042106,0.020898247581897955
2025-10-21,0.001094406753428645,0.005035776020239302,0.018431572554961084,0.00671046851170054,0.008232177090204518,0.007240695806383757,-0.01387183327381869,-0.0006717147200934193,0.000689448396196557,-0.0030464314228016987,-0.006284763561714923
2025-10-22,0.0014210028900150107,0.010577937907379598,-0.00863006948022882,-0.005389375567998234,0.004396505540794848,-0.006576939786477332,-0.0028490001397227793,0.006945945578639368,-0.013779542784496224,-0.0024191805346501782,-0.005240349019294044
2025-10-23,-0.0009824931773435575,0.019171417175131822,0.001352295998327202,-0.00014251400580866935,-0.005106804370549889,0.009545847201133828,0.011428560529436416,-0.006675550650378725,0.013173650050169794,-0.0019145057919618402,-0.000908251367002455
2025-10-24,0.0033217539467722546,0.0,0.0,0.0,0.0,0.0,0.0,0.0,0.0,0.0,0.0
2025-10-27,0.004530361244635683,-0.008324288033150329,0.017218038726645846,0.014261265841846393,-0.003142629637968186,0.007777979847554128,-0.010063554042488043,-0.006608382011172642,0.028664339621095936,0.005882439025818087,0.01963639692826713
2025-10-28,-0.013226431924013071,-0.0023983561828410105,0.002738150018639862,0.0005624425475612149,-0.005464525561677647,-0.003480680244556278,0.0016051391667155634,-0.005412147296429581,0.010246094912356174,-0.0034325484349170265,0.0014264981053035974
2025-10-29,-0.011645652851539845,0.00808652438525681,-0.004468356825366282,-0.007869662158076385,-0.0015849696412330028,0.0013668028757893858,0.004273534172344773,-0.015417760168540351,0.014881513695016224,0.0012756534621722881,0.0040954334555063365
2025-10-30,-0.004891139307243719,0.004444484142106964,-0.00872741620538986,0.003965988461026804,0.0029632636853327288,0.003791325307003879,-0.0056737533008290875,0.0024179515044577826,0.0014943836981919922,0.004586579438776273,0.0026600731956460955
2025-10-31,-0.004468234673469684,-0.006799102718686001,0.019285555770290896,0.00014111366560443095,-0.005381392053402045,-0.0024173388156468745,-0.00980747207203625,-0.004594462528156762,-0.0031707913516835218,-0.007102061755620004,-0.007782144221462395
2025-11-03,-0.003138196265413451,0.005758978445364216,0.015959217508795476,-0.0014106146844697909,0.0,0.0021202391675998467,-0.004682123667363314,-0.001730919911609563,0.0037421791389555814,-0.001021865246125242,-0.00392152249535882
2025-11-04,0.004422777448743531,-0.0048616784800293855,-0.0094736693841726,0.007486915841819375,0.011351577239281152,-0.013147878816109793,-0.008322762450928112,0.006010826843438899,-0.011557441077345354,0.004091544541236836,-0.010021498972564435
2025-11-05,-0.00090332001796678,0.011725131081296691,-0.002697636116366975,0.0014021098506586949,0.0006293670139656538,0.005359853870813502,0.0071154785600586745,0.002412950562083793,-0.0016973154172181815,0.0026741256556344073,0.006146062083577819
2025-11-06,-0.00033888721618191564,-0.008155404188430193,-0.020327896368308118,-0.0077008602137212945,-0.001258022301602546,-0.009901013111518031,-0.0018116356419599633,-0.005387451079917005,-0.028053283684258856,-0.002666993779146143,-0.0088034796947557
2025-11-07,0.005652223234064335,0.004219402665376792,-0.010207443319731446,-0.008184024390808453,-0.004723385788792722,-0.007999948354867836,-0.005807617126786568,0.006799631094976055,-0.027502446929924984,-0.007640372895042935,-0.019394593625825296
2025-11-10,0.0033723601377040335,0.011312250109998256,0.02155532845800212,0.016218514366196368,0.010229922208659037,0.01581880567561611,0.020810504108285555,-0.0035485068272426146,0.03427600994939528,0.008340838230892933,0.025323526529069662
2025-11-11,0.009074491398312734,0.019175406090299996,0.0009102243420806566,0.007699888693938117,0.01858230256064597,-0.0009159932609732468,0.0062589824799517135,0.010798331752531087,-0.004251231317934812,0.001145282970139272,0.0036054974552179875
2025-11-12,0.0029976858219631364,-0.012229520135238148,0.0008267069682370565,0.010419560503226233,0.017730894356304594,0.0073348977633189705,0.014928028181169006,0.004886922555010553,0.003978300716301453,0.00483036598013431,-0.00359254454500324
2025-11-13,-0.008634060854967318,0.005079400602471917,-0.019742271913491982,-0.01099962896786455,0.004229588681144314,-0.01653513908020887,-0.005603216449033166,-0.006672657205480936,-0.020102462612501704,-0.005945619260702584,-0.01694614062953026
2025-11-14,-0.004689553430330173,0.006211795294146505,-0.005056024971593076,-0.006951202528550859,-0.008523851421139206,-0.000617012407798212,-0.009508732291280797,-0.005465141146836161,0.007495829379678076,0.0005090470169921701,-0.0047679869311113565
2025-11-17,-0.003028873757549344,0.0005232086629431976,-0.007199106261692956,-0.010919764468212634,0.00374223836258869,-0.005710800144368533,-0.006044447157118049,0.002060678973327068,-0.01204114868879358,0.004960561892951576,0.012161412232265745
2025-11-18,-0.005401188047040928,-0.010353539685496904,-0.02166866481041063,-0.012172690612562098,-0.002619856030154688,-0.014902190496109635,-0.01538187466819263,-0.0036558859738029525,-0.018331336778505514,-0.00012659329148256848,-0.007828150423936253
2025-11-19,-0.0032810172195807397,-0.0051780395011248315,-0.003051957387423365,-0.003582175049726577,0.000707210471309061,-0.0007878858774327258,0.004723017980633015,-0.0030959367721685727,0.009084501147181623,-0.007594917393937917,0.009908273679400725
2025-11-20,0.004313419366768656,0.009560245716103921,0.005597825412389623,0.011791769974525801,0.0016153056818306588,0.0052042553516604695,0.001807963688993608,0.010236937711708194,0.00670199220530332,0.005357119397589205,0.003088629471613258
2025-11-21,-0.004633819161514285,-0.010416644089149885,-0.009915624750320928,-0.00611143123146185,0.010382005733311939,-0.011609690288363894,-0.005414171411057267,0.01195486053140482,-0.03219393763333811,-0.008500357416130644,-0.004346999959234377
2025-11-24,0.007948066256861175,-0.00574163634242697,0.02011772712545623,0.0060059797956875105,0.008978467129479029,0.010634891570560523,0.014153488852445495,-0.008438344095146322,0.02453798102881355,0.0023032668158833314,0.018373627416854
2025-11-25,0.009913436350034166,-0.005240139899154284,0.004047481744676729,0.008102341253552359,0.009294072049425672,-0.0012564475994667479,0.00697798164085639,0.003290603932432301,-0.009620193162291901,0.0,0.007502715024598983
2025-11-26,0.007696487890639148,0.0066652630504930865,0.014409472149797153,0.010716330454775269,0.0027429347009639837,0.012108829311464175,0.012615545745731316,0.00859536475875422,0.02155213208494211,0.008936511322340746,0.004787174392939075
2025-11-27,0.0030994614018362565,-0.0006407257473816097,-0.004396691112080853,0.0006975872146335327,-0.0023446450013527853,0.00031069985824694335,-0.0001755068597277809,-0.0012334672569538352,-0.004160045292729286,0.0032899169966655872,0.0031762892357816153
2025-11-28,0.0006620997816582097,0.013250671505736555,0.00789809176370082,0.007249360361505364,-0.004112865129685894,0.0046598798471040315,0.01017904239582812,0.004715371846686134,0.00397853115413227,0.0035313252120550143,0.0003518110518996309
2025-12-01,-0.009263434511758262,0.0020038224216174516,0.00311765036763223,-0.006228331463559722,-0.0072762820646508075,-0.006802758802260556,0.004864467905082437,0.0016761820254733717,-0.0015851363011631925,-0.013321572988050367,-0.004747678263315236
2025-12-02,-0.0052313487923529856,-0.008104454848415488,-0.00629987384102737,0.0023676624194954865,-0.0043581858696145614,-0.005603935361544132,-0.01884509249156907,-0.010374836139090515,0.00952569057452557,-0.0056044125516995225,-0.0045936100449204265
2025-12-03,0.001342634130856446,0.00838286219689155,0.004311026996447476,-0.00333469306237133,-0.000994811753487923,0.006574858744831991,0.010748909433507814,0.00022550189006187438,-0.0026537905320966892,-0.005892136368269463,-0.0010649870984826837
2025-12-04,0.00044697346789379644,0.00599810272699286,-0.0014308406063342494,0.009061673861214814,-0.007966495090125147,0.013530250013941814,0.0027893975890793676,-0.007325611419895406,0.0024637823690987215,0.0006442861920443743,0.0035536739032948628
2025-12-05,-0.0036859268596914907,0.003974946536378532,0.006827356395489259,0.0023487953134981865,0.0010037991504123767,0.00015347762024697786,0.004172424580312084,0.006130800457555763,0.0053086994597619785,-0.007339779775169641,0.010092062667209634
2025-12-08,-0.005493269737651296,-0.011773336562723391,-0.009460002363228193,-0.001240578407983639,-0.008523851421139206,0.00398898642241674,-0.00605953054521835,-0.011622730498404676,0.00821431958090102,-0.005577801222049095,-0.010166485961679794
2025-12-09,-0.003719998132145519,0.003479197009631285,-0.0004226086197327561,0.0074524002532461164,-0.00667546924016027,-0.0010696774482380489,-0.004006262721610088,-0.00011410557430990842,0.0038797432764201556,-0.003000304538822718,-0.005666720168352013
2025-12-10,-0.0005656901932870051,-0.006829181800743878,0.004143109047706206,-0.0036985841515946305,-0.000916366344869024,-0.003977392157048065,0.0006995613031453018,0.002626121520101554,-0.006473412260341149,-0.009812900654263212,0.000890458338411726
2025-12-11,0.004868110026737593,-0.0047603613038524895,-0.003873350254279928,0.007699677337363431,0.007745561410131607,0.00645059384131752,0.01800067733875199,-0.0009109919585953419,-0.020227577497003657,-0.0013213328979632122,-0.014234861676160282
2025-12-12,-0.000450649555592042,-0.008822298202599721,0.0015215579081349073,0.0009551056617518316,-0.0012135428855237773,-0.0021364167901170017,-0.005150201494601658,-0.00022802087878137645,-0.012903256096851723,0.0005292526403579689,-0.00758126303383555
2025-12-15,0.003381395491315553,-0.010080455135723865,0.009199833786355471,0.006406777764350391,0.007897921855256174,0.004893710013933461,0.0034512641985564585,0.0074108030174859785,-0.006334814205633865,0.0031737351897991317,-0.00018185379440616156
2025-12-16,-0.0024713334711080615,-0.02079946072717198,-0.002927142887132139,-0.003927954873832351,-0.010046212485457229,-0.010196289427488847,-0.003095447987145339,-0.002150321866158822,-0.009512269219886349,-0.002109196688927284,-0.00291067571146153
2025-12-17,0.0004503593675926343,0.004867822152642143,0.0004193543184982662,0.0005439341178863355,0.003450338286297372,-0.009532637420889278,-0.0008625677195941428,0.00567086322313326,-0.01205558171523724,-0.0014531124806619333,-0.0012771336082894047
2025-12-18,0.004727734111083182,0.007156242571566995,0.013498789768308095,0.008426136202212442,0.001112465750475744,0.010090058124097467,0.014848077305580132,0.0011277599660097781,0.01664943806785546,0.009789727861028164,0.00694185680976056
2025-12-19,-0.004481338483794617,-0.0009838649320330628,-0.003888100612074674,0.002695479593836536,0.006768419161518713,0.0046104664694146535,0.0018713952472946271,-0.0051819207149714774,0.010477050197086779,0.0039302425673626296,0.004898411883086817
2025-12-22,0.0003375632430051567,0.0073311978708821,-0.0004983405544664032,0.004435508390949527,-0.0017058578375758193,0.002447545142916674,0.010867709225361954,-0.009172206782774639,0.007046553286107926,-0.013571720642087781,-0.004513450130976593
2025-12-23,0.0013499715424116765,-0.00010856514339552259,-0.0013294228063429614,0.00240867519189103,0.004121054084962328,0.0030521071472979777,0.00016801841820202057,-0.00354282924107141,0.0026988868512145547,0.00555636749157129,0.006528846832362323
2025-12-24,0.002920995081656441,0.0,0.0,0.0,0.0,0.0,0.0,0.0,0.0,0.0,0.0
2025-12-29,0.005825062174097173,0.009668651386659954,-0.005491335790854479,-0.0012014946320271225,0.003403366693668586,-0.001369298078328196,-0.0038629415300587278,0.007110851013040653,0.001794440330542768,0.009340863893151141,0.0018017743084881577
2025-12-30,0.0017819203382267723,0.0024746688347039303,-0.0007529184205614659,0.003207669937829838,-0.001995181090426512,0.0033516334970871142,0.007081405483400527,0.0,0.004080044490250678,-0.001173148668575208,0.007014446313829081
2025-12-31,-0.00033347272504713477,0.0,0.0,0.0,0.0,0.0,0.0,0.0,0.0,0.0,0.0
2026-01-02,-0.0073397944489009825,0.010947776027765421,-0.01214002468183173,-0.005195835362824197,-0.002598981745811968,0.0044032935444850985,-0.006696764008826017,-0.0038719547584972203,-0.0071357899882534825,0.007568861436032748,-0.011966457645245177
2026-01-05,0.0028007389641369063,0.017411607889793235,0.016526863403185876,0.024373908389636822,-0.002806161382264638,0.022978028843608778,0.0241024177708693,-0.005258935384166663,0.009083609801784354,-0.009972758090878608,0.015545925797104232
2026-01-06,0.004133537526136877,-0.0030262017112199224,0.003751850417561986,0.0007844841111794842,0.0241206183505418,0.003251089502823268,0.01859777977832433,0.002758279023988175,0.0005935818593534314,0.009680767139388369,-0.009789947206708671
2026-01-07,0.011571057143627606,-0.019886974122585666,0.007807977790280418,-0.009405632815145837,0.01413145034787866,0.008248601614792905,-0.009694594927099787,-0.0066475854562141334,0.0067226919912779515,0.00025909099491228105,0.004493977983101027
2026-01-08,0.00033000014732920135,0.005553228063331472,0.008324359116406388,0.007384907623257053,0.0025159874728497567,0.0013148863593552829,0.004731618717497499,0.013614864775647106,-0.021113635345366588,0.0007772693051855128,0.007873991021808413
2026-01-09,0.0026388748655532535,0.021452809733473632,0.010299184027686925,0.0022253982236364322,-0.007142836628075577,0.008024444339315373,0.015589461772125723,0.009106466313638872,0.01354332333455055,0.008024787730322336,0.00745742162497165
2026-01-12,0.001206219664606989,-0.004886683501890476,0.0021845006132219513,-0.010841094933747075,-0.00816647834241424,0.0050659447397258806,0.011992324736499915,0.009813819539907565,0.003266374691101248,-0.005778081203289154,-0.004758555688695654
2026-01-13,-0.007667050248157614,0.016403716537898516,-0.005328196072293956,-0.006866555518425521,0.002156451950031224,0.00014393010490421076,0.0020539935461760805,0.006255643532038224,0.003946344943471347,-0.002453860785966544,-0.0010625353638034074
2026-01-14,0.009823357497176888,0.02333474815939285,-0.010307577733165152,-0.003191036653251045,0.003325547480333535,0.002303868526137176,0.010091444467461796,0.012100314339856588,-0.019162780431413173,0.008803732832503686,-0.004254594559758851
2026-01-15,0.011148832920687912,-0.0011049784729224577,0.004756389946267703,0.014005540953270224,-0.004094347450266489,0.01264182223390331,0.008585748871668963,0.006142428422018176,0.021440731810379532,0.013347034650494027,0.0019583516812784474
2026-01-16,0.0017294440719899384,-0.0007039389893968018,-0.00612144972697759,0.0015785681647089156,0.0037196284240044175,0.00723509932878863,-0.01098899671514475,-0.006104929330583708,-0.005100506705560726,0.0018997153953665968,-0.007640375168841751
2026-01-19,-0.0016186747254214318,-0.004427920189640777,-0.01855953493585505,-0.01313370118224555,-0.01287302206981289,-0.014084507042253502,0.0014084530585096733,0.00021941727391361354,-0.022379933315947897,-0.005688243518775837,-0.01468217935948879
2026-01-20,-0.00648502894788372,-0.00343681356753589,-0.012467621676264362,-0.009981368193933249,-0.004346991069945294,-0.010571398053850434,-0.008751388632631696,-0.009759835133465455,-0.007966931084626538,-0.007627842303351562,-0.004542976659015596
2026-01-21,-0.004569151342240341,0.015113150912973605,0.00423657019337309,-0.005914806358601421,0.005358215142569289,0.004764571058070155,0.01686898454479291,-0.00022153124900192722,-0.0016265493305065437,-0.004099406928420923,0.00273825354548185
2026-01-22,0.004699370678326931,-0.0044964485352065875,0.011221750495489013,0.010006836020317822,0.01105411320524552,0.0011496168309341748,0.006201574044634173,0.004652172957734013,0.006414797467578559,0.002186851080672181,0.010012729546785115
2026-01-23,-0.0080494499177578,0.013349411499748554,0.0029203043686034658,-0.012987028906098708,-0.0056618685789903145,-0.004736641879255599,0.004006196149730412,-0.0017640136504761816,0.0018211282056348477,-0.008728023016465247,0.004145629851010302
2026-01-26,0.007785916133005388,-0.012183000581348358,-0.011647204093417796,-0.003119958669628997,-0.004712383212815419,-0.010095139677122722,0.009208079195827112,-0.0024298787108295583,-0.00040389100675264356,0.003237083893996129,-0.0003590101973138804
2026-01-27,0.00043525193554838637,0.002406476042225547,-0.006481517278458915,-0.004762532103618988,-0.01085025156758923,0.0008740903136255085,-0.012317596740800685,-0.008635947541323685,0.009092684036783538,0.0029684527306939046,-0.008978272801755782
2026-01-28,-0.0004350625737210567,0.016704992983429756,-0.0022875255939913686,0.0,-0.012165947701975877,-0.0017466538940009713,0.007390352263081823,0.004132262037065404,0.003404124716007928,0.0069489244870579725,0.0036238588134818173
2026-01-29,0.0064494967894481725,0.016922483579612235,-0.009850574397641587,0.0016407266555025224,-0.002422752571012099,0.0021872487878964453,-0.0055020725763788025,0.001668267048993366,-0.03482336680563303,-0.0007667419628594185,0.00884639255941888
2026-01-30,-0.004900909854450242,0.00038700575939554227,0.007804491200841257,0.006825006625992502,0.004958488820914209,0.0023278921126184127,-0.01798060818245828,0.005107695946509283,0.013749551902241475,-0.002174265162189326,0.017537572002580104
2026-02-02,0.005034494425966374,-0.005802693087687438,0.010892679397732863,0.0157266268861056,0.01580907998611014,0.013064327679674026,0.0023474416634896578,0.021210846990093346,0.008566224640004005,0.0026917037029359214,0.010728114734499528
2026-02-03,-0.006751660983433494,0.01595330098212866,-0.00841821695675471,-0.0006673174530856807,-0.0009912616657778983,0.009886838119423702,0.030444915774108905,0.02120293198515455,-0.028412589935633115,0.009459259005693887,-0.011832265368576622
2026-02-04,0.01896727143038568,0.023362646064477355,0.0020375062560840096,0.005075427266967969,0.001984566184354941,0.0008512706545984461,0.0031818043101916604,0.015572046577776222,-0.015194079926267423,0.0017728173671565095,-0.009508732291280797
2026-02-05,-0.000860788044507621,-0.015344306060935953,-0.02465471543515152,-0.013156117790957267,-0.0035650683143579887,-0.005386975453445464,-0.02371242586518041,0.0018775456349113817,-0.004332622261595143,-0.005814676790843909,-0.013333333333333308
2026-02-06,0.0060305419210158195,0.021854837499475366,-0.01502782588306495,0.009964958826852666,0.004770380783510442,0.019954301930010576,0.009591626739422932,0.007391973575368471,0.019104175324164308,0.004958669829397522,-0.007567534575591228
2026-02-09,0.013487506512424474,-0.0011158893952055715,0.0029985357537287705,0.002133382161458419,-0.004747732292616491,0.010480715841080013,0.016242683479859465,-0.011058285150900904,0.015934247679458613,0.0006325331703465054,0.006717482200157665
2026-02-10,0.012674206816822853,0.0027928044765554993,0.01002373477534002,-0.004922867596513503,0.0019876460224901304,0.0023510690648562704,0.012515106074698412,-0.0011495517561400659,0.0018452106565314264,0.009988632597127456,0.0036068667301647483
2026-02-11,0.008448153964519589,0.03063493673382034,-0.008879640011075773,-0.009894342221032137,0.0,0.008692014683215454,0.015040984561128123,0.01339190996835704,-0.003990657992904878,0.0162744503812835,-0.005211157368836483
2026-02-12,-0.000206930362566915,-0.00774628901964336,-0.00825643236372453,-0.013774533834225444,0.0007935115185166985,-0.00916424789155934,-0.013350991977942761,0.01848029015329211,-0.021779280839794635,0.014781928353425622,-0.008128626408564599
2026-02-13,0.004655107761232236,-0.004720445308407317,0.001062750095612408,-0.007394234212700357,0.01308225644065697,0.004831563532927685,0.008921910395852661,-0.0005068732993855907,-0.003885767085052172,0.012381698306242805,-0.010016376590583187
2026-02-16,0.002574108711692835,0.010032820870527592,-0.003981216961002176,0.004966210800945392,0.0007826436127891245,-0.0032971268134486253,-0.0017685352967733436,-0.00010144154548941131,-0.005166029221426061,0.004316554001978723,-0.0029433378516490194
2026-02-17,0.0018486566136524107,-0.020588755854065388,-0.0003553110221775624,0.00947155052654347,0.000390941201757089,0.003859390317283884,-0.011368732235299883,-0.012881597426110392,0.007206446595774851,0.0020295864924742,0.0022140024021330973
2026-02-18,-0.005945711900445905,0.018808786029386848,0.016172024880205083,0.00747886069507997,-0.0023451033062102944,0.007277203981489899,0.02135603830238675,-0.0008220492324861883,0.022411587046502035,-0.008340247178564852,0.0029455053076399285
2026-02-19,-0.006290575954826516,0.022262435153598714,-0.0048094005668274376,-0.0064785497538698555,0.0007835634892292553,0.003816777221473444,-0.006433724891549697,0.0031880419045524633,-0.007306772644352755,-0.0030037244973770694,0.006791463564494338
2026-02-20,0.009132368004636904,-0.014518408312149789,0.0025481145922883197,0.006249138441223767,-0.0019573003292705504,0.0031233481645835948,0.0029434081916011046,-0.0042030102438012085,0.0035248182719491705,0.004820364910854691,0.010027403228047627
2026-02-23,0.005141943537509075,0.007545849529176918,-0.016914989754478582,-0.014445790458117003,0.003922277734041524,-0.007987057605902903,0.009977993983133926,0.010191454292669322,-0.012500068964049649,0.0065963428864861395,-0.005234673421297242
2026-02-24,-0.0036833168537225847,-0.004457917115501253,0.01515560849948705,-0.009041146056292804,-0.0011720562649604194,0.0035480641452183548,0.016126697382285338,0.00968108228091924,0.011612100145165227,0.007982820999751672,-0.0025403626945731395
2026-02-25,0.004929245109886127,-0.0008956304875132881,0.0007025046081554631,0.01645013134708906,-0.00019562167067321834,0.002447651658075811,0.008721769932201529,-0.0064594204463149785,0.014994877180945831,0.008865248386847435,0.0054575082844925404
2026-02-26,0.004700531955629028,0.013445679749250372,0.003334838902936621,0.012239923035770595,-0.008607172063819224,0.0032555325528418333,-0.00779593235955367,-0.002742830818412978,-0.014365803771664742,0.004217933412860253,0.001447403938752645
2026-02-27,0.005695648302356027,-0.003714825561778823,-0.00419840242496361,-0.01518201328476132,0.01104975078766568,0.0013520615921978063,0.010285731724330338,0.00906590003309149,-0.016125672865845653,0.004666917864328601,0.00794945715512485
2026-03-02,-0.013046074311278799,0.04225854192136924,-0.007290310427569779,-0.005184241023075797,0.0021466977371416007,0.006481276974845018,-0.0012726805109105621,-0.002826557502500049,0.0056734704118086565,0.0027871079092836037,0.008962179455007657
2026-03-03,-0.019776550428718842,0.004769996178154212,-0.01566091572853534,-0.015222170025016246,-0.012658183651343635,-0.022135786230386256,-0.03185615301565248,-0.016096338910097985,-0.004596765940189762,-0.021077008998091284,0.0012435546932973995
2026-03-04,0.006899416164307448,-0.021702251428134534,0.027595502874824485,0.014064923695427778,0.004930966395226166,0.010152255041377067,0.006288393133187631,-0.0018520454846607803,0.01574307324955515,0.008044484975697541,0.013307310004930128
2026-03-05,-0.008098013123480019,0.014558061377486498,0.00026241059636955555,-0.00727820353636377,-0.016683067244164684,-0.016840933179743778,-0.023543019541717447,-0.014431517318316267,0.00681962875009412,-0.005398416728260247,-0.005603216449033166
2026-03-06,-0.009001489118748873,0.0,0.0,0.0,0.0,0.0,0.0,0.0,0.0,0.0,0.0
2026-03-09,-0.010773108268118503,0.009053617543697268,-0.02789676304834976,-0.02503800713336246,-0.00608783062804541,-0.021135499270575453,-0.03110587723386027,-0.004183678729478002,-0.013752092915750302,-0.003303820404682911,-0.010389155539290984
2026-03-10,0.021247089434182298,-0.010834592736666537,0.017722143994316042,0.01716797711181739,0.003614827026704015,0.018204923855714705,0.02411673934905445,0.003676068453803527,0.015608741142737248,0.00805019883211644,0.009074703106935145
2026-03-11,-0.017982273917714897,0.018654803130153885,-0.004684865130064941,-0.0094852877949273,-0.004302154260179214,-0.009702072942931794,-0.00839954363242501,-0.007953061178867626,0.0014344199983318262,-0.007281300475298291,0.0
2026-03-12,-0.0059618453029867124,0.023689513383197358,-0.008259327866594224,-0.012956002966664326,-0.007335166319963116,-0.004478652323190779,0.006504315552955164,0.0037974746704914075,-0.008184933904728742,0.016088969951395082,-0.008993093453828704
2026-03-13,-0.0029988833629643885,0.0029542147427248366,-0.004477478357647557,0.005564374938226813,0.0028342825863145737,-0.009559965294995254,-0.014878236401384082,0.012400090693261534,-0.0068083726582151005,0.010478536875940136,0.0016014261808914299
2026-03-16,0.008916120871027111,0.0013090822379058231,0.002428751254008432,0.0017025413091966701,0.0001009602933408349,0.0031227995774756323,-0.0056445877857531634,-0.0011417166819401858,0.007997551747232823,-0.003111006678335304,0.0005329326489422748
2026-03-17,0.008304947293669596,0.014708310934428814,0.003948266352946872,0.007082153127570878,-0.0048446038359190036,0.0005660240068454669,0.004142323439740192,0.0005195408980485094,-0.002988159777518873,0.0082062730168182,0.005149164010986196
2026-03-18,-0.007391752921235062,0.0027379315272593185,-0.00911688119509002,-0.004641376063809655,-0.014604410084140818,0.0033941149324980824,-0.014056504382618185,-0.023265453803175573,-0.002997115637916603,-0.010546896284931995,-0.007949138987593751
2026-03-19,-0.018085068715738117,0.019113435166840942,-0.027241604328287816,-0.015543288488044094,-0.009468976571257892,-0.025369915430389245,-0.04261583840107375,-0.017545741278342186,-0.013786688237019118,-0.017379214951103283,-0.016203701030708673
2026-03-20,-0.017768178238745103,-0.0036248942390977312,-0.007511105212353875,-0.003301216213345337,-0.009039849714242543,-0.014461315660647678,-0.01181611454613618,-0.009633070630241325,-0.011667023517685005,-0.021459730541400046,-0.008506809424491002
2026-03-23,-0.0006618269475991978,-0.014710539184096483,0.015135969027922691,0.009648590803415624,-0.0056621673479683166,0.012472464491410484,0.013431608600683376,-0.0029507829843322675,0.0019142859461083184,-0.009639660717626453,0.0009127976062808241
2026-03-24,-0.002759438552457527,0.02969976636587157,-0.004049723287868012,-0.00042788160085172056,-0.00010547438613661697,-0.00028980642125231437,0.015354788739940783,0.008549805443338165,-0.002653646135542753,0.012775220722396563,-0.010942955841349744
2026-03-25,0.0016602444740827504,-0.006859972418085114,0.01099715785486044,0.011272843819722489,0.014448457614336219,0.010437714645837648,0.01894305073523106,0.00010862413437551233,0.00819502213669332,0.00925041196806764,0.0011064240051170682
2026-03-26,-0.009281703931302454,0.019466274154084973,-0.008957983028014538,-0.011711609974429105,0.0018712995176959346,-0.014490596141430778,-0.009842228512575657,0.002825496041246156,-0.016151233552969324,-0.007380106306587586,-0.019340563996200655
2026-03-27,-0.00881107309366247,0.012934960060226874,-0.026194395737446974,-0.012421512495856657,-0.008508868646403545,-0.014558159331163445,0.0029977693831968466,0.0024924508016486158,-0.023068604794894476,0.009473569028775053,-0.01840727509462048
2026-03-30,0.006413821437066147,0.015050135027991463,0.009187357490818115,0.011276547635461265,0.0049188234044745816,-0.0010341216176614765,0.019034121288051153,0.014593000139953238,-0.0042833539437306944,0.016987411499069127,0.008802198889095392
2026-03-31,0.0010062818491556325,-0.010633504869980936,0.0017831516336928033,-0.00028587053522255435,0.003853392621512297,0.0007393584787425134,0.0021611514709256596,-0.015022412667168306,0.0009926796189645426,-0.014367519544029372,0.00834595251367709
2026-04-01,0.01653076758896721,-0.054950005866988394,0.023046647308465396,0.023023031650586168,0.013279373248282544,0.035761759042811425,0.029112745578488308,-0.0022714882791204927,0.03206615605630159,0.008414305612505668,0.020880372715155193
2026-04-02,0.006702613259045975,0.012173607525518326,-0.01007324638152196,-0.0025160791567269136,0.0007166959776443438,-0.003281434435098207,-0.006735473202906905,0.007480512330727995,0.001387969766549979,0.013162566632798134,0.001842610526582078
2026-04-07,-0.0019646767595803416,0.01677482823750176,-0.017113769659894862,-0.0004203864775825794,-0.016779204271461845,-0.009876931511277554,-0.007233323576231521,-0.005380393827160601,-0.0065038981170387755,-0.0016239344755271112,0.0005518225967178214
2026-04-08,0.028433940535133262,-0.055408581685463254,0.036235279756433814,0.027197459164610693,0.01768995426253328,0.0429377085343996,0.03233158730439967,0.006166825629581929,0.03766905049082192,-0.004531188463242075,0.021507318678818832
2026-04-09,0.004678874313991166,0.015159037806234066,0.0039055432437344884,0.0006824492158967743,-0.0028630511242747625,0.00041584113599513195,-0.00044109363850308725,0.003870974304855501,-0.006515718966852657,0.02007471072101774,0.003419086337095756
2026-04-10,0.003175258933014069,-0.02012662986824343,0.01203294893461826,-0.003546128441252905,-0.006767802045056448,0.0027712980838452417,0.008531835437177948,-0.008247689239791689,0.016448072779628564,-0.006292940985761386,-0.0001793099324636227
2026-04-13,-0.007385513710781111,0.010435664721910376,-0.0016985735774139865,0.0028743374143180844,-0.00753668544635111,-0.006218109168967367,-0.0040839963428758175,-0.011016272636453217,0.004608735672420483,-0.016004598895446365,0.0012555999071608426
2026-04-14,0.020939646753554975,-0.030163936927670387,0.020327790003422885,0.012692784874909435,0.012171079078005853,0.012096812690933767,0.0074692757080878636,-0.006443118268613213,0.013762933570363955,-0.003861477119002754,0.020601962238733895
2026-04-15,-0.001249374892414279,-0.0042258282732388075,0.009654190368187487,0.004717063583705716,-0.008530337153362377,-0.011540101067727404,-0.009739761012186321,-0.005275921512669535,0.019609783792907676,-0.00646065358989778,0.008249910407849281
2026-04-16,0.009381873116672379,0.011712758928810185,0.001912388899098394,-0.001207296627777077,-0.0036280550398291034,0.0013899389542373353,0.004403925576446532,0.004861905429903279,0.014794358507049576,-0.001182294537198536,0.012883037885775606
2026-04-17,0.011360030800189769,-0.04832210280455784,0.028891151656619707,0.013430029711194669,0.011548070938762311,0.016932595969943343,0.010815631583865448,0.00593799099439507,0.018271914321802418,-0.011245318890707012,-0.0024063146942950864
2026-04-20,0.0017359695288172716,0.025740462853511836,-0.01703344890332037,-0.00503574420922781,-0.0032911620258768703,-0.005322770677175126,-0.0060729580118566995,0.00590285599384921,-0.004867753394833141,0.009816828765804475,-0.0022398529645862864
2026-04-21,-0.01304794309098778,0.0006875372175580985,0.003688773323337946,-0.0009323347511596136,-0.014240066357071757,-0.007958208335867578,-0.011347087627827657,-0.007281006231114606,0.008536345400084855,-0.015411919927445172,-0.00276290533299417
2026-04-22,-0.0049576759267587756,0.019237356722804355,-0.0037607046274038547,-0.004132851341948518,0.0004187262225319177,-0.0017981310833339315,0.004855824536496911,0.005473453840742604,0.015596760493101991,0.00854905548925955,0.0005194593817641202
2026-04-23,0.004354623133892455,0.005224155249306861,-0.0023163748174469534,-0.006559543290330261,-0.001988097122663679,0.013440504992565216,-0.003807323660049211,0.013391435790607531,0.0031837843896973528,0.012416438502900862,0.00830736504633367
2026-04-24,0.0,-0.0026823108687212827,-0.00111787129069163,-0.0074113384873812915,-0.015936220243620736,-0.009433995722782362,-0.003086860035878214,0.0035453569463144152,0.00802763588537414,0.0018867456009075134,-0.006179141881664685
2026-04-27,-0.005622666705327295,0.005379050021779408,-0.006800971854523441,0.0024435605054664578,0.0012785291476846705,-0.0019323588067016173,-0.004276038290066175,-0.00984911425191426,-0.003426198023026683,0.00047082057389813414,0.006735740576347293
2026-04-28,0.0003141233434227342,0.018224379327211437,-0.002773681955500318,0.006906854841876031,0.0011703870720165543,-0.00815926369534925,-0.015844805481504798,0.010379490827609805,-0.011707880543335936,0.005764680750229845,-0.008920920391084719
2026-04-29,-0.004710530241728739,0.010673196960519382,-0.0004346201688957274,-0.005379980283632846,-0.01115947989404309,-0.003764699775032909,-0.0064700618582500535,-0.010272863732722848,0.009684080231159964,-0.01052756519321807,0.003462017679672247
2026-04-30,0.013251940287872355,0.015109672082917136,-0.000347834048063822,0.007031836293717397,0.01827167811171493,0.020293976760938026,0.00938971313106296,0.013623117800114493,-0.007263234786572315,0.014304371276171679,0.009487652673433544
2026-05-01,0.0042557990211187224,0.0,0.0,0.0,0.0,0.0,0.0,0.0,0.0,0.0,0.0
2026-05-04,0.0,-0.0019205975154280575,0.01426582639795737,-0.006714112955607088,-0.0039053739236888374,-0.009327850355865697,-0.012903234668608987,-0.00010668945312497513,0.01453900237204686,-0.00547786951032625,0.006151753375521318
2026-05-05,-0.006304915869266847,-0.00032072574675945376,0.00411666692294288,-0.00027043763864831316,0.0015894234621054437,0.010246439369449911,0.010335921807462567,-0.0032002926093432915,0.016179733179993105,0.00023434481000017549,-0.0006793633628007223
2026-05-06,0.018514653532320846,-0.03962145034740727,0.006405876223697371,0.014334080212744071,0.004655125444701591,0.02371166911516287,0.0281329183518213,0.0034246541787590346,0.018105702824715353,-0.010544833532150522,0.008497620644176918
2026-05-07,-0.006740155688893301,-0.02639048011600964,0.004752588898340848,-0.006932465773251462,-0.01305810736862456,-0.009238216881135464,-0.0011705327179802882,-0.006612657129435484,0.015907048749103092,-0.013499105160976188,0.006066744344891406
2026-05-08,-0.000616956474093322,0.00720532102159277,0.0025340235940911615,-0.007652029952620709,-0.005975219284035216,-0.009459418219489035,-0.004101945070820068,0.0047240975337086155,0.008092876200523902,-0.0061216483229068475,-0.006197636970793008
2026-05-11,0.003497983312347186,0.010730728631229924,-0.009436369732445993,-0.00013520707634617768,0.00021464837140761084,0.0034106410585477143,0.01912320326813699,-0.013891889573851235,0.012827235953542182,0.004589338640246687,-0.010787176548016086
2026-05-12,-0.00861189214066771,0.014998304471855128,-0.01020665944847332,-0.0020295158766959753,0.014488071149384885,-0.009517396989693117,-0.014001172600958456,0.01863893848564957,-0.01826486389382287,0.00048089583289967486,0.0005112045441502122
2026-05-13,-0.0021716555439506013,-0.0013282088156305605,0.01048374634797744,-0.0001356037952926492,0.0047604420125653135,0.008922464509176553,0.024447458029952074,0.0013829495044463957,0.020535357875858695,-0.0073299759841845,0.009025864582407506
2026-05-14,0.0017619007369018558,0.012136317933795215,0.008249011403281825,0.010576254634533822,0.006632946211324597,0.0040816741735756334,-0.002858024693376926,0.010623605961740168,0.02803338301285696,0.004599894088008982,0.008776379033986093
2026-05-15,-0.01955314450069534,0.01888958099548943,-0.014423069498019858,-0.0036226572855038164,-0.004915816522359062,-0.01355013494103352,-0.03697337168512749,0.0011563188639491795,-0.008950227248099463,-0.015182486314847865,-0.0028442694050623274
2026-05-18,-0.0007386271742507722,0.01966792269404838,-0.004107794041994461,0.004713149260068938,-0.004519658481546784,-0.009615447091932738,-0.004166648690661856,0.0047249536720948004,-0.02143822454051858,-0.0037930401964431093,0.005536943615828793
2026-05-19,0.0030623117726797933,0.0074308493391799235,-0.013491446745457214,0.004288965181697302,0.019533296293996028,-0.004715621984550555,-0.01643751500626245,0.016093644855640354,-0.0031050595374404466,0.012036396204530675,-0.007675606242787403
2026-05-20,0.008527268198805116,-0.007062158730675727,0.021167249482390682,0.0056052070897469886,-0.0039353486228848045,0.01295987008766053,0.010635019013791158,-0.00596525569299311,0.018861397046543882,0.0054611279115190925,-0.005044611494868678
2026-05-21,0.0003131396486559801,0.0004741390719114058,0.005203386193718407,0.0018579879559854628,0.008005787488284843,-0.005365241113629127,0.007215925754013419,-0.016761538758468197,0.0007642351924086466,0.009173230539863741,0.010985322731006164
2026-05-22,0.0012521664916489428,-0.014217973491770786,0.013492905776456565,0.006093510365476229,0.008664301121469986,0.012863074217438264,0.00746268656716409,0.001368040455461239,0.021383150658371042,0.002870444468574984,0.0023403442053269163
2026-05-25,0.0,-0.016025640633762994,0.00636357811511723,0.00579331743365441,0.005010715402209653,0.013245849335561388,0.016740700050636548,0.003047428278402764,0.008972286923793593,0.004293388394785325,0.007004702969572563
2026-05-26,0.007816571379408943,0.0034201804438742656,-0.013229086737562068,-0.005367142767256028,-0.009971466623028724,-0.004716960761672717,-0.004662679697372107,-0.01445780301246391,0.0007410783824350897,0.002018740895303628,-0.008115297611770877
2026-05-27,0.002378524965793938,-0.02629441512475128,0.0217538099852308,-0.006580678835339526,0.002363779242809727,-0.00013543854349540307,0.006148526033536772,0.010205156666174275,-0.00896827348259388,-0.010547516219697295,0.0070128900972266095
2026-05-28,-0.004023515819875811,0.0015002525432532554,-0.002640697260425373,-0.008081618749630426,0.0020506980430639032,-0.0018959831607764377,-0.0007275287256736096,-0.01052299287430758,0.016189328576526663,-0.0067073610363183045,-0.0016581377307454126
2026-05-29,-0.006629370039145099,-0.01830895897625917,8.27580355780011e-05,0.006143970450083414,-0.005730125537221187,-0.0020351954232740166,0.00786256425637566,-0.02009996186519758,0.01519608322846544,-0.009284898591979784,-0.008968625207413483
